locality,sites,month,year,observer,transect_id,transect_site,area_uvc,temperature_c,depth_m,complexity,visibility_m,corriente,wave_exposure,code,genus_species,abund,size_cm
malpelo,arrecife,4,2015,jp_quimbayo,4950,4950,40,21,22.4,3,4,suave,protected,par_col,paranthias_colonus,50,10
malpelo,arrecife,4,2015,jp_quimbayo,4950,4950,40,21,22.4,3,4,suave,protected,par_col,paranthias_colonus,22,12
malpelo,arrecife,4,2015,jp_quimbayo,4950,4950,40,21,22.4,3,4,suave,protected,par_col,paranthias_colonus,15,8
malpelo,arrecife,4,2015,jp_quimbayo,4950,4950,40,21,22.4,3,4,suave,protected,bod_dip,bodianus_diplotaenia,15,5
malpelo,arrecife,4,2015,jp_quimbayo,4950,4950,40,21,22.4,3,4,suave,protected,bod_dip,bodianus_diplotaenia,2,12
malpelo,arrecife,4,2015,jp_quimbayo,4950,4950,40,21,22.4,3,4,suave,protected,hol_pas,holacanthus_passer,4,15
malpelo,arrecife,4,2015,jp_quimbayo,4950,4950,40,21,22.4,3,4,suave,protected,ser_riv,seriola_rivoliana,1,130
malpelo,arrecife,4,2015,jp_quimbayo,4950,4950,40,21,22.4,3,4,suave,protected,hal_mal,halichoeres_malpelo,3,12
malpelo,arrecife,4,2015,jp_quimbayo,4950,4950,40,21,22.4,3,4,suave,protected,der_der,dermatolepis_dermatolepis,3,40
malpelo,arrecife,4,2015,jp_quimbayo,4950,4950,40,21,22.4,3,4,suave,protected,der_der,dermatolepis_dermatolepis,1,20
malpelo,arrecife,4,2015,jp_quimbayo,4950,4950,40,21,22.4,3,4,suave,protected,der_der,dermatolepis_dermatolepis,2,30
malpelo,arrecife,4,2015,jp_quimbayo,4950,4950,40,21,22.4,3,4,suave,protected,epi_lab,epinephelus_labriformis,1,45
malpelo,arrecife,4,2015,jp_quimbayo,4950,4950,40,21,22.4,3,4,suave,protected,cir_oxy,cirrhitichthys_oxycephalus,30,5
malpelo,arrecife,4,2015,jp_quimbayo,4950,4950,40,21,22.4,3,4,suave,protected,cir_oxy,cirrhitichthys_oxycephalus,40,7
malpelo,arrecife,4,2015,jp_quimbayo,4950,4950,40,21,22.4,3,4,suave,protected,ser_tic,serranus_tico,1,7
malpelo,arrecife,4,2015,jp_quimbayo,4950,4950,40,21,22.4,3,4,suave,protected,apo_atr,apogon_atradorsatus,100,5
malpelo,arrecife,4,2015,jp_quimbayo,4950,4950,40,21,22.4,3,4,suave,protected,apo_atr,apogon_atradorsatus,30,7
malpelo,arrecife,4,2015,jp_quimbayo,4950,4950,40,21,22.4,3,4,suave,protected,can_pun,canthigaster_punctatissima,1,7
malpelo,arrecife,4,2015,jp_quimbayo,4950,4950,40,21,22.4,3,4,suave,protected,pri_lat,prionurus_laticlavius,1,20
malpelo,arrecife,4,2015,jp_quimbayo,4950,4950,40,21,22.4,3,4,suave,protected,pri_lat,prionurus_laticlavius,1,25
malpelo,arrecife,4,2015,jp_quimbayo,4950,4950,40,21,22.4,3,4,suave,protected,ste_bee,stegastes_beebei,1,10
malpelo,arrecife,4,2015,jp_quimbayo,4950,4950,40,21,22.4,3,4,suave,protected,fis_com,fistularia_commersonii,1,100
malpelo,arrecife,4,2015,jp_quimbayo,4950,4950,40,21,22.4,3,4,suave,protected,can_pun,canthigaster_punctatissima,1,5
malpelo,arrecife,4,2015,jp_quimbayo,4950,4950,40,21,22.4,3,4,suave,protected,suf_ver,sufflamen_verres,1,15
malpelo,arrecife,4,2015,jp_quimbayo,4950,4950,40,21,22.4,3,4,suave,protected,tha_luc,thalassoma_lucasanum,20,8
malpelo,arrecife,4,2015,jp_quimbayo,4951,4951,40,21,24.2,3,4,suave,protected,hal_mal,halichoeres_malpelo,1,15
malpelo,arrecife,4,2015,jp_quimbayo,4951,4951,40,21,24.2,3,4,suave,protected,bod_dip,bodianus_diplotaenia,2,12
malpelo,arrecife,4,2015,jp_quimbayo,4951,4951,40,21,24.2,3,4,suave,protected,bod_dip,bodianus_diplotaenia,1,15
malpelo,arrecife,4,2015,jp_quimbayo,4951,4951,40,21,24.2,3,4,suave,protected,bod_dip,bodianus_diplotaenia,1,35
malpelo,arrecife,4,2015,jp_quimbayo,4951,4951,40,21,24.2,3,4,suave,protected,can_mcu,canthidermis_maculata,1,45
malpelo,arrecife,4,2015,jp_quimbayo,4951,4951,40,21,24.2,3,4,suave,protected,par_col,paranthias_colonus,40,10
malpelo,arrecife,4,2015,jp_quimbayo,4951,4951,40,21,24.2,3,4,suave,protected,par_col,paranthias_colonus,90,12
malpelo,arrecife,4,2015,jp_quimbayo,4951,4951,40,21,24.2,3,4,suave,protected,par_col,paranthias_colonus,7,15
malpelo,arrecife,4,2015,jp_quimbayo,4951,4951,40,21,24.2,3,4,suave,protected,par_col,paranthias_colonus,30,8
malpelo,arrecife,4,2015,jp_quimbayo,4951,4951,40,21,24.2,3,4,suave,protected,par_col,paranthias_colonus,3,25
malpelo,arrecife,4,2015,jp_quimbayo,4951,4951,40,21,24.2,3,4,suave,protected,mul_den,mulloidichthys_dentatus,4,38
malpelo,arrecife,4,2015,jp_quimbayo,4951,4951,40,21,24.2,3,4,suave,protected,hal_mal,halichoeres_malpelo,1,12
malpelo,arrecife,4,2015,jp_quimbayo,4951,4951,40,21,24.2,3,4,suave,protected,ela_bip,elagatis_bipinnulata,4,45
malpelo,arrecife,4,2015,jp_quimbayo,4951,4951,40,21,24.2,3,4,suave,protected,cir_oxy,cirrhitichthys_oxycephalus,48,5
malpelo,arrecife,4,2015,jp_quimbayo,4951,4951,40,21,24.2,3,4,suave,protected,cir_oxy,cirrhitichthys_oxycephalus,63,7
malpelo,arrecife,4,2015,jp_quimbayo,4951,4951,40,21,24.2,3,4,suave,protected,cir_oxy,cirrhitichthys_oxycephalus,23,3
malpelo,arrecife,4,2015,jp_quimbayo,4951,4951,40,21,24.2,3,4,suave,protected,apo_atr,apogon_atradorsatus,31,5
malpelo,arrecife,4,2015,jp_quimbayo,4951,4951,40,21,24.2,3,4,suave,protected,apo_atr,apogon_atradorsatus,50,7
malpelo,arrecife,4,2015,jp_quimbayo,4951,4951,40,21,24.2,3,4,suave,protected,apo_atr,apogon_atradorsatus,29,8
malpelo,arrecife,4,2015,jp_quimbayo,4951,4951,40,21,24.2,3,4,suave,protected,ser_tic,serranus_tico,3,8
malpelo,arrecife,4,2015,jp_quimbayo,4951,4951,40,21,24.2,3,4,suave,protected,gym_dov,gymnothorax_dovii,1,60
malpelo,arrecife,4,2015,jp_quimbayo,4951,4951,40,21,24.2,3,4,suave,protected,gym_dov,gymnothorax_dovii,1,120
malpelo,arrecife,4,2015,jp_quimbayo,4951,4951,40,21,24.2,3,4,suave,protected,tha_luc,thalassoma_lucasanum,70,7
malpelo,arrecife,4,2015,jp_quimbayo,4951,4951,40,21,24.2,3,4,suave,protected,tha_luc,thalassoma_lucasanum,40,5
malpelo,arrecife,4,2015,jp_quimbayo,4952,4952,40,21,23.8,3,4,suave,protected,par_col,paranthias_colonus,40,20
malpelo,arrecife,4,2015,jp_quimbayo,4952,4952,40,21,23.8,3,4,suave,protected,aul_chi,aulostomus_chinensis,1,65
malpelo,arrecife,4,2015,jp_quimbayo,4952,4952,40,21,23.8,3,4,suave,protected,aul_chi,aulostomus_chinensis,1,80
malpelo,arrecife,4,2015,jp_quimbayo,4952,4952,40,21,23.8,3,4,suave,protected,der_der,dermatolepis_dermatolepis,1,45
malpelo,arrecife,4,2015,jp_quimbayo,4952,4952,40,21,23.8,3,4,suave,protected,lut_vir,lutjanus_viridis,20,30
malpelo,arrecife,4,2015,jp_quimbayo,4952,4952,40,21,23.8,3,4,suave,protected,hol_pas,holacanthus_passer,1,20
malpelo,arrecife,4,2015,jp_quimbayo,4952,4952,40,21,23.8,3,4,suave,protected,par_col,paranthias_colonus,10,15
malpelo,arrecife,4,2015,jp_quimbayo,4952,4952,40,21,23.8,3,4,suave,protected,par_col,paranthias_colonus,22,12
malpelo,arrecife,4,2015,jp_quimbayo,4952,4952,40,21,23.8,3,4,suave,protected,par_col,paranthias_colonus,8,30
malpelo,arrecife,4,2015,jp_quimbayo,4952,4952,40,21,23.8,3,4,suave,protected,can_dum,cantherhines_dumerilii,1,35
malpelo,arrecife,4,2015,jp_quimbayo,4952,4952,40,21,23.8,3,4,suave,protected,hal_chi,halichoeres_chierchiae,1,12
malpelo,arrecife,4,2015,jp_quimbayo,4952,4952,40,21,23.8,3,4,suave,protected,hal_mal,halichoeres_malpelo,2,15
malpelo,arrecife,4,2015,jp_quimbayo,4952,4952,40,21,23.8,3,4,suave,protected,bod_dip,bodianus_diplotaenia,1,20
malpelo,arrecife,4,2015,jp_quimbayo,4952,4952,40,21,23.8,3,4,suave,protected,aca_xan,acanthurus_xanthopterus,2,45
malpelo,arrecife,4,2015,jp_quimbayo,4952,4952,40,21,23.8,3,4,suave,protected,ser_riv,seriola_rivoliana,1,120
malpelo,arrecife,4,2015,jp_quimbayo,4952,4952,40,21,23.8,3,4,suave,protected,ser_riv,seriola_rivoliana,2,100
malpelo,arrecife,4,2015,jp_quimbayo,4952,4952,40,21,23.8,3,4,suave,protected,myc_olf,mycteroperca_olfax,1,45
malpelo,arrecife,4,2015,jp_quimbayo,4952,4952,40,21,23.8,3,4,suave,protected,der_der,dermatolepis_dermatolepis,5,45
malpelo,arrecife,4,2015,jp_quimbayo,4952,4952,40,21,23.8,3,4,suave,protected,gym_dov,gymnothorax_dovii,1,120
malpelo,arrecife,4,2015,jp_quimbayo,4952,4952,40,21,23.8,3,4,suave,protected,tha_luc,thalassoma_lucasanum,20,12
malpelo,arrecife,4,2015,jp_quimbayo,4952,4952,40,21,23.8,3,4,suave,protected,bod_dip,bodianus_diplotaenia,10,20
malpelo,arrecife,4,2015,jp_quimbayo,4952,4952,40,21,23.8,3,4,suave,protected,bod_dip,bodianus_diplotaenia,15,21
malpelo,arrecife,4,2015,jp_quimbayo,4952,4952,40,21,23.8,3,4,suave,protected,apo_atr,apogon_atradorsatus,100,7
malpelo,arrecife,4,2015,jp_quimbayo,4952,4952,40,21,23.8,3,4,suave,protected,apo_atr,apogon_atradorsatus,40,5
malpelo,arrecife,4,2015,jp_quimbayo,4952,4952,40,21,23.8,3,4,suave,protected,apo_atr,apogon_atradorsatus,20,8
malpelo,arrecife,4,2015,jp_quimbayo,4952,4952,40,21,23.8,3,4,suave,protected,par_col,paranthias_colonus,10,10
malpelo,arrecife,4,2015,jp_quimbayo,4952,4952,40,21,23.8,3,4,suave,protected,cir_oxy,cirrhitichthys_oxycephalus,7,10
malpelo,arrecife,4,2015,jp_quimbayo,4952,4952,40,21,23.8,3,4,suave,protected,cir_oxy,cirrhitichthys_oxycephalus,50,5
malpelo,arrecife,4,2015,jp_quimbayo,4952,4952,40,21,23.8,3,4,suave,protected,cir_oxy,cirrhitichthys_oxycephalus,30,10
malpelo,arrecife,4,2015,jp_quimbayo,4952,4952,40,21,23.8,3,4,suave,protected,cir_oxy,cirrhitichthys_oxycephalus,25,3
malpelo,arrecife,4,2015,jp_quimbayo,4952,4952,40,21,23.8,3,4,suave,protected,can_pun,canthigaster_punctatissima,1,7
malpelo,arrecife,4,2015,jp_quimbayo,4952,4952,40,21,23.8,3,4,suave,protected,ste_arc,stegastes_arcifrons,2,10
malpelo,arrecife,4,2015,jp_quimbayo,4952,4952,40,21,23.8,3,4,suave,protected,ste_bee,stegastes_beebei,3,12
malpelo,arrecife,4,2015,jp_quimbayo,4952,4952,40,21,23.8,3,4,suave,protected,ser_tic,serranus_tico,1,5
malpelo,arrecife,4,2015,jp_quimbayo,4952,4952,40,21,23.8,3,4,suave,protected,lep_bim,lepidonectes_bimaculata,1,3
malpelo,arrecife,4,2015,jp_quimbayo,4952,4952,40,21,23.8,3,4,suave,protected,lab_den,labrisomus_dendriticus,1,4
malpelo,arrecife,4,2015,jp_quimbayo,4952,4952,40,21,23.8,3,4,suave,protected,lab_den,labrisomus_dendriticus,1,7
malpelo,arrecife,4,2015,jp_quimbayo,4952,4952,40,21,23.8,3,4,suave,protected,epi_lab,epinephelus_labriformis,1,35
malpelo,arrecife,4,2015,jp_quimbayo,4954,4954,40,21,17,3,4,suave,protected,fis_com,fistularia_commersonii,1,110
malpelo,arrecife,4,2015,jp_quimbayo,4954,4954,40,21,17,3,4,suave,protected,der_der,dermatolepis_dermatolepis,1,45
malpelo,arrecife,4,2015,jp_quimbayo,4954,4954,40,21,17,3,4,suave,protected,lut_vir,lutjanus_viridis,35,20
malpelo,arrecife,4,2015,jp_quimbayo,4954,4954,40,21,17,3,4,suave,protected,hol_pas,holacanthus_passer,1,20
malpelo,arrecife,4,2015,jp_quimbayo,4954,4954,40,21,17,3,4,suave,protected,par_col,paranthias_colonus,10,15
malpelo,arrecife,4,2015,jp_quimbayo,4954,4954,40,21,17,3,4,suave,protected,par_col,paranthias_colonus,10,20
malpelo,arrecife,4,2015,jp_quimbayo,4954,4954,40,21,17,3,4,suave,protected,par_col,paranthias_colonus,12,15
malpelo,arrecife,4,2015,jp_quimbayo,4954,4954,40,21,17,3,4,suave,protected,can_dum,cantherhines_dumerilii,1,35
malpelo,arrecife,4,2015,jp_quimbayo,4954,4954,40,21,17,3,4,suave,protected,hol_pas,holacanthus_passer,1,30
malpelo,arrecife,4,2015,jp_quimbayo,4954,4954,40,21,17,3,4,suave,protected,bod_dip,bodianus_diplotaenia,1,25
malpelo,arrecife,4,2015,jp_quimbayo,4954,4954,40,21,17,3,4,suave,protected,aca_xan,acanthurus_xanthopterus,1,45
malpelo,arrecife,4,2015,jp_quimbayo,4954,4954,40,21,17,3,4,suave,protected,aca_xan,acanthurus_xanthopterus,2,30
malpelo,arrecife,4,2015,jp_quimbayo,4954,4954,40,21,17,3,4,suave,protected,hal_dis,halichoeres_discolor,1,12
malpelo,arrecife,4,2015,jp_quimbayo,4954,4954,40,21,17,3,4,suave,protected,ser_riv,seriola_rivoliana,1,130
malpelo,arrecife,4,2015,jp_quimbayo,4954,4954,40,21,17,3,4,suave,protected,ser_riv,seriola_rivoliana,2,110
malpelo,arrecife,4,2015,jp_quimbayo,4954,4954,40,21,17,3,4,suave,protected,ser_riv,seriola_rivoliana,1,100
malpelo,arrecife,4,2015,jp_quimbayo,4954,4954,40,21,17,3,4,suave,protected,myc_olf,mycteroperca_olfax,1,45
malpelo,arrecife,4,2015,jp_quimbayo,4954,4954,40,21,17,3,4,suave,protected,der_der,dermatolepis_dermatolepis,10,45
malpelo,arrecife,4,2015,jp_quimbayo,4954,4954,40,21,17,3,4,suave,protected,gym_dov,gymnothorax_dovii,1,120
malpelo,arrecife,4,2015,jp_quimbayo,4954,4954,40,21,17,3,4,suave,protected,tha_luc,thalassoma_lucasanum,10,12
malpelo,arrecife,4,2015,jp_quimbayo,4954,4954,40,21,17,3,4,suave,protected,bod_dip,bodianus_diplotaenia,10,20
malpelo,arrecife,4,2015,jp_quimbayo,4954,4954,40,21,17,3,4,suave,protected,bod_dip,bodianus_diplotaenia,20,15
malpelo,arrecife,4,2015,jp_quimbayo,4954,4954,40,21,17,3,4,suave,protected,apo_atr,apogon_atradorsatus,70,5
malpelo,arrecife,4,2015,jp_quimbayo,4954,4954,40,21,17,3,4,suave,protected,apo_atr,apogon_atradorsatus,100,8
malpelo,arrecife,4,2015,jp_quimbayo,4954,4954,40,21,17,3,4,suave,protected,apo_atr,apogon_atradorsatus,30,8
malpelo,arrecife,4,2015,jp_quimbayo,4954,4954,40,21,17,3,4,suave,protected,par_col,paranthias_colonus,10,20
malpelo,arrecife,4,2015,jp_quimbayo,4954,4954,40,21,17,3,4,suave,protected,cir_oxy,cirrhitichthys_oxycephalus,12,10
malpelo,arrecife,4,2015,jp_quimbayo,4954,4954,40,21,17,3,4,suave,protected,cir_oxy,cirrhitichthys_oxycephalus,30,5
malpelo,arrecife,4,2015,jp_quimbayo,4954,4954,40,21,17,3,4,suave,protected,cir_oxy,cirrhitichthys_oxycephalus,70,3
malpelo,arrecife,4,2015,jp_quimbayo,4954,4954,40,21,17,3,4,suave,protected,can_jan,canthigaster_janthinoptera,1,5
malpelo,arrecife,4,2015,jp_quimbayo,4954,4954,40,21,17,3,4,suave,protected,ste_arc,stegastes_arcifrons,17,7
malpelo,arrecife,4,2015,jp_quimbayo,4954,4954,40,21,17,3,4,suave,protected,ste_arc,stegastes_arcifrons,2,10
malpelo,arrecife,4,2015,jp_quimbayo,4954,4954,40,21,17,3,4,suave,protected,ste_bee,stegastes_beebei,5,7
malpelo,arrecife,4,2015,jp_quimbayo,4954,4954,40,21,17,3,4,suave,protected,ste_bee,stegastes_beebei,13,10
malpelo,arrecife,4,2015,jp_quimbayo,4954,4954,40,21,17,3,4,suave,protected,hal_chi,halichoeres_chierchiae,1,12
malpelo,arrecife,4,2015,jp_quimbayo,4954,4954,40,21,17,3,4,suave,protected,ser_tic,serranus_tico,1,5
malpelo,arrecife,4,2015,jp_quimbayo,4954,4954,40,21,17,3,4,suave,protected,lep_bim,lepidonectes_bimaculata,1,3
malpelo,arrecife,4,2015,jp_quimbayo,4954,4954,40,21,17,3,4,suave,protected,axo_rub,axoclinus_rubinoffi,1,3
malpelo,arrecife,4,2015,jp_quimbayo,4954,4954,40,21,17,3,4,suave,protected,epi_lab,epinephelus_labriformis,1,40
malpelo,arrecife,4,2015,jp_quimbayo,4955,4955,40,21,18.9,3,4,suave,protected,joh_nig,johnrandallia_nigrirostris,1,12
malpelo,arrecife,4,2015,jp_quimbayo,4955,4955,40,21,18.9,3,4,suave,protected,ser_riv,seriola_rivoliana,1,14
malpelo,arrecife,4,2015,jp_quimbayo,4955,4955,40,21,18.9,3,4,suave,protected,aca_xan,acanthurus_xanthopterus,1,50
malpelo,arrecife,4,2015,jp_quimbayo,4955,4955,40,21,18.9,3,4,suave,protected,car_mel,caranx_melampygus,4,50
malpelo,arrecife,4,2015,jp_quimbayo,4955,4955,40,21,18.9,3,4,suave,protected,car_mel,caranx_melampygus,10,45
malpelo,arrecife,4,2015,jp_quimbayo,4955,4955,40,21,18.9,3,4,suave,protected,hol_pas,holacanthus_passer,1,15
malpelo,arrecife,4,2015,jp_quimbayo,4955,4955,40,21,18.9,3,4,suave,protected,hol_pas,holacanthus_passer,1,12
malpelo,arrecife,4,2015,jp_quimbayo,4955,4955,40,21,18.9,3,4,suave,protected,bod_dip,bodianus_diplotaenia,1,12
malpelo,arrecife,4,2015,jp_quimbayo,4955,4955,40,21,18.9,3,4,suave,protected,bod_dip,bodianus_diplotaenia,1,15
malpelo,arrecife,4,2015,jp_quimbayo,4955,4955,40,21,18.9,3,4,suave,protected,bod_dip,bodianus_diplotaenia,3,25
malpelo,arrecife,4,2015,jp_quimbayo,4955,4955,40,21,18.9,3,4,suave,protected,lut_vir,lutjanus_viridis,2,15
malpelo,arrecife,4,2015,jp_quimbayo,4955,4955,40,21,18.9,3,4,suave,protected,par_col,paranthias_colonus,30,15
malpelo,arrecife,4,2015,jp_quimbayo,4955,4955,40,21,18.9,3,4,suave,protected,par_col,paranthias_colonus,40,12
malpelo,arrecife,4,2015,jp_quimbayo,4955,4955,40,21,18.9,3,4,suave,protected,par_col,paranthias_colonus,20,20
malpelo,arrecife,4,2015,jp_quimbayo,4955,4955,40,21,18.9,3,4,suave,protected,par_col,paranthias_colonus,45,25
malpelo,arrecife,4,2015,jp_quimbayo,4955,4955,40,21,18.9,3,4,suave,protected,cir_oxy,cirrhitichthys_oxycephalus,20,10
malpelo,arrecife,4,2015,jp_quimbayo,4955,4955,40,21,18.9,3,4,suave,protected,cir_oxy,cirrhitichthys_oxycephalus,14,10
malpelo,arrecife,4,2015,jp_quimbayo,4955,4955,40,21,18.9,3,4,suave,protected,ste_aca,stegastes_acapulcoensis,1,10
malpelo,arrecife,4,2015,jp_quimbayo,4955,4955,40,21,18.9,3,4,suave,protected,ste_aca,stegastes_acapulcoensis,1,12
malpelo,arrecife,4,2015,jp_quimbayo,4955,4955,40,21,18.9,3,4,suave,protected,can_pun,canthigaster_punctatissima,1,5
malpelo,arrecife,4,2015,jp_quimbayo,4955,4955,40,21,18.9,3,4,suave,protected,can_pun,canthigaster_punctatissima,2,5
malpelo,arrecife,4,2015,jp_quimbayo,4955,4955,40,21,18.9,3,4,suave,protected,gym_dov,gymnothorax_dovii,1,70
malpelo,arrecife,4,2015,jp_quimbayo,4955,4955,40,21,18.9,3,4,suave,protected,tha_luc,thalassoma_lucasanum,30,3
malpelo,arrecife,4,2015,jp_quimbayo,4955,4955,40,21,18.9,3,4,suave,protected,tha_luc,thalassoma_lucasanum,40,10
malpelo,arrecife,4,2015,jp_quimbayo,4955,4955,40,21,18.9,3,4,suave,protected,tha_luc,thalassoma_lucasanum,10,5
malpelo,arrecife,4,2015,jp_quimbayo,4955,4955,40,21,18.9,3,4,suave,protected,ste_arc,stegastes_arcifrons,7,8
malpelo,arrecife,4,2015,jp_quimbayo,4955,4955,40,21,18.9,3,4,suave,protected,apo_atr,apogon_atradorsatus,40,8
malpelo,arrecife,4,2015,jp_quimbayo,4955,4955,40,21,18.9,3,4,suave,protected,apo_atr,apogon_atradorsatus,35,7
malpelo,arrecife,4,2015,jp_quimbayo,4955,4955,40,21,18.9,3,4,suave,protected,apo_atr,apogon_atradorsatus,75,5
malpelo,arrecife,4,2015,jp_quimbayo,4955,4955,40,21,18.9,3,4,suave,protected,oph_ste,ophioblennius_steindachneri,1,15
malpelo,arrecife,4,2015,jp_quimbayo,4955,4955,40,21,18.9,3,4,suave,protected,cir_oxy,cirrhitichthys_oxycephalus,1,10
malpelo,arrecife,4,2015,jp_quimbayo,4955,4955,40,21,18.9,3,4,suave,protected,cir_oxy,cirrhitichthys_oxycephalus,15,5
malpelo,arrecife,4,2015,jp_quimbayo,4955,4955,40,21,18.9,3,4,suave,protected,cir_oxy,cirrhitichthys_oxycephalus,30,3
malpelo,arrecife,4,2015,jp_quimbayo,4955,4955,40,21,18.9,3,4,suave,protected,axo_rub,axoclinus_rubinoffi,3,3
malpelo,arrecife,4,2015,jp_quimbayo,4955,4955,40,21,18.9,3,4,suave,protected,myc_olf,mycteroperca_olfax,1,60
malpelo,arrecife,4,2015,jp_quimbayo,4955,4955,40,21,18.9,3,4,suave,protected,aul_chi,aulostomus_chinensis,1,55
malpelo,arrecife,4,2015,jp_quimbayo,4956,4956,40,21,20.1,3,4,suave,protected,lep_bim,lepidonectes_bimaculata,1,3
malpelo,arrecife,4,2015,jp_quimbayo,4956,4956,40,21,20.1,3,4,suave,protected,par_col,paranthias_colonus,10,20
malpelo,arrecife,4,2015,jp_quimbayo,4956,4956,40,21,20.1,3,4,suave,protected,par_col,paranthias_colonus,120,15
malpelo,arrecife,4,2015,jp_quimbayo,4956,4956,40,21,20.1,3,4,suave,protected,par_col,paranthias_colonus,35,25
malpelo,arrecife,4,2015,jp_quimbayo,4956,4956,40,21,20.1,3,4,suave,protected,par_col,paranthias_colonus,100,5
malpelo,arrecife,4,2015,jp_quimbayo,4956,4956,40,21,20.1,3,4,suave,protected,joh_nig,johnrandallia_nigrirostris,1,12
malpelo,arrecife,4,2015,jp_quimbayo,4956,4956,40,21,20.1,3,4,suave,protected,joh_nig,johnrandallia_nigrirostris,10,15
malpelo,arrecife,4,2015,jp_quimbayo,4956,4956,40,21,20.1,3,4,suave,protected,joh_nig,johnrandallia_nigrirostris,20,12
malpelo,arrecife,4,2015,jp_quimbayo,4956,4956,40,21,20.1,3,4,suave,protected,joh_nig,johnrandallia_nigrirostris,5,5
malpelo,arrecife,4,2015,jp_quimbayo,4956,4956,40,21,20.1,3,4,suave,protected,suf_ver,sufflamen_verres,1,12
malpelo,arrecife,4,2015,jp_quimbayo,4956,4956,40,21,20.1,3,4,suave,protected,tha_luc,thalassoma_lucasanum,20,10
malpelo,arrecife,4,2015,jp_quimbayo,4956,4956,40,21,20.1,3,4,suave,protected,tha_luc,thalassoma_lucasanum,100,5
malpelo,arrecife,4,2015,jp_quimbayo,4956,4956,40,21,20.1,3,4,suave,protected,ser_riv,seriola_rivoliana,1,70
malpelo,arrecife,4,2015,jp_quimbayo,4956,4956,40,21,20.1,3,4,suave,protected,aca_xan,acanthurus_xanthopterus,1,50
malpelo,arrecife,4,2015,jp_quimbayo,4956,4956,40,21,20.1,3,4,suave,protected,pla_aza,plagiotremus_azaleus,30,10
malpelo,arrecife,4,2015,jp_quimbayo,4956,4956,40,21,20.1,3,4,suave,protected,gym_dov,gymnothorax_dovii,1,70
malpelo,arrecife,4,2015,jp_quimbayo,4956,4956,40,21,20.1,3,4,suave,protected,gym_dov,gymnothorax_dovii,1,100
malpelo,arrecife,4,2015,jp_quimbayo,4956,4956,40,21,20.1,3,4,suave,protected,gym_dov,gymnothorax_dovii,1,60
malpelo,arrecife,4,2015,jp_quimbayo,4956,4956,40,21,20.1,3,4,suave,protected,myc_olf,mycteroperca_olfax,1,50
malpelo,arrecife,4,2015,jp_quimbayo,4956,4956,40,21,20.1,3,4,suave,protected,hol_pas,holacanthus_passer,1,15
malpelo,arrecife,4,2015,jp_quimbayo,4956,4956,40,21,20.1,3,4,suave,protected,hol_pas,holacanthus_passer,2,20
malpelo,arrecife,4,2015,jp_quimbayo,4956,4956,40,21,20.1,3,4,suave,protected,bal_pol,balistes_polylepis,1,45
malpelo,arrecife,4,2015,jp_quimbayo,4956,4956,40,21,20.1,3,4,suave,protected,can_pun,canthigaster_punctatissima,1,10
malpelo,arrecife,4,2015,jp_quimbayo,4956,4956,40,21,20.1,3,4,suave,protected,chr_atr,chromis_atrilobata,200,5
malpelo,arrecife,4,2015,jp_quimbayo,4956,4956,40,21,20.1,3,4,suave,protected,aro_his,arothron_hispidus,1,25
malpelo,arrecife,4,2015,jp_quimbayo,4956,4956,40,21,20.1,3,4,suave,protected,apo_atr,apogon_atradorsatus,100,7
malpelo,arrecife,4,2015,jp_quimbayo,4956,4956,40,21,20.1,3,4,suave,protected,apo_atr,apogon_atradorsatus,130,5
malpelo,arrecife,4,2015,jp_quimbayo,4956,4956,40,21,20.1,3,4,suave,protected,apo_atr,apogon_atradorsatus,50,3
malpelo,arrecife,4,2015,jp_quimbayo,4956,4956,40,21,20.1,3,4,suave,protected,bod_dip,bodianus_diplotaenia,1,12
malpelo,arrecife,4,2015,jp_quimbayo,4956,4956,40,21,20.1,3,4,suave,protected,ser_riv,seriola_rivoliana,4,45
malpelo,arrecife,4,2015,jp_quimbayo,4956,4956,40,21,20.1,3,4,suave,protected,ser_riv,seriola_rivoliana,2,50
malpelo,arrecife,4,2015,jp_quimbayo,4956,4956,40,21,20.1,3,4,suave,protected,ste_arc,stegastes_arcifrons,5,10
malpelo,arrecife,4,2015,jp_quimbayo,4956,4956,40,21,20.1,3,4,suave,protected,tha_luc,thalassoma_lucasanum,100,3
malpelo,arrecife,4,2015,jp_quimbayo,4956,4956,40,21,20.1,3,4,suave,protected,tha_luc,thalassoma_lucasanum,80,5
malpelo,arrecife,4,2015,jp_quimbayo,4956,4956,40,21,20.1,3,4,suave,protected,tha_luc,thalassoma_lucasanum,20,10
malpelo,arrecife,4,2015,jp_quimbayo,4956,4956,40,21,20.1,3,4,suave,protected,oph_ste,ophioblennius_steindachneri,1,12
malpelo,arrecife,4,2015,jp_quimbayo,4956,4956,40,21,20.1,3,4,suave,protected,oph_ste,ophioblennius_steindachneri,1,15
malpelo,arrecife,4,2015,jp_quimbayo,4957,4957,40,21,10.8,3,4,suave,protected,par_col,paranthias_colonus,40,20
malpelo,arrecife,4,2015,jp_quimbayo,4957,4957,40,21,10.8,3,4,suave,protected,par_col,paranthias_colonus,30,15
malpelo,arrecife,4,2015,jp_quimbayo,4957,4957,40,21,10.8,3,4,suave,protected,par_col,paranthias_colonus,25,10
malpelo,arrecife,4,2015,jp_quimbayo,4957,4957,40,21,10.8,3,4,suave,protected,par_col,paranthias_colonus,50,7
malpelo,arrecife,4,2015,jp_quimbayo,4957,4957,40,21,10.8,3,4,suave,protected,bod_dip,bodianus_diplotaenia,1,12
malpelo,arrecife,4,2015,jp_quimbayo,4957,4957,40,21,10.8,3,4,suave,protected,bod_dip,bodianus_diplotaenia,12,15
malpelo,arrecife,4,2015,jp_quimbayo,4957,4957,40,21,10.8,3,4,suave,protected,bod_dip,bodianus_diplotaenia,2,20
malpelo,arrecife,4,2015,jp_quimbayo,4957,4957,40,21,10.8,3,4,suave,protected,can_mcu,canthidermis_maculata,2,45
malpelo,arrecife,4,2015,jp_quimbayo,4957,4957,40,21,10.8,3,4,suave,protected,can_mcu,canthidermis_maculata,2,30
malpelo,arrecife,4,2015,jp_quimbayo,4957,4957,40,21,10.8,3,4,suave,protected,tra_sti,trachinotus_stilbe,4,30
malpelo,arrecife,4,2015,jp_quimbayo,4957,4957,40,21,10.8,3,4,suave,protected,bod_dip,bodianus_diplotaenia,4,10
malpelo,arrecife,4,2015,jp_quimbayo,4957,4957,40,21,10.8,3,4,suave,protected,joh_nig,johnrandallia_nigrirostris,20,12
malpelo,arrecife,4,2015,jp_quimbayo,4957,4957,40,21,10.8,3,4,suave,protected,can_pun,canthigaster_punctatissima,1,7
malpelo,arrecife,4,2015,jp_quimbayo,4957,4957,40,21,10.8,3,4,suave,protected,epi_lab,epinephelus_labriformis,1,45
malpelo,arrecife,4,2015,jp_quimbayo,4957,4957,40,21,10.8,3,4,suave,protected,der_der,dermatolepis_dermatolepis,1,40
malpelo,arrecife,4,2015,jp_quimbayo,4957,4957,40,21,10.8,3,4,suave,protected,mul_den,mulloidichthys_dentatus,2,35
malpelo,arrecife,4,2015,jp_quimbayo,4957,4957,40,21,10.8,3,4,suave,protected,ost_mel,ostracion_meleagris,1,25
malpelo,arrecife,4,2015,jp_quimbayo,4957,4957,40,21,10.8,3,4,suave,protected,ste_arc,stegastes_arcifrons,1,10
malpelo,arrecife,4,2015,jp_quimbayo,4957,4957,40,21,10.8,3,4,suave,protected,ste_arc,stegastes_arcifrons,3,3
malpelo,arrecife,4,2015,jp_quimbayo,4957,4957,40,21,10.8,3,4,suave,protected,ste_arc,stegastes_arcifrons,5,7
malpelo,arrecife,4,2015,jp_quimbayo,4957,4957,40,21,10.8,3,4,suave,protected,aca_xan,acanthurus_xanthopterus,1,45
malpelo,arrecife,4,2015,jp_quimbayo,4957,4957,40,21,10.8,3,4,suave,protected,hol_pas,holacanthus_passer,1,30
malpelo,arrecife,4,2015,jp_quimbayo,4957,4957,40,21,10.8,3,4,suave,protected,hol_pas,holacanthus_passer,3,15
malpelo,arrecife,4,2015,jp_quimbayo,4957,4957,40,21,10.8,3,4,suave,protected,hol_pas,holacanthus_passer,1,20
malpelo,arrecife,4,2015,jp_quimbayo,4957,4957,40,21,10.8,3,4,suave,protected,aro_mel,arothron_meleagris,1,20
malpelo,arrecife,4,2015,jp_quimbayo,4957,4957,40,21,10.8,3,4,suave,protected,can_mcu,canthidermis_maculata,5,45
malpelo,arrecife,4,2015,jp_quimbayo,4957,4957,40,21,10.8,3,4,suave,protected,pla_aza,plagiotremus_azaleus,7,10
malpelo,arrecife,4,2015,jp_quimbayo,4957,4957,40,21,10.8,3,4,suave,protected,pla_aza,plagiotremus_azaleus,30,10
malpelo,arrecife,4,2015,jp_quimbayo,4957,4957,40,21,10.8,3,4,suave,protected,pla_aza,plagiotremus_azaleus,20,5
malpelo,arrecife,4,2015,jp_quimbayo,4957,4957,40,21,10.8,3,4,suave,protected,apo_atr,apogon_atradorsatus,40,7
malpelo,arrecife,4,2015,jp_quimbayo,4957,4957,40,21,10.8,3,4,suave,protected,apo_atr,apogon_atradorsatus,30,8
malpelo,arrecife,4,2015,jp_quimbayo,4957,4957,40,21,10.8,3,4,suave,protected,apo_atr,apogon_atradorsatus,50,5
malpelo,arrecife,4,2015,jp_quimbayo,4957,4957,40,21,10.8,3,4,suave,protected,aul_chi,aulostomus_chinensis,2,45
malpelo,arrecife,4,2015,jp_quimbayo,4957,4957,40,21,10.8,3,4,suave,protected,alu_scr,aluterus_scriptus,1,45
malpelo,arrecife,4,2015,jp_quimbayo,4957,4957,40,21,10.8,3,4,suave,protected,cir_oxy,cirrhitichthys_oxycephalus,40,5
malpelo,arrecife,4,2015,jp_quimbayo,4957,4957,40,21,10.8,3,4,suave,protected,cir_oxy,cirrhitichthys_oxycephalus,100,7
malpelo,arrecife,4,2015,jp_quimbayo,4957,4957,40,21,10.8,3,4,suave,protected,mul_den,mulloidichthys_dentatus,10,38
malpelo,arrecife,4,2015,jp_quimbayo,4957,4957,40,21,10.8,3,4,suave,protected,ste_aca,stegastes_acapulcoensis,1,10
malpelo,arrecife,4,2015,jp_quimbayo,4957,4957,40,21,10.8,3,4,suave,protected,oph_ste,ophioblennius_steindachneri,1,12
malpelo,arrecife,4,2015,jp_quimbayo,4957,4957,40,21,10.8,3,4,suave,protected,gym_zeb,gymnomuraena_zebra,1,70
malpelo,arrecife,4,2015,jp_quimbayo,4957,4957,40,21,10.8,3,4,suave,protected,tha_luc,thalassoma_lucasanum,100,7
malpelo,arrecife,4,2015,jp_quimbayo,4957,4957,40,21,10.8,3,4,suave,protected,tha_luc,thalassoma_lucasanum,30,10
malpelo,arrecife,4,2015,jp_quimbayo,4957,4957,40,21,10.8,3,4,suave,protected,epi_lab,epinephelus_labriformis,1,45
malpelo,arrecife,4,2015,jp_quimbayo,4957,4957,40,21,10.8,3,4,suave,protected,cir_riv,cirrhitus_rivulatus,1,40
malpelo,arrecife,4,2015,jp_quimbayo,4957,4957,40,21,10.8,3,4,suave,protected,lab_den,labrisomus_dendriticus,2,7
malpelo,la_nevera,4,2015,jp_quimbayo,4958,4958,40,21,24,3,4,suave,protected,apo_atr,apogon_atradorsatus,100,7
malpelo,la_nevera,4,2015,jp_quimbayo,4958,4958,40,21,24,3,4,suave,protected,par_col,paranthias_colonus,5,7
malpelo,la_nevera,4,2015,jp_quimbayo,4958,4958,40,21,24,3,4,suave,protected,par_col,paranthias_colonus,200,10
malpelo,la_nevera,4,2015,jp_quimbayo,4958,4958,40,21,24,3,4,suave,protected,myc_olf,mycteroperca_olfax,1,30
malpelo,la_nevera,4,2015,jp_quimbayo,4958,4958,40,21,24,3,4,suave,protected,ste_arc,stegastes_arcifrons,5,8
malpelo,la_nevera,4,2015,jp_quimbayo,4958,4958,40,21,24,3,4,suave,protected,der_der,dermatolepis_dermatolepis,10,30
malpelo,la_nevera,4,2015,jp_quimbayo,4959,4959,40,21,23,3,4,suave,protected,hol_pas,holacanthus_passer,1,10
malpelo,la_nevera,4,2015,jp_quimbayo,4959,4959,40,21,23,3,4,suave,protected,hol_pas,holacanthus_passer,1,15
malpelo,la_nevera,4,2015,jp_quimbayo,4959,4959,40,21,23,3,4,suave,protected,oph_ste,ophioblennius_steindachneri,1,10
malpelo,la_nevera,4,2015,jp_quimbayo,4959,4959,40,21,23,3,4,suave,protected,oph_ste,ophioblennius_steindachneri,1,8
malpelo,la_nevera,4,2015,jp_quimbayo,4959,4959,40,21,23,3,4,suave,protected,apo_atr,apogon_atradorsatus,20,7
malpelo,la_nevera,4,2015,jp_quimbayo,4959,4959,40,21,23,3,4,suave,protected,par_col,paranthias_colonus,200,15
malpelo,la_nevera,4,2015,jp_quimbayo,4959,4959,40,21,23,3,4,suave,protected,bod_dip,bodianus_diplotaenia,1,10
malpelo,la_nevera,4,2015,jp_quimbayo,4959,4959,40,21,23,3,4,suave,protected,lep_bim,lepidonectes_bimaculata,3,4
malpelo,la_nevera,4,2015,jp_quimbayo,4959,4959,40,21,23,3,4,suave,protected,gym_dov,gymnothorax_dovii,1,60
malpelo,la_nevera,4,2015,jp_quimbayo,4960,4960,40,21,22.5,3,4,suave,protected,bod_dip,bodianus_diplotaenia,4,15
malpelo,la_nevera,4,2015,jp_quimbayo,4960,4960,40,21,22.5,3,4,suave,protected,gym_dov,gymnothorax_dovii,1,50
malpelo,la_nevera,4,2015,jp_quimbayo,4960,4960,40,21,22.5,3,4,suave,protected,joh_nig,johnrandallia_nigrirostris,20,10
malpelo,la_nevera,4,2015,jp_quimbayo,4960,4960,40,21,22.5,3,4,suave,protected,apo_atr,apogon_atradorsatus,200,7
malpelo,la_nevera,4,2015,jp_quimbayo,4960,4960,40,21,22.5,3,4,suave,protected,hol_pas,holacanthus_passer,1,10
malpelo,la_nevera,4,2015,jp_quimbayo,4960,4960,40,21,22.5,3,4,suave,protected,ste_arc,stegastes_arcifrons,8,10
malpelo,la_nevera,4,2015,jp_quimbayo,4960,4960,40,21,22.5,3,4,suave,protected,fis_com,fistularia_commersonii,1,40
malpelo,la_nevera,4,2015,jp_quimbayo,4960,4960,40,21,22.5,3,4,suave,protected,myc_olf,mycteroperca_olfax,1,35
malpelo,la_nevera,4,2015,jp_quimbayo,4961,4961,40,21,21,3,4,suave,protected,bod_dip,bodianus_diplotaenia,1,25
malpelo,la_nevera,4,2015,jp_quimbayo,4961,4961,40,21,21,3,4,suave,protected,bod_dip,bodianus_diplotaenia,2,10
malpelo,la_nevera,4,2015,jp_quimbayo,4961,4961,40,21,21,3,4,suave,protected,ste_arc,stegastes_arcifrons,5,7
malpelo,la_nevera,4,2015,jp_quimbayo,4961,4961,40,21,21,3,4,suave,protected,epi_lab,epinephelus_labriformis,1,20
malpelo,la_nevera,4,2015,jp_quimbayo,4961,4961,40,21,21,3,4,suave,protected,ste_bee,stegastes_beebei,1,8
malpelo,la_nevera,4,2015,jp_quimbayo,4961,4961,40,21,21,3,4,suave,protected,gym_dov,gymnothorax_dovii,1,60
malpelo,la_nevera,4,2015,jp_quimbayo,4961,4961,40,21,21,3,4,suave,protected,apo_atr,apogon_atradorsatus,50,7
malpelo,la_nevera,4,2015,jp_quimbayo,4961,4961,40,21,21,3,4,suave,protected,par_col,paranthias_colonus,200,15
malpelo,la_nevera,4,2015,jp_quimbayo,4961,4961,40,21,21,3,4,suave,protected,tha_luc,thalassoma_lucasanum,10,10
malpelo,la_nevera,4,2015,jp_quimbayo,4961,4961,40,21,21,3,4,suave,protected,lep_bim,lepidonectes_bimaculata,1,4
malpelo,la_nevera,4,2015,jp_quimbayo,4961,4961,40,21,21,3,4,suave,protected,lep_bim,lepidonectes_bimaculata,1,3
malpelo,la_nevera,4,2015,jp_quimbayo,4962,4962,40,21,22,3,4,suave,protected,apo_atr,apogon_atradorsatus,200,7
malpelo,la_nevera,4,2015,jp_quimbayo,4962,4962,40,21,22,3,4,suave,protected,par_col,paranthias_colonus,130,12
malpelo,la_nevera,4,2015,jp_quimbayo,4962,4962,40,21,22,3,4,suave,protected,ste_arc,stegastes_arcifrons,7,3
malpelo,la_nevera,4,2015,jp_quimbayo,4962,4962,40,21,22,3,4,suave,protected,ste_bee,stegastes_beebei,7,7
malpelo,la_nevera,4,2015,jp_quimbayo,4962,4962,40,21,22,3,4,suave,protected,gym_dov,gymnothorax_dovii,1,50
malpelo,la_nevera,4,2015,jp_quimbayo,4962,4962,40,21,22,3,4,suave,protected,hal_mal,halichoeres_malpelo,1,12
malpelo,la_nevera,4,2015,jp_quimbayo,4962,4962,40,21,22,3,4,suave,protected,lab_den,labrisomus_dendriticus,2,8
malpelo,la_nevera,4,2015,jp_quimbayo,4962,4962,40,21,22,3,4,suave,protected,hol_pas,holacanthus_passer,1,10
malpelo,la_nevera,4,2015,jp_quimbayo,4962,4962,40,21,22,3,4,suave,protected,oph_ste,ophioblennius_steindachneri,1,10
malpelo,la_nevera,4,2015,jp_quimbayo,4962,4962,40,21,22,3,4,suave,protected,gym_zeb,gymnomuraena_zebra,1,40
malpelo,la_nevera,4,2015,jp_quimbayo,4962,4962,40,21,22,3,4,suave,protected,bod_dip,bodianus_diplotaenia,2,10
malpelo,la_nevera,4,2015,jp_quimbayo,4962,4962,40,21,22,3,4,suave,protected,chr_atr,chromis_atrilobata,10,5
malpelo,la_nevera,4,2015,jp_quimbayo,4963,4963,40,21,21,3,4,suave,protected,axo_rub,axoclinus_rubinoffi,1,3
malpelo,la_nevera,4,2015,jp_quimbayo,4963,4963,40,21,21,3,4,suave,protected,axo_rub,axoclinus_rubinoffi,1,3.5
malpelo,la_nevera,4,2015,jp_quimbayo,4963,4963,40,21,21,3,4,suave,protected,ste_bee,stegastes_beebei,8,8
malpelo,la_nevera,4,2015,jp_quimbayo,4963,4963,40,21,21,3,4,suave,protected,bod_dip,bodianus_diplotaenia,1,30
malpelo,la_nevera,4,2015,jp_quimbayo,4963,4963,40,21,21,3,4,suave,protected,bod_dip,bodianus_diplotaenia,1,40
malpelo,la_nevera,4,2015,jp_quimbayo,4963,4963,40,21,21,3,4,suave,protected,apo_atr,apogon_atradorsatus,200,7
malpelo,la_nevera,4,2015,jp_quimbayo,4963,4963,40,21,21,3,4,suave,protected,par_col,paranthias_colonus,140,15
malpelo,la_nevera,4,2015,jp_quimbayo,4963,4963,40,21,21,3,4,suave,protected,hol_pas,holacanthus_passer,10,25
malpelo,la_nevera,4,2015,jp_quimbayo,4963,4963,40,21,21,3,4,suave,protected,ste_arc,stegastes_arcifrons,8,8
malpelo,la_nevera,4,2015,jp_quimbayo,4963,4963,40,21,21,3,4,suave,protected,suf_ver,sufflamen_verres,1,20
malpelo,la_nevera,4,2015,jp_quimbayo,4964,4964,40,21,22,3,4,suave,protected,chr_atr,chromis_atrilobata,200,7
malpelo,la_nevera,4,2015,jp_quimbayo,4964,4964,40,21,22,3,4,suave,protected,hol_pas,holacanthus_passer,25,20
malpelo,la_nevera,4,2015,jp_quimbayo,4964,4964,40,21,22,3,4,suave,protected,par_col,paranthias_colonus,300,20
malpelo,la_nevera,4,2015,jp_quimbayo,4964,4964,40,21,22,3,4,suave,protected,bod_dip,bodianus_diplotaenia,4,10
malpelo,la_nevera,4,2015,jp_quimbayo,4964,4964,40,21,22,3,4,suave,protected,kyp_ocy,kyphosus_ocyurus,1,25
malpelo,la_nevera,4,2015,jp_quimbayo,4964,4964,40,21,22,3,4,suave,protected,apo_atr,apogon_atradorsatus,200,8
malpelo,la_nevera,4,2015,jp_quimbayo,4964,4964,40,21,22,3,4,suave,protected,ste_bee,stegastes_beebei,3,7
malpelo,la_nevera,4,2015,jp_quimbayo,4965,4965,40,21,23.3,3,4,suave,protected,par_col,paranthias_colonus,20,20
malpelo,la_nevera,4,2015,jp_quimbayo,4965,4965,40,21,23.3,3,4,suave,protected,par_col,paranthias_colonus,3,15
malpelo,la_nevera,4,2015,jp_quimbayo,4965,4965,40,21,23.3,3,4,suave,protected,par_col,paranthias_colonus,4,10
malpelo,la_nevera,4,2015,jp_quimbayo,4965,4965,40,21,23.3,3,4,suave,protected,bod_dip,bodianus_diplotaenia,3,20
malpelo,la_nevera,4,2015,jp_quimbayo,4965,4965,40,21,23.3,3,4,suave,protected,bod_dip,bodianus_diplotaenia,1,12
malpelo,la_nevera,4,2015,jp_quimbayo,4965,4965,40,21,23.3,3,4,suave,protected,suf_ver,sufflamen_verres,1,25
malpelo,la_nevera,4,2015,jp_quimbayo,4965,4965,40,21,23.3,3,4,suave,protected,mul_den,mulloidichthys_dentatus,6,38
malpelo,la_nevera,4,2015,jp_quimbayo,4965,4965,40,21,23.3,3,4,suave,protected,joh_nig,johnrandallia_nigrirostris,7,7
malpelo,la_nevera,4,2015,jp_quimbayo,4965,4965,40,21,23.3,3,4,suave,protected,joh_nig,johnrandallia_nigrirostris,8,10
malpelo,la_nevera,4,2015,jp_quimbayo,4965,4965,40,21,23.3,3,4,suave,protected,aul_chi,aulostomus_chinensis,1,50
malpelo,la_nevera,4,2015,jp_quimbayo,4965,4965,40,21,23.3,3,4,suave,protected,oph_ste,ophioblennius_steindachneri,1,15
malpelo,la_nevera,4,2015,jp_quimbayo,4965,4965,40,21,23.3,3,4,suave,protected,gym_dov,gymnothorax_dovii,1,120
malpelo,la_nevera,4,2015,jp_quimbayo,4965,4965,40,21,23.3,3,4,suave,protected,cir_oxy,cirrhitichthys_oxycephalus,30,5
malpelo,la_nevera,4,2015,jp_quimbayo,4965,4965,40,21,23.3,3,4,suave,protected,axo_rub,axoclinus_rubinoffi,1,3
malpelo,la_nevera,4,2015,jp_quimbayo,4965,4965,40,21,23.3,3,4,suave,protected,apo_atr,apogon_atradorsatus,10,3
malpelo,la_nevera,4,2015,jp_quimbayo,4965,4965,40,21,23.3,3,4,suave,protected,apo_atr,apogon_atradorsatus,100,7
malpelo,la_nevera,4,2015,jp_quimbayo,4965,4965,40,21,23.3,3,4,suave,protected,ste_arc,stegastes_arcifrons,7,7
malpelo,la_nevera,4,2015,jp_quimbayo,4965,4965,40,21,23.3,3,4,suave,protected,ste_arc,stegastes_arcifrons,3,10
malpelo,la_nevera,4,2015,jp_quimbayo,4965,4965,40,21,23.3,3,4,suave,protected,ste_bee,stegastes_beebei,1,10
malpelo,la_nevera,4,2015,jp_quimbayo,4966,4966,40,21,23,3,4,suave,protected,ser_riv,seriola_rivoliana,1,50
malpelo,la_nevera,4,2015,jp_quimbayo,4966,4966,40,21,23,3,4,suave,protected,hol_pas,holacanthus_passer,1,15
malpelo,la_nevera,4,2015,jp_quimbayo,4966,4966,40,21,23,3,4,suave,protected,joh_nig,johnrandallia_nigrirostris,4,15
malpelo,la_nevera,4,2015,jp_quimbayo,4966,4966,40,21,23,3,4,suave,protected,par_col,paranthias_colonus,15,20
malpelo,la_nevera,4,2015,jp_quimbayo,4966,4966,40,21,23,3,4,suave,protected,par_col,paranthias_colonus,18,20
malpelo,la_nevera,4,2015,jp_quimbayo,4966,4966,40,21,23,3,4,suave,protected,par_col,paranthias_colonus,10,13
malpelo,la_nevera,4,2015,jp_quimbayo,4966,4966,40,21,23,3,4,suave,protected,par_col,paranthias_colonus,40,5
malpelo,la_nevera,4,2015,jp_quimbayo,4966,4966,40,21,23,3,4,suave,protected,myc_olf,mycteroperca_olfax,1,45
malpelo,la_nevera,4,2015,jp_quimbayo,4966,4966,40,21,23,3,4,suave,protected,myc_olf,mycteroperca_olfax,1,40
malpelo,la_nevera,4,2015,jp_quimbayo,4966,4966,40,21,23,3,4,suave,protected,bod_dip,bodianus_diplotaenia,1,15
malpelo,la_nevera,4,2015,jp_quimbayo,4966,4966,40,21,23,3,4,suave,protected,bod_dip,bodianus_diplotaenia,1,20
malpelo,la_nevera,4,2015,jp_quimbayo,4966,4966,40,21,23,3,4,suave,protected,gym_dov,gymnothorax_dovii,1,100
malpelo,la_nevera,4,2015,jp_quimbayo,4966,4966,40,21,23,3,4,suave,protected,gym_dov,gymnothorax_dovii,1,80
malpelo,la_nevera,4,2015,jp_quimbayo,4966,4966,40,21,23,3,4,suave,protected,apo_atr,apogon_atradorsatus,40,8
malpelo,la_nevera,4,2015,jp_quimbayo,4966,4966,40,21,23,3,4,suave,protected,apo_atr,apogon_atradorsatus,50,5
malpelo,la_nevera,4,2015,jp_quimbayo,4966,4966,40,21,23,3,4,suave,protected,cir_oxy,cirrhitichthys_oxycephalus,50,5
malpelo,la_nevera,4,2015,jp_quimbayo,4966,4966,40,21,23,3,4,suave,protected,cir_oxy,cirrhitichthys_oxycephalus,100,7
malpelo,la_nevera,4,2015,jp_quimbayo,4966,4966,40,21,23,3,4,suave,protected,cir_oxy,cirrhitichthys_oxycephalus,30,3
malpelo,la_nevera,4,2015,jp_quimbayo,4966,4966,40,21,23,3,4,suave,protected,ste_aca,stegastes_acapulcoensis,1,7
malpelo,la_nevera,4,2015,jp_quimbayo,4966,4966,40,21,23,3,4,suave,protected,ste_bee,stegastes_beebei,1,7
malpelo,la_nevera,4,2015,jp_quimbayo,4966,4966,40,21,23,3,4,suave,protected,ste_bee,stegastes_beebei,1,10
malpelo,la_nevera,4,2015,jp_quimbayo,4966,4966,40,21,23,3,4,suave,protected,pri_lat,prionurus_laticlavius,1,20
malpelo,la_nevera,4,2015,jp_quimbayo,4966,4966,40,21,23,3,4,suave,protected,aro_mel,arothron_meleagris,1,25
malpelo,la_nevera,4,2015,jp_quimbayo,4966,4966,40,21,23,3,4,suave,protected,lab_den,labrisomus_dendriticus,1,7
malpelo,la_nevera,4,2015,jp_quimbayo,4967,4967,40,21,14,3,4,suave,protected,par_col,paranthias_colonus,100,15
malpelo,la_nevera,4,2015,jp_quimbayo,4967,4967,40,21,14,3,4,suave,protected,der_der,dermatolepis_dermatolepis,20,40
malpelo,la_nevera,4,2015,jp_quimbayo,4967,4967,40,21,14,3,4,suave,protected,chr_atr,chromis_atrilobata,100,7
malpelo,la_nevera,4,2015,jp_quimbayo,4967,4967,40,21,14,3,4,suave,protected,chr_atr,chromis_atrilobata,20,10
malpelo,la_nevera,4,2015,jp_quimbayo,4967,4967,40,21,14,3,4,suave,protected,bod_dip,bodianus_diplotaenia,1,15
malpelo,la_nevera,4,2015,jp_quimbayo,4967,4967,40,21,14,3,4,suave,protected,bod_dip,bodianus_diplotaenia,20,12
malpelo,la_nevera,4,2015,jp_quimbayo,4967,4967,40,21,14,3,4,suave,protected,epi_lab,epinephelus_labriformis,1,45
malpelo,la_nevera,4,2015,jp_quimbayo,4967,4967,40,21,14,3,4,suave,protected,joh_nig,johnrandallia_nigrirostris,40,12
malpelo,la_nevera,4,2015,jp_quimbayo,4967,4967,40,21,14,3,4,suave,protected,joh_nig,johnrandallia_nigrirostris,4,15
malpelo,la_nevera,4,2015,jp_quimbayo,4967,4967,40,21,14,3,4,suave,protected,aul_chi,aulostomus_chinensis,1,40
malpelo,la_nevera,4,2015,jp_quimbayo,4967,4967,40,21,14,3,4,suave,protected,apo_atr,apogon_atradorsatus,30,7
malpelo,la_nevera,4,2015,jp_quimbayo,4967,4967,40,21,14,3,4,suave,protected,apo_atr,apogon_atradorsatus,40,8
malpelo,la_nevera,4,2015,jp_quimbayo,4967,4967,40,21,14,3,4,suave,protected,apo_atr,apogon_atradorsatus,120,5
malpelo,la_nevera,4,2015,jp_quimbayo,4967,4967,40,21,14,3,4,suave,protected,ste_arc,stegastes_arcifrons,3,8
malpelo,la_nevera,4,2015,jp_quimbayo,4967,4967,40,21,14,3,4,suave,protected,cir_oxy,cirrhitichthys_oxycephalus,20,5
malpelo,la_nevera,4,2015,jp_quimbayo,4967,4967,40,21,14,3,4,suave,protected,cir_oxy,cirrhitichthys_oxycephalus,15,7
malpelo,la_nevera,4,2015,jp_quimbayo,4967,4967,40,21,14,3,4,suave,protected,cir_oxy,cirrhitichthys_oxycephalus,35,10
malpelo,la_nevera,4,2015,jp_quimbayo,4967,4967,40,21,14,3,4,suave,protected,hol_pas,holacanthus_passer,1,15
malpelo,la_nevera,4,2015,jp_quimbayo,4967,4967,40,21,14,3,4,suave,protected,oph_ste,ophioblennius_steindachneri,1,15
malpelo,la_nevera,4,2015,jp_quimbayo,4967,4967,40,21,14,3,4,suave,protected,hal_mal,halichoeres_malpelo,1,15
malpelo,la_nevera,4,2015,jp_quimbayo,4967,4967,40,21,14,3,4,suave,protected,tha_luc,thalassoma_lucasanum,5,10
malpelo,la_nevera,4,2015,jp_quimbayo,4967,4967,40,21,14,3,4,suave,protected,tha_luc,thalassoma_lucasanum,80,7
malpelo,la_nevera,4,2015,jp_quimbayo,4967,4967,40,21,14,3,4,suave,protected,tha_luc,thalassoma_lucasanum,12,10
malpelo,la_nevera,4,2015,jp_quimbayo,4968,4968,40,21,13,3,4,suave,protected,par_col,paranthias_colonus,3,20
malpelo,la_nevera,4,2015,jp_quimbayo,4968,4968,40,21,13,3,4,suave,protected,par_col,paranthias_colonus,2,12
malpelo,la_nevera,4,2015,jp_quimbayo,4968,4968,40,21,13,3,4,suave,protected,par_col,paranthias_colonus,40,15
malpelo,la_nevera,4,2015,jp_quimbayo,4968,4968,40,21,13,3,4,suave,protected,oph_ste,ophioblennius_steindachneri,1,12
malpelo,la_nevera,4,2015,jp_quimbayo,4968,4968,40,21,13,3,4,suave,protected,joh_nig,johnrandallia_nigrirostris,5,7
malpelo,la_nevera,4,2015,jp_quimbayo,4968,4968,40,21,13,3,4,suave,protected,joh_nig,johnrandallia_nigrirostris,12,15
malpelo,la_nevera,4,2015,jp_quimbayo,4968,4968,40,21,13,3,4,suave,protected,suf_ver,sufflamen_verres,1,25
malpelo,la_nevera,4,2015,jp_quimbayo,4968,4968,40,21,13,3,4,suave,protected,chr_atr,chromis_atrilobata,100,5
malpelo,la_nevera,4,2015,jp_quimbayo,4968,4968,40,21,13,3,4,suave,protected,chr_atr,chromis_atrilobata,100,7
malpelo,la_nevera,4,2015,jp_quimbayo,4968,4968,40,21,13,3,4,suave,protected,hol_pas,holacanthus_passer,1,20
malpelo,la_nevera,4,2015,jp_quimbayo,4968,4968,40,21,13,3,4,suave,protected,par_col,paranthias_colonus,25,20
malpelo,la_nevera,4,2015,jp_quimbayo,4968,4968,40,21,13,3,4,suave,protected,aro_mel,arothron_meleagris,1,20
malpelo,la_nevera,4,2015,jp_quimbayo,4968,4968,40,21,13,3,4,suave,protected,tha_luc,thalassoma_lucasanum,12,10
malpelo,la_nevera,4,2015,jp_quimbayo,4968,4968,40,21,13,3,4,suave,protected,tha_luc,thalassoma_lucasanum,40,7
malpelo,la_nevera,4,2015,jp_quimbayo,4968,4968,40,21,13,3,4,suave,protected,tha_luc,thalassoma_lucasanum,3,10
malpelo,la_nevera,4,2015,jp_quimbayo,4968,4968,40,21,13,3,4,suave,protected,cir_riv,cirrhitus_rivulatus,1,40
malpelo,la_nevera,4,2015,jp_quimbayo,4968,4968,40,21,13,3,4,suave,protected,epi_lab,epinephelus_labriformis,1,35
malpelo,la_nevera,4,2015,jp_quimbayo,4968,4968,40,21,13,3,4,suave,protected,axo_rub,axoclinus_rubinoffi,1,3
malpelo,la_nevera,4,2015,jp_quimbayo,4968,4968,40,21,13,3,4,suave,protected,cir_oxy,cirrhitichthys_oxycephalus,30,5
malpelo,la_nevera,4,2015,jp_quimbayo,4968,4968,40,21,13,3,4,suave,protected,cir_oxy,cirrhitichthys_oxycephalus,20,10
malpelo,la_nevera,4,2015,jp_quimbayo,4968,4968,40,21,13,3,4,suave,protected,oph_ste,ophioblennius_steindachneri,2,7
malpelo,la_nevera,4,2015,jp_quimbayo,4968,4968,40,21,13,3,4,suave,protected,ste_bee,stegastes_beebei,2,10
malpelo,la_nevera,4,2015,jp_quimbayo,4969,4969,40,21,18,3,4,suave,protected,bod_dip,bodianus_diplotaenia,3,15
malpelo,la_nevera,4,2015,jp_quimbayo,4969,4969,40,21,18,3,4,suave,protected,bod_dip,bodianus_diplotaenia,2,12
malpelo,la_nevera,4,2015,jp_quimbayo,4969,4969,40,21,18,3,4,suave,protected,bod_dip,bodianus_diplotaenia,2,30
malpelo,la_nevera,4,2015,jp_quimbayo,4969,4969,40,21,18,3,4,suave,protected,par_col,paranthias_colonus,20,30
malpelo,la_nevera,4,2015,jp_quimbayo,4969,4969,40,21,18,3,4,suave,protected,par_col,paranthias_colonus,10,10
malpelo,la_nevera,4,2015,jp_quimbayo,4969,4969,40,21,18,3,4,suave,protected,hol_pas,holacanthus_passer,4,25
malpelo,la_nevera,4,2015,jp_quimbayo,4969,4969,40,21,18,3,4,suave,protected,hol_pas,holacanthus_passer,6,30
malpelo,la_nevera,4,2015,jp_quimbayo,4969,4969,40,21,18,3,4,suave,protected,suf_ver,sufflamen_verres,1,20
malpelo,la_nevera,4,2015,jp_quimbayo,4969,4969,40,21,18,3,4,suave,protected,lep_bim,lepidonectes_bimaculata,2,3
malpelo,la_nevera,4,2015,jp_quimbayo,4969,4969,40,21,18,3,4,suave,protected,lep_bim,lepidonectes_bimaculata,1,5
malpelo,la_nevera,4,2015,jp_quimbayo,4969,4969,40,21,18,3,4,suave,protected,aca_xan,acanthurus_xanthopterus,1,45
malpelo,la_nevera,4,2015,jp_quimbayo,4969,4969,40,21,18,3,4,suave,protected,fis_com,fistularia_commersonii,1,120
malpelo,la_nevera,4,2015,jp_quimbayo,4969,4969,40,21,18,3,4,suave,protected,aro_mel,arothron_meleagris,1,25
malpelo,la_nevera,4,2015,jp_quimbayo,4969,4969,40,21,18,3,4,suave,protected,gym_dov,gymnothorax_dovii,1,80
malpelo,la_nevera,4,2015,jp_quimbayo,4969,4969,40,21,18,3,4,suave,protected,lab_den,labrisomus_dendriticus,2,7
malpelo,la_nevera,4,2015,jp_quimbayo,4969,4969,40,21,18,3,4,suave,protected,lab_den,labrisomus_dendriticus,1,12
malpelo,la_nevera,4,2015,jp_quimbayo,4969,4969,40,21,18,3,4,suave,protected,lab_den,labrisomus_dendriticus,1,12
malpelo,la_nevera,4,2015,jp_quimbayo,4969,4969,40,21,18,3,4,suave,protected,apo_atr,apogon_atradorsatus,100,7
malpelo,la_nevera,4,2015,jp_quimbayo,4969,4969,40,21,18,3,4,suave,protected,apo_atr,apogon_atradorsatus,50,5
malpelo,la_nevera,4,2015,jp_quimbayo,4969,4969,40,21,18,3,4,suave,protected,oph_ste,ophioblennius_steindachneri,1,15
malpelo,la_nevera,4,2015,jp_quimbayo,4969,4969,40,21,18,3,4,suave,protected,oph_ste,ophioblennius_steindachneri,2,10
malpelo,la_nevera,4,2015,jp_quimbayo,4969,4969,40,21,18,3,4,suave,protected,cir_oxy,cirrhitichthys_oxycephalus,100,5
malpelo,la_nevera,4,2015,jp_quimbayo,4969,4969,40,21,18,3,4,suave,protected,cir_oxy,cirrhitichthys_oxycephalus,30,10
malpelo,la_nevera,4,2015,jp_quimbayo,4969,4969,40,21,18,3,4,suave,protected,gym_dov,gymnothorax_dovii,1,120
malpelo,la_nevera,4,2015,jp_quimbayo,4969,4969,40,21,18,3,4,suave,protected,ste_bee,stegastes_beebei,2,10
malpelo,la_nevera,4,2015,jp_quimbayo,4969,4969,40,21,18,3,4,suave,protected,chr_atr,chromis_atrilobata,1,5
malpelo,la_nevera,4,2015,jp_quimbayo,4969,4969,40,21,18,3,4,suave,protected,chr_atr,chromis_atrilobata,20,7
malpelo,la_nevera,4,2015,jp_quimbayo,4969,4969,40,21,18,3,4,suave,protected,epi_lab,epinephelus_labriformis,2,20
malpelo,la_nevera,4,2015,jp_quimbayo,4969,4969,40,21,18,3,4,suave,protected,tha_luc,thalassoma_lucasanum,30,3
malpelo,la_nevera,4,2015,jp_quimbayo,4969,4969,40,21,18,3,4,suave,protected,apo_atr,apogon_atradorsatus,100,3
malpelo,la_nevera,4,2015,jp_quimbayo,4969,4969,40,21,18,3,4,suave,protected,apo_atr,apogon_atradorsatus,200,7
malpelo,la_nevera,4,2015,jp_quimbayo,4970,4970,40,21,6,3,4,suave,protected,der_der,dermatolepis_dermatolepis,1,40
malpelo,la_nevera,4,2015,jp_quimbayo,4970,4970,40,21,6,3,4,suave,protected,lep_bim,lepidonectes_bimaculata,1,3
malpelo,la_nevera,4,2015,jp_quimbayo,4970,4970,40,21,6,3,4,suave,protected,lep_bim,lepidonectes_bimaculata,2,5
malpelo,la_nevera,4,2015,jp_quimbayo,4970,4970,40,21,6,3,4,suave,protected,axo_rub,axoclinus_rubinoffi,1,3.5
malpelo,la_nevera,4,2015,jp_quimbayo,4970,4970,40,21,6,3,4,suave,protected,zan_cor,zanclus_cornutus,1,30
malpelo,la_nevera,4,2015,jp_quimbayo,4970,4970,40,21,6,3,4,suave,protected,lut_vir,lutjanus_viridis,50,20
malpelo,la_nevera,4,2015,jp_quimbayo,4970,4970,40,21,6,3,4,suave,protected,lut_vir,lutjanus_viridis,70,15
malpelo,la_nevera,4,2015,jp_quimbayo,4970,4970,40,21,6,3,4,suave,protected,bod_dip,bodianus_diplotaenia,4,30
malpelo,la_nevera,4,2015,jp_quimbayo,4970,4970,40,21,6,3,4,suave,protected,bod_dip,bodianus_diplotaenia,2,25
malpelo,la_nevera,4,2015,jp_quimbayo,4970,4970,40,21,6,3,4,suave,protected,bod_dip,bodianus_diplotaenia,4,20
malpelo,la_nevera,4,2015,jp_quimbayo,4970,4970,40,21,6,3,4,suave,protected,hol_pas,holacanthus_passer,1,25
malpelo,la_nevera,4,2015,jp_quimbayo,4970,4970,40,21,6,3,4,suave,protected,hol_pas,holacanthus_passer,4,30
malpelo,la_nevera,4,2015,jp_quimbayo,4970,4970,40,21,6,3,4,suave,protected,hol_pas,holacanthus_passer,1,12
malpelo,la_nevera,4,2015,jp_quimbayo,4970,4970,40,21,6,3,4,suave,protected,pse_nau,pseudobalistes_naufragium,1,50
malpelo,la_nevera,4,2015,jp_quimbayo,4970,4970,40,21,6,3,4,suave,protected,aro_mel,arothron_meleagris,1,25
malpelo,la_nevera,4,2015,jp_quimbayo,4970,4970,40,21,6,3,4,suave,protected,epi_lab,epinephelus_labriformis,1,15
malpelo,la_nevera,4,2015,jp_quimbayo,4970,4970,40,21,6,3,4,suave,protected,oph_ste,ophioblennius_steindachneri,1,12
malpelo,la_nevera,4,2015,jp_quimbayo,4970,4970,40,21,6,3,4,suave,protected,oph_ste,ophioblennius_steindachneri,1,15
malpelo,la_nevera,4,2015,jp_quimbayo,4970,4970,40,21,6,3,4,suave,protected,cir_riv,cirrhitus_rivulatus,1,25
malpelo,la_nevera,4,2015,jp_quimbayo,4970,4970,40,21,6,3,4,suave,protected,tha_luc,thalassoma_lucasanum,20,10
malpelo,la_nevera,4,2015,jp_quimbayo,4970,4970,40,21,6,3,4,suave,protected,tha_luc,thalassoma_lucasanum,20,5
malpelo,la_nevera,4,2015,jp_quimbayo,4970,4970,40,21,6,3,4,suave,protected,tha_luc,thalassoma_lucasanum,40,3
malpelo,la_nevera,4,2015,jp_quimbayo,4970,4970,40,21,6,3,4,suave,protected,cir_oxy,cirrhitichthys_oxycephalus,15,5
malpelo,la_nevera,4,2015,jp_quimbayo,4970,4970,40,21,6,3,4,suave,protected,cir_oxy,cirrhitichthys_oxycephalus,75,5
malpelo,la_nevera,4,2015,jp_quimbayo,4970,4970,40,21,6,3,4,suave,protected,apo_atr,apogon_atradorsatus,70,5
malpelo,la_nevera,4,2015,jp_quimbayo,4970,4970,40,21,6,3,4,suave,protected,apo_atr,apogon_atradorsatus,30,8
malpelo,la_nevera,4,2015,jp_quimbayo,4970,4970,40,21,6,3,4,suave,protected,gym_dov,gymnothorax_dovii,1,70
malpelo,la_nevera,4,2015,jp_quimbayo,4970,4970,40,21,6,3,4,suave,protected,lab_den,labrisomus_dendriticus,1,7
malpelo,la_nevera,4,2015,jp_quimbayo,4970,4970,40,21,6,3,4,suave,protected,suf_ver,sufflamen_verres,1,12
malpelo,la_nevera,4,2015,jp_quimbayo,4970,4970,40,21,6,3,4,suave,protected,ste_arc,stegastes_arcifrons,2,12
malpelo,la_nevera,4,2015,jp_quimbayo,4970,4970,40,21,6,3,4,suave,protected,ste_aca,stegastes_acapulcoensis,4,10
malpelo,la_nevera,4,2015,jp_quimbayo,4970,4970,40,21,6,3,4,suave,protected,ste_bee,stegastes_beebei,1,10
malpelo,la_nevera,4,2015,jp_quimbayo,4970,4970,40,21,6,3,4,suave,protected,ste_bee,stegastes_beebei,10,7
malpelo,la_nevera,4,2015,jp_quimbayo,4971,4971,40,21,9,3,4,suave,protected,pri_lat,prionurus_laticlavius,5,25
malpelo,la_nevera,4,2015,jp_quimbayo,4971,4971,40,21,9,3,4,suave,protected,bod_dip,bodianus_diplotaenia,1,45
malpelo,la_nevera,4,2015,jp_quimbayo,4971,4971,40,21,9,3,4,suave,protected,par_col,paranthias_colonus,25,20
malpelo,la_nevera,4,2015,jp_quimbayo,4971,4971,40,21,9,3,4,suave,protected,par_col,paranthias_colonus,70,15
malpelo,la_nevera,4,2015,jp_quimbayo,4971,4971,40,21,9,3,4,suave,protected,zan_cor,zanclus_cornutus,1,25
malpelo,la_nevera,4,2015,jp_quimbayo,4971,4971,40,21,9,3,4,suave,protected,lut_vir,lutjanus_viridis,40,20
malpelo,la_nevera,4,2015,jp_quimbayo,4971,4971,40,21,9,3,4,suave,protected,gym_dov,gymnothorax_dovii,1,60
malpelo,la_nevera,4,2015,jp_quimbayo,4971,4971,40,21,9,3,4,suave,protected,gym_dov,gymnothorax_dovii,2,120
malpelo,la_nevera,4,2015,jp_quimbayo,4971,4971,40,21,9,3,4,suave,protected,hol_pas,holacanthus_passer,1,20
malpelo,la_nevera,4,2015,jp_quimbayo,4971,4971,40,21,9,3,4,suave,protected,hol_pas,holacanthus_passer,2,30
malpelo,la_nevera,4,2015,jp_quimbayo,4971,4971,40,21,9,3,4,suave,protected,chr_atr,chromis_atrilobata,100,5
malpelo,la_nevera,4,2015,jp_quimbayo,4971,4971,40,21,9,3,4,suave,protected,chr_atr,chromis_atrilobata,100,7
malpelo,la_nevera,4,2015,jp_quimbayo,4971,4971,40,21,9,3,4,suave,protected,chr_atr,chromis_atrilobata,100,10
malpelo,la_nevera,4,2015,jp_quimbayo,4971,4971,40,21,9,3,4,suave,protected,ste_arc,stegastes_arcifrons,10,8
malpelo,la_nevera,4,2015,jp_quimbayo,4971,4971,40,21,9,3,4,suave,protected,aro_mel,arothron_meleagris,1,25
malpelo,la_nevera,4,2015,jp_quimbayo,4971,4971,40,21,9,3,4,suave,protected,suf_ver,sufflamen_verres,1,20
malpelo,la_nevera,4,2015,jp_quimbayo,4971,4971,40,21,9,3,4,suave,protected,cir_riv,cirrhitus_rivulatus,1,30
malpelo,la_nevera,4,2015,jp_quimbayo,4971,4971,40,21,9,3,4,suave,protected,tha_luc,thalassoma_lucasanum,20,5
malpelo,la_nevera,4,2015,jp_quimbayo,4971,4971,40,21,9,3,4,suave,protected,tha_luc,thalassoma_lucasanum,20,10
malpelo,la_nevera,4,2015,jp_quimbayo,4971,4971,40,21,9,3,4,suave,protected,tha_luc,thalassoma_lucasanum,50,3
malpelo,la_nevera,4,2015,jp_quimbayo,4971,4971,40,21,9,3,4,suave,protected,aca_ste,acanthemblemaria_stephensi,2,3
malpelo,la_nevera,4,2015,jp_quimbayo,4972,4972,40,21,10,3,4,suave,protected,lut_jor,lutjanus_jordani,35,40
malpelo,la_nevera,4,2015,jp_quimbayo,4972,4972,40,21,10,3,4,suave,protected,lut_jor,lutjanus_jordani,40,30
malpelo,la_nevera,4,2015,jp_quimbayo,4972,4972,40,21,10,3,4,suave,protected,lut_jor,lutjanus_jordani,50,25
malpelo,la_nevera,4,2015,jp_quimbayo,4972,4972,40,21,10,3,4,suave,protected,der_der,dermatolepis_dermatolepis,1,45
malpelo,la_nevera,4,2015,jp_quimbayo,4972,4972,40,21,10,3,4,suave,protected,der_der,dermatolepis_dermatolepis,4,25
malpelo,la_nevera,4,2015,jp_quimbayo,4972,4972,40,21,10,3,4,suave,protected,mel_nig,melichthys_niger,1,25
malpelo,la_nevera,4,2015,jp_quimbayo,4972,4972,40,21,10,3,4,suave,protected,kyp_ele,kyphosus_elegans,1,30
malpelo,la_nevera,4,2015,jp_quimbayo,4972,4972,40,21,10,3,4,suave,protected,joh_nig,johnrandallia_nigrirostris,2,15
malpelo,la_nevera,4,2015,jp_quimbayo,4972,4972,40,21,10,3,4,suave,protected,bod_dip,bodianus_diplotaenia,1,20
malpelo,la_nevera,4,2015,jp_quimbayo,4972,4972,40,21,10,3,4,suave,protected,bod_dip,bodianus_diplotaenia,2,12
malpelo,la_nevera,4,2015,jp_quimbayo,4972,4972,40,21,10,3,4,suave,protected,myr_ber,myripristis_berndti,1,20
malpelo,la_nevera,4,2015,jp_quimbayo,4972,4972,40,21,10,3,4,suave,protected,ste_bee,stegastes_beebei,1,12
malpelo,la_nevera,4,2015,jp_quimbayo,4972,4972,40,21,10,3,4,suave,protected,oph_ste,ophioblennius_steindachneri,1,12
malpelo,la_nevera,4,2015,jp_quimbayo,4972,4972,40,21,10,3,4,suave,protected,aul_chi,aulostomus_chinensis,2,50
malpelo,la_nevera,4,2015,jp_quimbayo,4972,4972,40,21,10,3,4,suave,protected,mic_dor,microspathodon_dorsalis,1,10
malpelo,la_nevera,4,2015,jp_quimbayo,4972,4972,40,21,10,3,4,suave,protected,abu_tro,abudefduf_troschelii,1,10
malpelo,la_nevera,4,2015,jp_quimbayo,4972,4972,40,21,10,3,4,suave,protected,tha_luc,thalassoma_lucasanum,30,10
malpelo,la_nevera,4,2015,jp_quimbayo,4972,4972,40,21,10,3,4,suave,protected,tha_luc,thalassoma_lucasanum,40,5
malpelo,la_nevera,4,2015,jp_quimbayo,4972,4972,40,21,10,3,4,suave,protected,ste_bee,stegastes_beebei,15,5
malpelo,la_nevera,4,2015,jp_quimbayo,4972,4972,40,21,10,3,4,suave,protected,ste_arc,stegastes_arcifrons,3,10
malpelo,la_nevera,4,2015,jp_quimbayo,4972,4972,40,21,10,3,4,suave,protected,pla_aza,plagiotremus_azaleus,10,7
malpelo,la_nevera,4,2015,jp_quimbayo,4972,4972,40,21,10,3,4,suave,protected,cir_oxy,cirrhitichthys_oxycephalus,100,7
malpelo,la_nevera,4,2015,jp_quimbayo,4972,4972,40,21,10,3,4,suave,protected,apo_atr,apogon_atradorsatus,50,5
malpelo,la_nevera,4,2015,jp_quimbayo,4972,4972,40,21,10,3,4,suave,protected,apo_atr,apogon_atradorsatus,50,8
malpelo,la_nevera,4,2015,jp_quimbayo,4972,4972,40,21,10,3,4,suave,protected,apo_atr,apogon_atradorsatus,50,7
malpelo,pared_del_naufrago,4,2015,jp_quimbayo,4973,4973,40,21,13.4,2,3,fuerte,exposed,suf_ver,sufflamen_verres,1,15
malpelo,pared_del_naufrago,4,2015,jp_quimbayo,4973,4973,40,21,13.4,2,3,fuerte,exposed,suf_ver,sufflamen_verres,1,30
malpelo,pared_del_naufrago,4,2015,jp_quimbayo,4973,4973,40,21,13.4,2,3,fuerte,exposed,apo_atr,apogon_atradorsatus,120,7
malpelo,pared_del_naufrago,4,2015,jp_quimbayo,4973,4973,40,21,13.4,2,3,fuerte,exposed,par_col,paranthias_colonus,15,10
malpelo,pared_del_naufrago,4,2015,jp_quimbayo,4973,4973,40,21,13.4,2,3,fuerte,exposed,par_col,paranthias_colonus,40,20
malpelo,pared_del_naufrago,4,2015,jp_quimbayo,4973,4973,40,21,13.4,2,3,fuerte,exposed,par_col,paranthias_colonus,5,30
malpelo,pared_del_naufrago,4,2015,jp_quimbayo,4973,4973,40,21,13.4,2,3,fuerte,exposed,gym_dov,gymnothorax_dovii,1,100
malpelo,pared_del_naufrago,4,2015,jp_quimbayo,4973,4973,40,21,13.4,2,3,fuerte,exposed,gym_dov,gymnothorax_dovii,1,70
malpelo,pared_del_naufrago,4,2015,jp_quimbayo,4973,4973,40,21,13.4,2,3,fuerte,exposed,gym_dov,gymnothorax_dovii,1,80
malpelo,pared_del_naufrago,4,2015,jp_quimbayo,4973,4973,40,21,13.4,2,3,fuerte,exposed,hol_pas,holacanthus_passer,1,20
malpelo,pared_del_naufrago,4,2015,jp_quimbayo,4973,4973,40,21,13.4,2,3,fuerte,exposed,hol_pas,holacanthus_passer,3,25
malpelo,pared_del_naufrago,4,2015,jp_quimbayo,4973,4973,40,21,13.4,2,3,fuerte,exposed,hol_pas,holacanthus_passer,2,15
malpelo,pared_del_naufrago,4,2015,jp_quimbayo,4973,4973,40,21,13.4,2,3,fuerte,exposed,hol_pas,holacanthus_passer,5,3
malpelo,pared_del_naufrago,4,2015,jp_quimbayo,4973,4973,40,21,13.4,2,3,fuerte,exposed,chr_atr,chromis_atrilobata,200,5
malpelo,pared_del_naufrago,4,2015,jp_quimbayo,4973,4973,40,21,13.4,2,3,fuerte,exposed,bod_dip,bodianus_diplotaenia,1,15
malpelo,pared_del_naufrago,4,2015,jp_quimbayo,4973,4973,40,21,13.4,2,3,fuerte,exposed,bod_dip,bodianus_diplotaenia,1,5
malpelo,pared_del_naufrago,4,2015,jp_quimbayo,4973,4973,40,21,13.4,2,3,fuerte,exposed,joh_nig,johnrandallia_nigrirostris,1,12
malpelo,pared_del_naufrago,4,2015,jp_quimbayo,4973,4973,40,21,13.4,2,3,fuerte,exposed,epi_lab,epinephelus_labriformis,1,45
malpelo,pared_del_naufrago,4,2015,jp_quimbayo,4973,4973,40,21,13.4,2,3,fuerte,exposed,epi_lab,epinephelus_labriformis,1,35
malpelo,pared_del_naufrago,4,2015,jp_quimbayo,4973,4973,40,21,13.4,2,3,fuerte,exposed,epi_lab,epinephelus_labriformis,1,20
malpelo,pared_del_naufrago,4,2015,jp_quimbayo,4973,4973,40,21,13.4,2,3,fuerte,exposed,oph_ste,ophioblennius_steindachneri,2,10
malpelo,pared_del_naufrago,4,2015,jp_quimbayo,4973,4973,40,21,13.4,2,3,fuerte,exposed,oph_ste,ophioblennius_steindachneri,1,7
malpelo,pared_del_naufrago,4,2015,jp_quimbayo,4973,4973,40,21,13.4,2,3,fuerte,exposed,tha_luc,thalassoma_lucasanum,5,5
malpelo,pared_del_naufrago,4,2015,jp_quimbayo,4973,4973,40,21,13.4,2,3,fuerte,exposed,ste_arc,stegastes_arcifrons,22,5
malpelo,pared_del_naufrago,4,2015,jp_quimbayo,4973,4973,40,21,13.4,2,3,fuerte,exposed,ste_arc,stegastes_arcifrons,6,10
malpelo,pared_del_naufrago,4,2015,jp_quimbayo,4973,4973,40,21,13.4,2,3,fuerte,exposed,ste_arc,stegastes_arcifrons,4,7
malpelo,pared_del_naufrago,4,2015,jp_quimbayo,4973,4973,40,21,13.4,2,3,fuerte,exposed,apo_atr,apogon_atradorsatus,100,5
malpelo,pared_del_naufrago,4,2015,jp_quimbayo,4973,4973,40,21,13.4,2,3,fuerte,exposed,lab_den,labrisomus_dendriticus,1,7
malpelo,pared_del_naufrago,4,2015,jp_quimbayo,4973,4973,40,21,13.4,2,3,fuerte,exposed,cir_oxy,cirrhitichthys_oxycephalus,120,5
malpelo,pared_del_naufrago,4,2015,jp_quimbayo,4973,4973,40,21,13.4,2,3,fuerte,exposed,myr_lei,myripristis_leiognathus,3,10
malpelo,pared_del_naufrago,4,2015,jp_quimbayo,4973,4973,40,21,13.4,2,3,fuerte,exposed,par_col,paranthias_colonus,7,10
malpelo,pared_del_naufrago,4,2015,jp_quimbayo,4973,4973,40,21,13.4,2,3,fuerte,exposed,hal_mal,halichoeres_malpelo,1,12
malpelo,pared_del_naufrago,4,2015,jp_quimbayo,4973,4973,40,21,13.4,2,3,fuerte,exposed,hal_mal,halichoeres_malpelo,1,10
malpelo,pared_del_naufrago,4,2015,jp_quimbayo,4974,4974,40,21,25.6,2,3,fuerte,exposed,bod_dip,bodianus_diplotaenia,2,12
malpelo,pared_del_naufrago,4,2015,jp_quimbayo,4974,4974,40,21,25.6,2,3,fuerte,exposed,hol_pas,holacanthus_passer,1,12
malpelo,pared_del_naufrago,4,2015,jp_quimbayo,4974,4974,40,21,25.6,2,3,fuerte,exposed,hol_pas,holacanthus_passer,1,3
malpelo,pared_del_naufrago,4,2015,jp_quimbayo,4974,4974,40,21,25.6,2,3,fuerte,exposed,hol_pas,holacanthus_passer,1,20
malpelo,pared_del_naufrago,4,2015,jp_quimbayo,4974,4974,40,21,25.6,2,3,fuerte,exposed,hol_pas,holacanthus_passer,1,12
malpelo,pared_del_naufrago,4,2015,jp_quimbayo,4974,4974,40,21,25.6,2,3,fuerte,exposed,par_col,paranthias_colonus,15,30
malpelo,pared_del_naufrago,4,2015,jp_quimbayo,4974,4974,40,21,25.6,2,3,fuerte,exposed,par_col,paranthias_colonus,20,25
malpelo,pared_del_naufrago,4,2015,jp_quimbayo,4974,4974,40,21,25.6,2,3,fuerte,exposed,pri_lat,prionurus_laticlavius,2,25
malpelo,pared_del_naufrago,4,2015,jp_quimbayo,4974,4974,40,21,25.6,2,3,fuerte,exposed,bod_dip,bodianus_diplotaenia,2,15
malpelo,pared_del_naufrago,4,2015,jp_quimbayo,4974,4974,40,21,25.6,2,3,fuerte,exposed,aro_mel,arothron_meleagris,1,20
malpelo,pared_del_naufrago,4,2015,jp_quimbayo,4974,4974,40,21,25.6,2,3,fuerte,exposed,aro_mel,arothron_meleagris,2,25
malpelo,pared_del_naufrago,4,2015,jp_quimbayo,4974,4974,40,21,25.6,2,3,fuerte,exposed,aul_chi,aulostomus_chinensis,1,40
malpelo,pared_del_naufrago,4,2015,jp_quimbayo,4974,4974,40,21,25.6,2,3,fuerte,exposed,myc_olf,mycteroperca_olfax,1,60
malpelo,pared_del_naufrago,4,2015,jp_quimbayo,4974,4974,40,21,25.6,2,3,fuerte,exposed,myc_olf,mycteroperca_olfax,1,50
malpelo,pared_del_naufrago,4,2015,jp_quimbayo,4974,4974,40,21,25.6,2,3,fuerte,exposed,epi_lab,epinephelus_labriformis,3,40
malpelo,pared_del_naufrago,4,2015,jp_quimbayo,4974,4974,40,21,25.6,2,3,fuerte,exposed,epi_lab,epinephelus_labriformis,1,35
malpelo,pared_del_naufrago,4,2015,jp_quimbayo,4974,4974,40,21,25.6,2,3,fuerte,exposed,suf_ver,sufflamen_verres,1,25
malpelo,pared_del_naufrago,4,2015,jp_quimbayo,4974,4974,40,21,25.6,2,3,fuerte,exposed,gym_dov,gymnothorax_dovii,1,120
malpelo,pared_del_naufrago,4,2015,jp_quimbayo,4974,4974,40,21,25.6,2,3,fuerte,exposed,gym_dov,gymnothorax_dovii,1,100
malpelo,pared_del_naufrago,4,2015,jp_quimbayo,4974,4974,40,21,25.6,2,3,fuerte,exposed,apo_atr,apogon_atradorsatus,50,7
malpelo,pared_del_naufrago,4,2015,jp_quimbayo,4974,4974,40,21,25.6,2,3,fuerte,exposed,apo_atr,apogon_atradorsatus,50,5
malpelo,pared_del_naufrago,4,2015,jp_quimbayo,4974,4974,40,21,25.6,2,3,fuerte,exposed,apo_atr,apogon_atradorsatus,40,3
malpelo,pared_del_naufrago,4,2015,jp_quimbayo,4974,4974,40,21,25.6,2,3,fuerte,exposed,apo_atr,apogon_atradorsatus,57,4
malpelo,pared_del_naufrago,4,2015,jp_quimbayo,4974,4974,40,21,25.6,2,3,fuerte,exposed,cir_oxy,cirrhitichthys_oxycephalus,50,5
malpelo,pared_del_naufrago,4,2015,jp_quimbayo,4974,4974,40,21,25.6,2,3,fuerte,exposed,cir_oxy,cirrhitichthys_oxycephalus,30,7
malpelo,pared_del_naufrago,4,2015,jp_quimbayo,4974,4974,40,21,25.6,2,3,fuerte,exposed,cir_oxy,cirrhitichthys_oxycephalus,12,3
malpelo,pared_del_naufrago,4,2015,jp_quimbayo,4974,4974,40,21,25.6,2,3,fuerte,exposed,lab_den,labrisomus_dendriticus,2,12
malpelo,pared_del_naufrago,4,2015,jp_quimbayo,4974,4974,40,21,25.6,2,3,fuerte,exposed,ste_arc,stegastes_arcifrons,3,10
malpelo,pared_del_naufrago,4,2015,jp_quimbayo,4974,4974,40,21,25.6,2,3,fuerte,exposed,suf_ver,sufflamen_verres,5,5
malpelo,pared_del_naufrago,4,2015,jp_quimbayo,4974,4974,40,21,25.6,2,3,fuerte,exposed,ste_bee,stegastes_beebei,1,5
malpelo,pared_del_naufrago,4,2015,jp_quimbayo,4974,4974,40,21,25.6,2,3,fuerte,exposed,ste_bee,stegastes_beebei,2,7
malpelo,pared_del_naufrago,4,2015,jp_quimbayo,4975,4975,40,21,25.4,2,3,fuerte,exposed,suf_ver,sufflamen_verres,1,12
malpelo,pared_del_naufrago,4,2015,jp_quimbayo,4975,4975,40,21,25.4,2,3,fuerte,exposed,par_col,paranthias_colonus,17,15
malpelo,pared_del_naufrago,4,2015,jp_quimbayo,4975,4975,40,21,25.4,2,3,fuerte,exposed,par_col,paranthias_colonus,31,27
malpelo,pared_del_naufrago,4,2015,jp_quimbayo,4975,4975,40,21,25.4,2,3,fuerte,exposed,hol_pas,holacanthus_passer,7,12
malpelo,pared_del_naufrago,4,2015,jp_quimbayo,4975,4975,40,21,25.4,2,3,fuerte,exposed,hol_pas,holacanthus_passer,2,15
malpelo,pared_del_naufrago,4,2015,jp_quimbayo,4975,4975,40,21,25.4,2,3,fuerte,exposed,hol_pas,holacanthus_passer,3,3
malpelo,pared_del_naufrago,4,2015,jp_quimbayo,4975,4975,40,21,25.4,2,3,fuerte,exposed,hal_mal,halichoeres_malpelo,3,12
malpelo,pared_del_naufrago,4,2015,jp_quimbayo,4975,4975,40,21,25.4,2,3,fuerte,exposed,gym_dov,gymnothorax_dovii,1,80
malpelo,pared_del_naufrago,4,2015,jp_quimbayo,4975,4975,40,21,25.4,2,3,fuerte,exposed,gym_dov,gymnothorax_dovii,2,60
malpelo,pared_del_naufrago,4,2015,jp_quimbayo,4975,4975,40,21,25.4,2,3,fuerte,exposed,gym_dov,gymnothorax_dovii,1,70
malpelo,pared_del_naufrago,4,2015,jp_quimbayo,4975,4975,40,21,25.4,2,3,fuerte,exposed,can_mcu,canthidermis_maculata,10,35
malpelo,pared_del_naufrago,4,2015,jp_quimbayo,4975,4975,40,21,25.4,2,3,fuerte,exposed,epi_lab,epinephelus_labriformis,1,45
malpelo,pared_del_naufrago,4,2015,jp_quimbayo,4975,4975,40,21,25.4,2,3,fuerte,exposed,pri_lat,prionurus_laticlavius,1,35
malpelo,pared_del_naufrago,4,2015,jp_quimbayo,4975,4975,40,21,25.4,2,3,fuerte,exposed,bod_dip,bodianus_diplotaenia,1,40
malpelo,pared_del_naufrago,4,2015,jp_quimbayo,4975,4975,40,21,25.4,2,3,fuerte,exposed,bod_dip,bodianus_diplotaenia,1,25
malpelo,pared_del_naufrago,4,2015,jp_quimbayo,4975,4975,40,21,25.4,2,3,fuerte,exposed,myc_olf,mycteroperca_olfax,1,45
malpelo,pared_del_naufrago,4,2015,jp_quimbayo,4975,4975,40,21,25.4,2,3,fuerte,exposed,hal_dis,halichoeres_discolor,1,12
malpelo,pared_del_naufrago,4,2015,jp_quimbayo,4975,4975,40,21,25.4,2,3,fuerte,exposed,der_der,dermatolepis_dermatolepis,1,20
malpelo,pared_del_naufrago,4,2015,jp_quimbayo,4975,4975,40,21,25.4,2,3,fuerte,exposed,apo_atr,apogon_atradorsatus,40,3
malpelo,pared_del_naufrago,4,2015,jp_quimbayo,4975,4975,40,21,25.4,2,3,fuerte,exposed,apo_atr,apogon_atradorsatus,10,3
malpelo,pared_del_naufrago,4,2015,jp_quimbayo,4975,4975,40,21,25.4,2,3,fuerte,exposed,ste_bee,stegastes_beebei,1,7
malpelo,pared_del_naufrago,4,2015,jp_quimbayo,4975,4975,40,21,25.4,2,3,fuerte,exposed,cir_oxy,cirrhitichthys_oxycephalus,20,3
malpelo,pared_del_naufrago,4,2015,jp_quimbayo,4975,4975,40,21,25.4,2,3,fuerte,exposed,cir_oxy,cirrhitichthys_oxycephalus,40,5
malpelo,pared_del_naufrago,4,2015,jp_quimbayo,4975,4975,40,21,25.4,2,3,fuerte,exposed,lab_den,labrisomus_dendriticus,3,12
malpelo,pared_del_naufrago,4,2015,jp_quimbayo,4976,4976,40,21,13,2,3,fuerte,exposed,lep_bim,lepidonectes_bimaculata,2,3
malpelo,pared_del_naufrago,4,2015,jp_quimbayo,4976,4976,40,21,13,2,3,fuerte,exposed,lep_bim,lepidonectes_bimaculata,1,4
malpelo,pared_del_naufrago,4,2015,jp_quimbayo,4976,4976,40,21,13,2,3,fuerte,exposed,hal_dis,halichoeres_discolor,2,12
malpelo,pared_del_naufrago,4,2015,jp_quimbayo,4976,4976,40,21,13,2,3,fuerte,exposed,hal_dis,halichoeres_discolor,3,10
malpelo,pared_del_naufrago,4,2015,jp_quimbayo,4976,4976,40,21,13,2,3,fuerte,exposed,suf_ver,sufflamen_verres,1,15
malpelo,pared_del_naufrago,4,2015,jp_quimbayo,4976,4976,40,21,13,2,3,fuerte,exposed,suf_ver,sufflamen_verres,1,20
malpelo,pared_del_naufrago,4,2015,jp_quimbayo,4976,4976,40,21,13,2,3,fuerte,exposed,suf_ver,sufflamen_verres,1,25
malpelo,pared_del_naufrago,4,2015,jp_quimbayo,4976,4976,40,21,13,2,3,fuerte,exposed,par_col,paranthias_colonus,100,12
malpelo,pared_del_naufrago,4,2015,jp_quimbayo,4976,4976,40,21,13,2,3,fuerte,exposed,epi_lab,epinephelus_labriformis,1,40
malpelo,pared_del_naufrago,4,2015,jp_quimbayo,4976,4976,40,21,13,2,3,fuerte,exposed,epi_lab,epinephelus_labriformis,1,35
malpelo,pared_del_naufrago,4,2015,jp_quimbayo,4976,4976,40,21,13,2,3,fuerte,exposed,chr_atr,chromis_atrilobata,50,5
malpelo,pared_del_naufrago,4,2015,jp_quimbayo,4976,4976,40,21,13,2,3,fuerte,exposed,tha_luc,thalassoma_lucasanum,3,10
malpelo,pared_del_naufrago,4,2015,jp_quimbayo,4976,4976,40,21,13,2,3,fuerte,exposed,tha_luc,thalassoma_lucasanum,30,10
malpelo,pared_del_naufrago,4,2015,jp_quimbayo,4976,4976,40,21,13,2,3,fuerte,exposed,tha_luc,thalassoma_lucasanum,40,7
malpelo,pared_del_naufrago,4,2015,jp_quimbayo,4976,4976,40,21,13,2,3,fuerte,exposed,gym_dov,gymnothorax_dovii,1,80
malpelo,pared_del_naufrago,4,2015,jp_quimbayo,4976,4976,40,21,13,2,3,fuerte,exposed,ste_bee,stegastes_beebei,3,7
malpelo,pared_del_naufrago,4,2015,jp_quimbayo,4976,4976,40,21,13,2,3,fuerte,exposed,ste_bee,stegastes_beebei,1,10
malpelo,pared_del_naufrago,4,2015,jp_quimbayo,4976,4976,40,21,13,2,3,fuerte,exposed,joh_nig,johnrandallia_nigrirostris,5,15
malpelo,pared_del_naufrago,4,2015,jp_quimbayo,4976,4976,40,21,13,2,3,fuerte,exposed,joh_nig,johnrandallia_nigrirostris,4,12
malpelo,pared_del_naufrago,4,2015,jp_quimbayo,4976,4976,40,21,13,2,3,fuerte,exposed,bod_dip,bodianus_diplotaenia,1,10
malpelo,pared_del_naufrago,4,2015,jp_quimbayo,4976,4976,40,21,13,2,3,fuerte,exposed,aca_xan,acanthurus_xanthopterus,2,45
malpelo,pared_del_naufrago,4,2015,jp_quimbayo,4976,4976,40,21,13,2,3,fuerte,exposed,mul_den,mulloidichthys_dentatus,1,12
malpelo,pared_del_naufrago,4,2015,jp_quimbayo,4976,4976,40,21,13,2,3,fuerte,exposed,ost_mel,ostracion_meleagris,1,10
malpelo,pared_del_naufrago,4,2015,jp_quimbayo,4976,4976,40,21,13,2,3,fuerte,exposed,apo_atr,apogon_atradorsatus,80,5
malpelo,pared_del_naufrago,4,2015,jp_quimbayo,4976,4976,40,21,13,2,3,fuerte,exposed,apo_atr,apogon_atradorsatus,45,7
malpelo,pared_del_naufrago,4,2015,jp_quimbayo,4976,4976,40,21,13,2,3,fuerte,exposed,apo_atr,apogon_atradorsatus,20,8
malpelo,pared_del_naufrago,4,2015,jp_quimbayo,4976,4976,40,21,13,2,3,fuerte,exposed,cir_riv,cirrhitus_rivulatus,5,20
malpelo,pared_del_naufrago,4,2015,jp_quimbayo,4976,4976,40,21,13,2,3,fuerte,exposed,cir_riv,cirrhitus_rivulatus,3,40
malpelo,pared_del_naufrago,4,2015,jp_quimbayo,4976,4976,40,21,13,2,3,fuerte,exposed,ste_arc,stegastes_arcifrons,5,10
malpelo,pared_del_naufrago,4,2015,jp_quimbayo,4976,4976,40,21,13,2,3,fuerte,exposed,ste_arc,stegastes_arcifrons,2,12
malpelo,pared_del_naufrago,4,2015,jp_quimbayo,4976,4976,40,21,13,2,3,fuerte,exposed,oph_ste,ophioblennius_steindachneri,1,5
malpelo,pared_del_naufrago,4,2015,jp_quimbayo,4976,4976,40,21,13,2,3,fuerte,exposed,oph_ste,ophioblennius_steindachneri,2,7
malpelo,pared_del_naufrago,4,2015,jp_quimbayo,4976,4976,40,21,13,2,3,fuerte,exposed,oph_ste,ophioblennius_steindachneri,1,10
malpelo,pared_del_naufrago,4,2015,jp_quimbayo,4976,4976,40,21,13,2,3,fuerte,exposed,oph_ste,ophioblennius_steindachneri,3,15
malpelo,pared_del_naufrago,4,2015,jp_quimbayo,4977,4977,40,21,11.1,2,3,fuerte,exposed,par_col,paranthias_colonus,50,15
malpelo,pared_del_naufrago,4,2015,jp_quimbayo,4977,4977,40,21,11.1,2,3,fuerte,exposed,par_col,paranthias_colonus,20,20
malpelo,pared_del_naufrago,4,2015,jp_quimbayo,4977,4977,40,21,11.1,2,3,fuerte,exposed,par_col,paranthias_colonus,40,10
malpelo,pared_del_naufrago,4,2015,jp_quimbayo,4977,4977,40,21,11.1,2,3,fuerte,exposed,lut_vir,lutjanus_viridis,2,15
malpelo,pared_del_naufrago,4,2015,jp_quimbayo,4977,4977,40,21,11.1,2,3,fuerte,exposed,chr_atr,chromis_atrilobata,200,5
malpelo,pared_del_naufrago,4,2015,jp_quimbayo,4977,4977,40,21,11.1,2,3,fuerte,exposed,chr_atr,chromis_atrilobata,200,7
malpelo,pared_del_naufrago,4,2015,jp_quimbayo,4977,4977,40,21,11.1,2,3,fuerte,exposed,chr_atr,chromis_atrilobata,100,10
malpelo,pared_del_naufrago,4,2015,jp_quimbayo,4977,4977,40,21,11.1,2,3,fuerte,exposed,hol_pas,holacanthus_passer,2,30
malpelo,pared_del_naufrago,4,2015,jp_quimbayo,4977,4977,40,21,11.1,2,3,fuerte,exposed,hol_pas,holacanthus_passer,4,20
malpelo,pared_del_naufrago,4,2015,jp_quimbayo,4977,4977,40,21,11.1,2,3,fuerte,exposed,joh_nig,johnrandallia_nigrirostris,4,10
malpelo,pared_del_naufrago,4,2015,jp_quimbayo,4977,4977,40,21,11.1,2,3,fuerte,exposed,joh_nig,johnrandallia_nigrirostris,2,15
malpelo,pared_del_naufrago,4,2015,jp_quimbayo,4977,4977,40,21,11.1,2,3,fuerte,exposed,myc_olf,mycteroperca_olfax,1,30
malpelo,pared_del_naufrago,4,2015,jp_quimbayo,4977,4977,40,21,11.1,2,3,fuerte,exposed,bod_dip,bodianus_diplotaenia,1,20
malpelo,pared_del_naufrago,4,2015,jp_quimbayo,4977,4977,40,21,11.1,2,3,fuerte,exposed,suf_ver,sufflamen_verres,1,15
malpelo,pared_del_naufrago,4,2015,jp_quimbayo,4977,4977,40,21,11.1,2,3,fuerte,exposed,suf_ver,sufflamen_verres,1,35
malpelo,pared_del_naufrago,4,2015,jp_quimbayo,4977,4977,40,21,11.1,2,3,fuerte,exposed,hal_mal,halichoeres_malpelo,1,12
malpelo,pared_del_naufrago,4,2015,jp_quimbayo,4977,4977,40,21,11.1,2,3,fuerte,exposed,apo_atr,apogon_atradorsatus,100,5
malpelo,pared_del_naufrago,4,2015,jp_quimbayo,4977,4977,40,21,11.1,2,3,fuerte,exposed,tha_luc,thalassoma_lucasanum,5,15
malpelo,pared_del_naufrago,4,2015,jp_quimbayo,4977,4977,40,21,11.1,2,3,fuerte,exposed,tha_luc,thalassoma_lucasanum,10,15
malpelo,pared_del_naufrago,4,2015,jp_quimbayo,4977,4977,40,21,11.1,2,3,fuerte,exposed,gym_dov,gymnothorax_dovii,1,80
malpelo,pared_del_naufrago,4,2015,jp_quimbayo,4977,4977,40,21,11.1,2,3,fuerte,exposed,gym_dov,gymnothorax_dovii,1,60
malpelo,pared_del_naufrago,4,2015,jp_quimbayo,4977,4977,40,21,11.1,2,3,fuerte,exposed,gym_dov,gymnothorax_dovii,1,70
malpelo,pared_del_naufrago,4,2015,jp_quimbayo,4977,4977,40,21,11.1,2,3,fuerte,exposed,zan_cor,zanclus_cornutus,1,25
malpelo,pared_del_naufrago,4,2015,jp_quimbayo,4977,4977,40,21,11.1,2,3,fuerte,exposed,ost_mel,ostracion_meleagris,1,12
malpelo,pared_del_naufrago,4,2015,jp_quimbayo,4977,4977,40,21,11.1,2,3,fuerte,exposed,epi_lab,epinephelus_labriformis,1,40
malpelo,pared_del_naufrago,4,2015,jp_quimbayo,4977,4977,40,21,11.1,2,3,fuerte,exposed,mel_nig,melichthys_niger,1,25
malpelo,pared_del_naufrago,4,2015,jp_quimbayo,4977,4977,40,21,11.1,2,3,fuerte,exposed,oph_ste,ophioblennius_steindachneri,1,12
malpelo,pared_del_naufrago,4,2015,jp_quimbayo,4977,4977,40,21,11.1,2,3,fuerte,exposed,oph_ste,ophioblennius_steindachneri,2,15
malpelo,pared_del_naufrago,4,2015,jp_quimbayo,4977,4977,40,21,11.1,2,3,fuerte,exposed,pla_aza,plagiotremus_azaleus,20,7
malpelo,pared_del_naufrago,4,2015,jp_quimbayo,4977,4977,40,21,11.1,2,3,fuerte,exposed,tha_luc,thalassoma_lucasanum,3,14
malpelo,pared_del_naufrago,4,2015,jp_quimbayo,4977,4977,40,21,11.1,2,3,fuerte,exposed,tha_luc,thalassoma_lucasanum,10,15
malpelo,pared_del_naufrago,4,2015,jp_quimbayo,4978,4978,40,21,22,2,3,fuerte,exposed,apo_atr,apogon_atradorsatus,200,7
malpelo,pared_del_naufrago,4,2015,jp_quimbayo,4978,4978,40,21,22,2,3,fuerte,exposed,aro_mel,arothron_meleagris,1,15
malpelo,pared_del_naufrago,4,2015,jp_quimbayo,4978,4978,40,21,22,2,3,fuerte,exposed,hol_pas,holacanthus_passer,1,10
malpelo,pared_del_naufrago,4,2015,jp_quimbayo,4978,4978,40,21,22,2,3,fuerte,exposed,ste_bee,stegastes_beebei,1,8
malpelo,pared_del_naufrago,4,2015,jp_quimbayo,4978,4978,40,21,22,2,3,fuerte,exposed,par_col,paranthias_colonus,100,10
malpelo,pared_del_naufrago,4,2015,jp_quimbayo,4978,4978,40,21,22,2,3,fuerte,exposed,suf_ver,sufflamen_verres,1,15
malpelo,pared_del_naufrago,4,2015,jp_quimbayo,4978,4978,40,21,22,2,3,fuerte,exposed,gym_dov,gymnothorax_dovii,1,50
malpelo,pared_del_naufrago,4,2015,jp_quimbayo,4978,4978,40,21,22,2,3,fuerte,exposed,hol_pas,holacanthus_passer,1,30
malpelo,pared_del_naufrago,4,2015,jp_quimbayo,4978,4978,40,21,22,2,3,fuerte,exposed,pri_lat,prionurus_laticlavius,3,30
malpelo,pared_del_naufrago,4,2015,jp_quimbayo,4979,4979,40,21,23,2,3,fuerte,exposed,apo_atr,apogon_atradorsatus,200,7
malpelo,pared_del_naufrago,4,2015,jp_quimbayo,4979,4979,40,21,23,2,3,fuerte,exposed,hol_pas,holacanthus_passer,2,10
malpelo,pared_del_naufrago,4,2015,jp_quimbayo,4979,4979,40,21,23,2,3,fuerte,exposed,par_col,paranthias_colonus,100,8
malpelo,pared_del_naufrago,4,2015,jp_quimbayo,4979,4979,40,21,23,2,3,fuerte,exposed,ste_arc,stegastes_arcifrons,2,8
malpelo,pared_del_naufrago,4,2015,jp_quimbayo,4979,4979,40,21,23,2,3,fuerte,exposed,lab_den,labrisomus_dendriticus,1,10
malpelo,pared_del_naufrago,4,2015,jp_quimbayo,4979,4979,40,21,23,2,3,fuerte,exposed,gym_dov,gymnothorax_dovii,1,50
malpelo,pared_del_naufrago,4,2015,jp_quimbayo,4979,4979,40,21,23,2,3,fuerte,exposed,bod_dip,bodianus_diplotaenia,1,15
malpelo,pared_del_naufrago,4,2015,jp_quimbayo,4979,4979,40,21,23,2,3,fuerte,exposed,hol_pas,holacanthus_passer,2,20
malpelo,pared_del_naufrago,4,2015,jp_quimbayo,4979,4979,40,21,23,2,3,fuerte,exposed,pri_lat,prionurus_laticlavius,1,30
malpelo,pared_del_naufrago,4,2015,jp_quimbayo,4979,4979,40,21,23,2,3,fuerte,exposed,hol_pas,holacanthus_passer,1,20
malpelo,pared_del_naufrago,4,2015,jp_quimbayo,4980,4980,40,21,20.6,2,3,fuerte,exposed,cir_riv,cirrhitus_rivulatus,1,25
malpelo,pared_del_naufrago,4,2015,jp_quimbayo,4980,4980,40,21,20.6,2,3,fuerte,exposed,apo_atr,apogon_atradorsatus,200,7
malpelo,pared_del_naufrago,4,2015,jp_quimbayo,4980,4980,40,21,20.6,2,3,fuerte,exposed,bod_dip,bodianus_diplotaenia,1,30
malpelo,pared_del_naufrago,4,2015,jp_quimbayo,4980,4980,40,21,20.6,2,3,fuerte,exposed,par_col,paranthias_colonus,20,10
malpelo,pared_del_naufrago,4,2015,jp_quimbayo,4980,4980,40,21,20.6,2,3,fuerte,exposed,tha_luc,thalassoma_lucasanum,8,10
malpelo,pared_del_naufrago,4,2015,jp_quimbayo,4980,4980,40,21,20.6,2,3,fuerte,exposed,ste_arc,stegastes_arcifrons,1,8
malpelo,pared_del_naufrago,4,2015,jp_quimbayo,4980,4980,40,21,20.6,2,3,fuerte,exposed,ste_arc,stegastes_arcifrons,1,5
malpelo,pared_del_naufrago,4,2015,jp_quimbayo,4980,4980,40,21,20.6,2,3,fuerte,exposed,suf_ver,sufflamen_verres,1,10
malpelo,pared_del_naufrago,4,2015,jp_quimbayo,4981,4981,40,21,21,2,3,fuerte,exposed,hal_mal,halichoeres_malpelo,4,10
malpelo,pared_del_naufrago,4,2015,jp_quimbayo,4981,4981,40,21,21,2,3,fuerte,exposed,ser_tic,serranus_tico,2,8
malpelo,pared_del_naufrago,4,2015,jp_quimbayo,4981,4981,40,21,21,2,3,fuerte,exposed,ser_tic,serranus_tico,1,8
malpelo,pared_del_naufrago,4,2015,jp_quimbayo,4981,4981,40,21,21,2,3,fuerte,exposed,myc_olf,mycteroperca_olfax,2,30
malpelo,pared_del_naufrago,4,2015,jp_quimbayo,4981,4981,40,21,21,2,3,fuerte,exposed,pri_lat,prionurus_laticlavius,1,25
malpelo,pared_del_naufrago,4,2015,jp_quimbayo,4981,4981,40,21,21,2,3,fuerte,exposed,tha_luc,thalassoma_lucasanum,10,10
malpelo,pared_del_naufrago,4,2015,jp_quimbayo,4982,4982,40,21,19,2,3,fuerte,exposed,par_col,paranthias_colonus,200,10
malpelo,pared_del_naufrago,4,2015,jp_quimbayo,4982,4982,40,21,19,2,3,fuerte,exposed,par_col,paranthias_colonus,20,15
malpelo,pared_del_naufrago,4,2015,jp_quimbayo,4982,4982,40,21,19,2,3,fuerte,exposed,apo_atr,apogon_atradorsatus,200,7
malpelo,pared_del_naufrago,4,2015,jp_quimbayo,4982,4982,40,21,19,2,3,fuerte,exposed,aro_mel,arothron_meleagris,1,10
malpelo,pared_del_naufrago,4,2015,jp_quimbayo,4982,4982,40,21,19,2,3,fuerte,exposed,ste_arc,stegastes_arcifrons,4,8
malpelo,pared_del_naufrago,4,2015,jp_quimbayo,4982,4982,40,21,19,2,3,fuerte,exposed,suf_ver,sufflamen_verres,2,10
malpelo,pared_del_naufrago,4,2015,jp_quimbayo,4982,4982,40,21,19,2,3,fuerte,exposed,chr_atr,chromis_atrilobata,20,8
malpelo,pared_del_naufrago,4,2015,jp_quimbayo,4982,4982,40,21,19,2,3,fuerte,exposed,bod_dip,bodianus_diplotaenia,1,10
malpelo,pared_del_naufrago,4,2015,jp_quimbayo,4983,4983,40,21,15,2,3,fuerte,exposed,par_col,paranthias_colonus,1,12
malpelo,pared_del_naufrago,4,2015,jp_quimbayo,4983,4983,40,21,15,2,3,fuerte,exposed,par_col,paranthias_colonus,4,20
malpelo,pared_del_naufrago,4,2015,jp_quimbayo,4983,4983,40,21,15,2,3,fuerte,exposed,der_der,dermatolepis_dermatolepis,1,40
malpelo,pared_del_naufrago,4,2015,jp_quimbayo,4983,4983,40,21,15,2,3,fuerte,exposed,der_der,dermatolepis_dermatolepis,2,30
malpelo,pared_del_naufrago,4,2015,jp_quimbayo,4983,4983,40,21,15,2,3,fuerte,exposed,der_der,dermatolepis_dermatolepis,1,20
malpelo,pared_del_naufrago,4,2015,jp_quimbayo,4983,4983,40,21,15,2,3,fuerte,exposed,der_der,dermatolepis_dermatolepis,2,5
malpelo,pared_del_naufrago,4,2015,jp_quimbayo,4983,4983,40,21,15,2,3,fuerte,exposed,hol_pas,holacanthus_passer,1,15
malpelo,pared_del_naufrago,4,2015,jp_quimbayo,4983,4983,40,21,15,2,3,fuerte,exposed,hol_pas,holacanthus_passer,2,25
malpelo,pared_del_naufrago,4,2015,jp_quimbayo,4983,4983,40,21,15,2,3,fuerte,exposed,lut_vir,lutjanus_viridis,4,20
malpelo,pared_del_naufrago,4,2015,jp_quimbayo,4983,4983,40,21,15,2,3,fuerte,exposed,lut_vir,lutjanus_viridis,4,15
malpelo,pared_del_naufrago,4,2015,jp_quimbayo,4983,4983,40,21,15,2,3,fuerte,exposed,lut_vir,lutjanus_viridis,12,10
malpelo,pared_del_naufrago,4,2015,jp_quimbayo,4983,4983,40,21,15,2,3,fuerte,exposed,bod_dip,bodianus_diplotaenia,1,15
malpelo,pared_del_naufrago,4,2015,jp_quimbayo,4983,4983,40,21,15,2,3,fuerte,exposed,bod_dip,bodianus_diplotaenia,1,20
malpelo,pared_del_naufrago,4,2015,jp_quimbayo,4983,4983,40,21,15,2,3,fuerte,exposed,epi_lab,epinephelus_labriformis,1,45
malpelo,pared_del_naufrago,4,2015,jp_quimbayo,4983,4983,40,21,15,2,3,fuerte,exposed,epi_lab,epinephelus_labriformis,2,35
malpelo,pared_del_naufrago,4,2015,jp_quimbayo,4983,4983,40,21,15,2,3,fuerte,exposed,epi_lab,epinephelus_labriformis,1,15
malpelo,pared_del_naufrago,4,2015,jp_quimbayo,4983,4983,40,21,15,2,3,fuerte,exposed,myc_olf,mycteroperca_olfax,1,40
malpelo,pared_del_naufrago,4,2015,jp_quimbayo,4983,4983,40,21,15,2,3,fuerte,exposed,apo_atr,apogon_atradorsatus,100,5
malpelo,pared_del_naufrago,4,2015,jp_quimbayo,4983,4983,40,21,15,2,3,fuerte,exposed,apo_atr,apogon_atradorsatus,20,7
malpelo,pared_del_naufrago,4,2015,jp_quimbayo,4983,4983,40,21,15,2,3,fuerte,exposed,cir_oxy,cirrhitichthys_oxycephalus,10,5
malpelo,pared_del_naufrago,4,2015,jp_quimbayo,4983,4983,40,21,15,2,3,fuerte,exposed,cir_oxy,cirrhitichthys_oxycephalus,20,7
malpelo,pared_del_naufrago,4,2015,jp_quimbayo,4983,4983,40,21,15,2,3,fuerte,exposed,ste_arc,stegastes_arcifrons,1,5
malpelo,pared_del_naufrago,4,2015,jp_quimbayo,4983,4983,40,21,15,2,3,fuerte,exposed,ste_arc,stegastes_arcifrons,23,7
malpelo,pared_del_naufrago,4,2015,jp_quimbayo,4983,4983,40,21,15,2,3,fuerte,exposed,oph_ste,ophioblennius_steindachneri,1,10
malpelo,pared_del_naufrago,4,2015,jp_quimbayo,4983,4983,40,21,15,2,3,fuerte,exposed,gym_dov,gymnothorax_dovii,1,60
malpelo,pared_del_naufrago,4,2015,jp_quimbayo,4983,4983,40,21,15,2,3,fuerte,exposed,gym_dov,gymnothorax_dovii,1,70
malpelo,pared_del_naufrago,4,2015,jp_quimbayo,4983,4983,40,21,15,2,3,fuerte,exposed,ser_riv,seriola_rivoliana,3,45
malpelo,pared_del_naufrago,4,2015,jp_quimbayo,4984,4984,40,21,14,2,3,fuerte,exposed,joh_nig,johnrandallia_nigrirostris,12,12
malpelo,pared_del_naufrago,4,2015,jp_quimbayo,4984,4984,40,21,14,2,3,fuerte,exposed,joh_nig,johnrandallia_nigrirostris,1,15
malpelo,pared_del_naufrago,4,2015,jp_quimbayo,4984,4984,40,21,14,2,3,fuerte,exposed,par_col,paranthias_colonus,10,20
malpelo,pared_del_naufrago,4,2015,jp_quimbayo,4984,4984,40,21,14,2,3,fuerte,exposed,par_col,paranthias_colonus,15,20
malpelo,pared_del_naufrago,4,2015,jp_quimbayo,4984,4984,40,21,14,2,3,fuerte,exposed,mul_den,mulloidichthys_dentatus,9,38
malpelo,pared_del_naufrago,4,2015,jp_quimbayo,4984,4984,40,21,14,2,3,fuerte,exposed,suf_ver,sufflamen_verres,1,20
malpelo,pared_del_naufrago,4,2015,jp_quimbayo,4984,4984,40,21,14,2,3,fuerte,exposed,suf_ver,sufflamen_verres,2,10
malpelo,pared_del_naufrago,4,2015,jp_quimbayo,4984,4984,40,21,14,2,3,fuerte,exposed,epi_lab,epinephelus_labriformis,1,30
malpelo,pared_del_naufrago,4,2015,jp_quimbayo,4984,4984,40,21,14,2,3,fuerte,exposed,epi_lab,epinephelus_labriformis,2,40
malpelo,pared_del_naufrago,4,2015,jp_quimbayo,4984,4984,40,21,14,2,3,fuerte,exposed,aro_mel,arothron_meleagris,1,25
malpelo,pared_del_naufrago,4,2015,jp_quimbayo,4984,4984,40,21,14,2,3,fuerte,exposed,par_col,paranthias_colonus,4,25
malpelo,pared_del_naufrago,4,2015,jp_quimbayo,4984,4984,40,21,14,2,3,fuerte,exposed,par_col,paranthias_colonus,100,15
malpelo,pared_del_naufrago,4,2015,jp_quimbayo,4984,4984,40,21,14,2,3,fuerte,exposed,chr_atr,chromis_atrilobata,10,7
malpelo,pared_del_naufrago,4,2015,jp_quimbayo,4984,4984,40,21,14,2,3,fuerte,exposed,tha_luc,thalassoma_lucasanum,10,10
malpelo,pared_del_naufrago,4,2015,jp_quimbayo,4984,4984,40,21,14,2,3,fuerte,exposed,ste_arc,stegastes_arcifrons,10,5
malpelo,pared_del_naufrago,4,2015,jp_quimbayo,4984,4984,40,21,14,2,3,fuerte,exposed,ste_arc,stegastes_arcifrons,7,8
malpelo,pared_del_naufrago,4,2015,jp_quimbayo,4984,4984,40,21,14,2,3,fuerte,exposed,bod_dip,bodianus_diplotaenia,1,3
malpelo,pared_del_naufrago,4,2015,jp_quimbayo,4984,4984,40,21,14,2,3,fuerte,exposed,bod_dip,bodianus_diplotaenia,2,7
malpelo,pared_del_naufrago,4,2015,jp_quimbayo,4984,4984,40,21,14,2,3,fuerte,exposed,hal_dis,halichoeres_discolor,1,10
malpelo,pared_del_naufrago,4,2015,jp_quimbayo,4984,4984,40,21,14,2,3,fuerte,exposed,pri_lat,prionurus_laticlavius,1,30
malpelo,pared_del_naufrago,4,2015,jp_quimbayo,4984,4984,40,21,14,2,3,fuerte,exposed,ste_bee,stegastes_beebei,2,15
malpelo,pared_del_naufrago,4,2015,jp_quimbayo,4984,4984,40,21,14,2,3,fuerte,exposed,lab_den,labrisomus_dendriticus,1,7
malpelo,pared_del_naufrago,4,2015,jp_quimbayo,4984,4984,40,21,14,2,3,fuerte,exposed,lab_den,labrisomus_dendriticus,2,12
malpelo,pared_del_naufrago,4,2015,jp_quimbayo,4984,4984,40,21,14,2,3,fuerte,exposed,apo_atr,apogon_atradorsatus,30,7
malpelo,pared_del_naufrago,4,2015,jp_quimbayo,4984,4984,40,21,14,2,3,fuerte,exposed,apo_atr,apogon_atradorsatus,70,8
malpelo,pared_del_naufrago,4,2015,jp_quimbayo,4984,4984,40,21,14,2,3,fuerte,exposed,apo_atr,apogon_atradorsatus,50,5
malpelo,pared_del_naufrago,4,2015,jp_quimbayo,4984,4984,40,21,14,2,3,fuerte,exposed,cir_oxy,cirrhitichthys_oxycephalus,10,7
malpelo,pared_del_naufrago,4,2015,jp_quimbayo,4984,4984,40,21,14,2,3,fuerte,exposed,myr_lei,myripristis_leiognathus,3,10
malpelo,pared_del_naufrago,4,2015,jp_quimbayo,4984,4984,40,21,14,2,3,fuerte,exposed,gym_dov,gymnothorax_dovii,1,70
malpelo,pared_del_naufrago,4,2015,jp_quimbayo,4984,4984,40,21,14,2,3,fuerte,exposed,hol_pas,holacanthus_passer,1,7
malpelo,pared_del_naufrago,4,2015,jp_quimbayo,4984,4984,40,21,14,2,3,fuerte,exposed,hol_pas,holacanthus_passer,1,15
malpelo,pared_del_naufrago,4,2015,jp_quimbayo,4984,4984,40,21,14,2,3,fuerte,exposed,oph_ste,ophioblennius_steindachneri,1,7
malpelo,pared_del_naufrago,4,2015,jp_quimbayo,4984,4984,40,21,14,2,3,fuerte,exposed,lut_vir,lutjanus_viridis,3,12
malpelo,pared_del_naufrago,4,2015,jp_quimbayo,4984,4984,40,21,14,2,3,fuerte,exposed,lut_vir,lutjanus_viridis,1,10
malpelo,pared_del_naufrago,4,2015,jp_quimbayo,4984,4984,40,21,14,2,3,fuerte,exposed,lut_vir,lutjanus_viridis,4,15
malpelo,pared_del_naufrago,4,2015,jp_quimbayo,4985,4985,40,21,12,2,3,fuerte,exposed,hol_pas,holacanthus_passer,2,15
malpelo,pared_del_naufrago,4,2015,jp_quimbayo,4985,4985,40,21,12,2,3,fuerte,exposed,lut_vir,lutjanus_viridis,2,10
malpelo,pared_del_naufrago,4,2015,jp_quimbayo,4985,4985,40,21,12,2,3,fuerte,exposed,lut_vir,lutjanus_viridis,4,12
malpelo,pared_del_naufrago,4,2015,jp_quimbayo,4985,4985,40,21,12,2,3,fuerte,exposed,can_dum,cantherhines_dumerilii,1,37
malpelo,pared_del_naufrago,4,2015,jp_quimbayo,4985,4985,40,21,12,2,3,fuerte,exposed,suf_ver,sufflamen_verres,1,25
malpelo,pared_del_naufrago,4,2015,jp_quimbayo,4985,4985,40,21,12,2,3,fuerte,exposed,par_col,paranthias_colonus,100,20
malpelo,pared_del_naufrago,4,2015,jp_quimbayo,4985,4985,40,21,12,2,3,fuerte,exposed,zan_cor,zanclus_cornutus,1,12
malpelo,pared_del_naufrago,4,2015,jp_quimbayo,4985,4985,40,21,12,2,3,fuerte,exposed,epi_lab,epinephelus_labriformis,1,40
malpelo,pared_del_naufrago,4,2015,jp_quimbayo,4985,4985,40,21,12,2,3,fuerte,exposed,ser_riv,seriola_rivoliana,1,40
malpelo,pared_del_naufrago,4,2015,jp_quimbayo,4985,4985,40,21,12,2,3,fuerte,exposed,hop_gue,hoplopagrus_guentherii,1,50
malpelo,pared_del_naufrago,4,2015,jp_quimbayo,4985,4985,40,21,12,2,3,fuerte,exposed,car_mel,caranx_melampygus,5,40
malpelo,pared_del_naufrago,4,2015,jp_quimbayo,4985,4985,40,21,12,2,3,fuerte,exposed,cir_oxy,cirrhitichthys_oxycephalus,40,5
malpelo,pared_del_naufrago,4,2015,jp_quimbayo,4985,4985,40,21,12,2,3,fuerte,exposed,cir_oxy,cirrhitichthys_oxycephalus,60,10
malpelo,pared_del_naufrago,4,2015,jp_quimbayo,4985,4985,40,21,12,2,3,fuerte,exposed,oph_ste,ophioblennius_steindachneri,2,10
malpelo,pared_del_naufrago,4,2015,jp_quimbayo,4985,4985,40,21,12,2,3,fuerte,exposed,apo_atr,apogon_atradorsatus,40,5
malpelo,pared_del_naufrago,4,2015,jp_quimbayo,4985,4985,40,21,12,2,3,fuerte,exposed,apo_atr,apogon_atradorsatus,30,7
malpelo,bajo_del_junior,4,2015,jp_quimbayo,4986,4986,40,21,20,2,3,fuerte,exposed,lut_vir,lutjanus_viridis,10,25
malpelo,bajo_del_junior,4,2015,jp_quimbayo,4986,4986,40,21,20,2,3,fuerte,exposed,lut_vir,lutjanus_viridis,40,30
malpelo,bajo_del_junior,4,2015,jp_quimbayo,4986,4986,40,21,20,2,3,fuerte,exposed,lut_vir,lutjanus_viridis,20,30
malpelo,bajo_del_junior,4,2015,jp_quimbayo,4986,4986,40,21,20,2,3,fuerte,exposed,ser_riv,seriola_rivoliana,1,40
malpelo,bajo_del_junior,4,2015,jp_quimbayo,4986,4986,40,21,20,2,3,fuerte,exposed,der_der,dermatolepis_dermatolepis,3,40
malpelo,bajo_del_junior,4,2015,jp_quimbayo,4986,4986,40,21,20,2,3,fuerte,exposed,der_der,dermatolepis_dermatolepis,20,45
malpelo,bajo_del_junior,4,2015,jp_quimbayo,4986,4986,40,21,20,2,3,fuerte,exposed,aul_chi,aulostomus_chinensis,1,50
malpelo,bajo_del_junior,4,2015,jp_quimbayo,4986,4986,40,21,20,2,3,fuerte,exposed,lut_arg,lutjanus_argentiventris,5,40
malpelo,bajo_del_junior,4,2015,jp_quimbayo,4986,4986,40,21,20,2,3,fuerte,exposed,mul_den,mulloidichthys_dentatus,12,38
malpelo,bajo_del_junior,4,2015,jp_quimbayo,4986,4986,40,21,20,2,3,fuerte,exposed,myc_olf,mycteroperca_olfax,1,60
malpelo,bajo_del_junior,4,2015,jp_quimbayo,4986,4986,40,21,20,2,3,fuerte,exposed,par_col,paranthias_colonus,100,20
malpelo,bajo_del_junior,4,2015,jp_quimbayo,4986,4986,40,21,20,2,3,fuerte,exposed,par_col,paranthias_colonus,10,25
malpelo,bajo_del_junior,4,2015,jp_quimbayo,4986,4986,40,21,20,2,3,fuerte,exposed,par_col,paranthias_colonus,40,15
malpelo,bajo_del_junior,4,2015,jp_quimbayo,4986,4986,40,21,20,2,3,fuerte,exposed,ale_cil,alectis_ciliaris,1,35
malpelo,bajo_del_junior,4,2015,jp_quimbayo,4986,4986,40,21,20,2,3,fuerte,exposed,cir_riv,cirrhitus_rivulatus,1,40
malpelo,bajo_del_junior,4,2015,jp_quimbayo,4986,4986,40,21,20,2,3,fuerte,exposed,cir_riv,cirrhitus_rivulatus,1,35
malpelo,bajo_del_junior,4,2015,jp_quimbayo,4986,4986,40,21,20,2,3,fuerte,exposed,bod_dip,bodianus_diplotaenia,1,45
malpelo,bajo_del_junior,4,2015,jp_quimbayo,4986,4986,40,21,20,2,3,fuerte,exposed,tha_luc,thalassoma_lucasanum,10,12
malpelo,bajo_del_junior,4,2015,jp_quimbayo,4986,4986,40,21,20,2,3,fuerte,exposed,tha_luc,thalassoma_lucasanum,5,12
malpelo,bajo_del_junior,4,2015,jp_quimbayo,4986,4986,40,21,20,2,3,fuerte,exposed,tha_luc,thalassoma_lucasanum,40,5
malpelo,bajo_del_junior,4,2015,jp_quimbayo,4986,4986,40,21,20,2,3,fuerte,exposed,aro_mel,arothron_meleagris,1,27
malpelo,bajo_del_junior,4,2015,jp_quimbayo,4986,4986,40,21,20,2,3,fuerte,exposed,lab_den,labrisomus_dendriticus,2,12
malpelo,bajo_del_junior,4,2015,jp_quimbayo,4986,4986,40,21,20,2,3,fuerte,exposed,oph_ste,ophioblennius_steindachneri,1,15
malpelo,bajo_del_junior,4,2015,jp_quimbayo,4986,4986,40,21,20,2,3,fuerte,exposed,oph_ste,ophioblennius_steindachneri,1,12
malpelo,bajo_del_junior,4,2015,jp_quimbayo,4986,4986,40,21,20,2,3,fuerte,exposed,ste_arc,stegastes_arcifrons,7,12
malpelo,bajo_del_junior,4,2015,jp_quimbayo,4986,4986,40,21,20,2,3,fuerte,exposed,ste_arc,stegastes_arcifrons,10,10
malpelo,bajo_del_junior,4,2015,jp_quimbayo,4986,4986,40,21,20,2,3,fuerte,exposed,axo_rub,axoclinus_rubinoffi,2,2
malpelo,bajo_del_junior,4,2015,jp_quimbayo,4986,4986,40,21,20,2,3,fuerte,exposed,axo_rub,axoclinus_rubinoffi,3,3
malpelo,bajo_del_junior,4,2015,jp_quimbayo,4986,4986,40,21,20,2,3,fuerte,exposed,axo_rub,axoclinus_rubinoffi,1,3
malpelo,bajo_del_junior,4,2015,jp_quimbayo,4986,4986,40,21,20,2,3,fuerte,exposed,gym_dov,gymnothorax_dovii,2,60
malpelo,bajo_del_junior,4,2015,jp_quimbayo,4986,4986,40,21,20,2,3,fuerte,exposed,gym_dov,gymnothorax_dovii,1,80
malpelo,bajo_del_junior,4,2015,jp_quimbayo,4986,4986,40,21,20,2,3,fuerte,exposed,epi_lab,epinephelus_labriformis,1,37
malpelo,bajo_del_junior,4,2015,jp_quimbayo,4986,4986,40,21,20,2,3,fuerte,exposed,cir_oxy,cirrhitichthys_oxycephalus,100,5
malpelo,bajo_del_junior,4,2015,jp_quimbayo,4986,4986,40,21,20,2,3,fuerte,exposed,hol_pas,holacanthus_passer,1,3
malpelo,bajo_del_junior,4,2015,jp_quimbayo,4986,4986,40,21,20,2,3,fuerte,exposed,hol_pas,holacanthus_passer,3,30
malpelo,bajo_del_junior,4,2015,jp_quimbayo,4986,4986,40,21,20,2,3,fuerte,exposed,apo_atr,apogon_atradorsatus,30,8
malpelo,bajo_del_junior,4,2015,jp_quimbayo,4987,4987,40,21,14.5,2,3,fuerte,exposed,par_col,paranthias_colonus,40,25
malpelo,bajo_del_junior,4,2015,jp_quimbayo,4987,4987,40,21,14.5,2,3,fuerte,exposed,suf_ver,sufflamen_verres,1,20
malpelo,bajo_del_junior,4,2015,jp_quimbayo,4987,4987,40,21,14.5,2,3,fuerte,exposed,suf_ver,sufflamen_verres,1,30
malpelo,bajo_del_junior,4,2015,jp_quimbayo,4987,4987,40,21,14.5,2,3,fuerte,exposed,hol_pas,holacanthus_passer,2,25
malpelo,bajo_del_junior,4,2015,jp_quimbayo,4987,4987,40,21,14.5,2,3,fuerte,exposed,lut_vir,lutjanus_viridis,25,20
malpelo,bajo_del_junior,4,2015,jp_quimbayo,4987,4987,40,21,14.5,2,3,fuerte,exposed,lut_vir,lutjanus_viridis,37,30
malpelo,bajo_del_junior,4,2015,jp_quimbayo,4987,4987,40,21,14.5,2,3,fuerte,exposed,lut_vir,lutjanus_viridis,31,30
malpelo,bajo_del_junior,4,2015,jp_quimbayo,4987,4987,40,21,14.5,2,3,fuerte,exposed,lut_ine,lutjanus_inermis,50,35
malpelo,bajo_del_junior,4,2015,jp_quimbayo,4987,4987,40,21,14.5,2,3,fuerte,exposed,lut_arg,lutjanus_argentiventris,12,45
malpelo,bajo_del_junior,4,2015,jp_quimbayo,4987,4987,40,21,14.5,2,3,fuerte,exposed,bod_dip,bodianus_diplotaenia,1,40
malpelo,bajo_del_junior,4,2015,jp_quimbayo,4987,4987,40,21,14.5,2,3,fuerte,exposed,cir_riv,cirrhitus_rivulatus,1,37
malpelo,bajo_del_junior,4,2015,jp_quimbayo,4987,4987,40,21,14.5,2,3,fuerte,exposed,mic_dor,microspathodon_dorsalis,1,20
malpelo,bajo_del_junior,4,2015,jp_quimbayo,4987,4987,40,21,14.5,2,3,fuerte,exposed,tha_luc,thalassoma_lucasanum,35,12
malpelo,bajo_del_junior,4,2015,jp_quimbayo,4987,4987,40,21,14.5,2,3,fuerte,exposed,tha_luc,thalassoma_lucasanum,12,10
malpelo,bajo_del_junior,4,2015,jp_quimbayo,4987,4987,40,21,14.5,2,3,fuerte,exposed,cir_oxy,cirrhitichthys_oxycephalus,3,10
malpelo,bajo_del_junior,4,2015,jp_quimbayo,4987,4987,40,21,14.5,2,3,fuerte,exposed,cir_oxy,cirrhitichthys_oxycephalus,73,7
malpelo,bajo_del_junior,4,2015,jp_quimbayo,4987,4987,40,21,14.5,2,3,fuerte,exposed,cir_oxy,cirrhitichthys_oxycephalus,50,5
malpelo,bajo_del_junior,4,2015,jp_quimbayo,4987,4987,40,21,14.5,2,3,fuerte,exposed,ste_arc,stegastes_arcifrons,10,15
malpelo,bajo_del_junior,4,2015,jp_quimbayo,4987,4987,40,21,14.5,2,3,fuerte,exposed,hol_pas,holacanthus_passer,1,25
malpelo,bajo_del_junior,4,2015,jp_quimbayo,4987,4987,40,21,14.5,2,3,fuerte,exposed,aro_mel,arothron_meleagris,1,20
malpelo,bajo_del_junior,4,2015,jp_quimbayo,4987,4987,40,21,14.5,2,3,fuerte,exposed,dio_hys,diodon_hystrix,1,50
malpelo,bajo_del_junior,4,2015,jp_quimbayo,4987,4987,40,21,14.5,2,3,fuerte,exposed,aro_his,arothron_hispidus,1,35
malpelo,bajo_del_junior,4,2015,jp_quimbayo,4987,4987,40,21,14.5,2,3,fuerte,exposed,lab_den,labrisomus_dendriticus,1,10
malpelo,bajo_del_junior,4,2015,jp_quimbayo,4987,4987,40,21,14.5,2,3,fuerte,exposed,cir_riv,cirrhitus_rivulatus,1,20
malpelo,bajo_del_junior,4,2015,jp_quimbayo,4987,4987,40,21,14.5,2,3,fuerte,exposed,axo_rub,axoclinus_rubinoffi,2,3.5
malpelo,bajo_del_junior,4,2015,jp_quimbayo,4987,4987,40,21,14.5,2,3,fuerte,exposed,axo_rub,axoclinus_rubinoffi,1,3.5
malpelo,bajo_del_junior,4,2015,jp_quimbayo,4987,4987,40,21,14.5,2,3,fuerte,exposed,lut_jor,lutjanus_jordani,4,20
malpelo,bajo_del_junior,4,2015,jp_quimbayo,4987,4987,40,21,14.5,2,3,fuerte,exposed,myr_ber,myripristis_berndti,1,20
malpelo,bajo_del_junior,4,2015,jp_quimbayo,4988,4988,40,21,19,2,3,fuerte,exposed,lut_vir,lutjanus_viridis,60,30
malpelo,bajo_del_junior,4,2015,jp_quimbayo,4988,4988,40,21,19,2,3,fuerte,exposed,myc_olf,mycteroperca_olfax,1,45
malpelo,bajo_del_junior,4,2015,jp_quimbayo,4988,4988,40,21,19,2,3,fuerte,exposed,lut_arg,lutjanus_argentiventris,10,20
malpelo,bajo_del_junior,4,2015,jp_quimbayo,4988,4988,40,21,19,2,3,fuerte,exposed,lut_vir,lutjanus_viridis,30,30
malpelo,bajo_del_junior,4,2015,jp_quimbayo,4988,4988,40,21,19,2,3,fuerte,exposed,lut_jor,lutjanus_jordani,30,40
malpelo,bajo_del_junior,4,2015,jp_quimbayo,4988,4988,40,21,19,2,3,fuerte,exposed,mul_den,mulloidichthys_dentatus,4,38
malpelo,bajo_del_junior,4,2015,jp_quimbayo,4988,4988,40,21,19,2,3,fuerte,exposed,par_col,paranthias_colonus,10,10
malpelo,bajo_del_junior,4,2015,jp_quimbayo,4988,4988,40,21,19,2,3,fuerte,exposed,par_col,paranthias_colonus,40,20
malpelo,bajo_del_junior,4,2015,jp_quimbayo,4988,4988,40,21,19,2,3,fuerte,exposed,der_der,dermatolepis_dermatolepis,30,20
malpelo,bajo_del_junior,4,2015,jp_quimbayo,4988,4988,40,21,19,2,3,fuerte,exposed,hol_pas,holacanthus_passer,1,25
malpelo,bajo_del_junior,4,2015,jp_quimbayo,4988,4988,40,21,19,2,3,fuerte,exposed,aro_mel,arothron_meleagris,1,30
malpelo,bajo_del_junior,4,2015,jp_quimbayo,4988,4988,40,21,19,2,3,fuerte,exposed,joh_nig,johnrandallia_nigrirostris,10,12
malpelo,bajo_del_junior,4,2015,jp_quimbayo,4988,4988,40,21,19,2,3,fuerte,exposed,tha_luc,thalassoma_lucasanum,12,12
malpelo,bajo_del_junior,4,2015,jp_quimbayo,4988,4988,40,21,19,2,3,fuerte,exposed,tha_luc,thalassoma_lucasanum,10,7
malpelo,bajo_del_junior,4,2015,jp_quimbayo,4988,4988,40,21,19,2,3,fuerte,exposed,suf_ver,sufflamen_verres,1,20
malpelo,bajo_del_junior,4,2015,jp_quimbayo,4988,4988,40,21,19,2,3,fuerte,exposed,suf_ver,sufflamen_verres,1,30
malpelo,bajo_del_junior,4,2015,jp_quimbayo,4988,4988,40,21,19,2,3,fuerte,exposed,chr_atr,chromis_atrilobata,40,10
malpelo,bajo_del_junior,4,2015,jp_quimbayo,4988,4988,40,21,19,2,3,fuerte,exposed,ste_arc,stegastes_arcifrons,10,12
malpelo,bajo_del_junior,4,2015,jp_quimbayo,4988,4988,40,21,19,2,3,fuerte,exposed,ste_arc,stegastes_arcifrons,12,4
malpelo,bajo_del_junior,4,2015,jp_quimbayo,4988,4988,40,21,19,2,3,fuerte,exposed,oph_ste,ophioblennius_steindachneri,1,12
malpelo,bajo_del_junior,4,2015,jp_quimbayo,4988,4988,40,21,19,2,3,fuerte,exposed,oph_ste,ophioblennius_steindachneri,2,15
malpelo,bajo_del_junior,4,2015,jp_quimbayo,4988,4988,40,21,19,2,3,fuerte,exposed,axo_rub,axoclinus_rubinoffi,3,3
malpelo,bajo_del_junior,4,2015,jp_quimbayo,4988,4988,40,21,19,2,3,fuerte,exposed,cir_oxy,cirrhitichthys_oxycephalus,5,10
malpelo,bajo_del_junior,4,2015,jp_quimbayo,4988,4988,40,21,19,2,3,fuerte,exposed,lep_bim,lepidonectes_bimaculata,1,4
malpelo,bajo_del_junior,4,2015,jp_quimbayo,4988,4988,40,21,19,2,3,fuerte,exposed,lab_den,labrisomus_dendriticus,1,10
malpelo,bajo_del_junior,4,2015,jp_quimbayo,4988,4988,40,21,19,2,3,fuerte,exposed,lab_den,labrisomus_dendriticus,1,12
malpelo,bajo_del_junior,4,2015,jp_quimbayo,4988,4988,40,21,19,2,3,fuerte,exposed,apo_atr,apogon_atradorsatus,30,8
malpelo,bajo_del_junior,4,2015,jp_quimbayo,4988,4988,40,21,19,2,3,fuerte,exposed,apo_atr,apogon_atradorsatus,15,5
malpelo,bajo_del_junior,4,2015,jp_quimbayo,4988,4988,40,21,19,2,3,fuerte,exposed,gym_dov,gymnothorax_dovii,1,90
malpelo,bajo_del_junior,4,2015,jp_quimbayo,4989,4989,40,21,21,2,3,fuerte,exposed,hol_pas,holacanthus_passer,1,35
malpelo,bajo_del_junior,4,2015,jp_quimbayo,4989,4989,40,21,21,2,3,fuerte,exposed,bod_dip,bodianus_diplotaenia,1,45
malpelo,bajo_del_junior,4,2015,jp_quimbayo,4989,4989,40,21,21,2,3,fuerte,exposed,lut_jor,lutjanus_jordani,70,30
malpelo,bajo_del_junior,4,2015,jp_quimbayo,4989,4989,40,21,21,2,3,fuerte,exposed,tha_luc,thalassoma_lucasanum,10,12
malpelo,bajo_del_junior,4,2015,jp_quimbayo,4989,4989,40,21,21,2,3,fuerte,exposed,myc_olf,mycteroperca_olfax,1,40
malpelo,bajo_del_junior,4,2015,jp_quimbayo,4989,4989,40,21,21,2,3,fuerte,exposed,lut_vir,lutjanus_viridis,90,30
malpelo,bajo_del_junior,4,2015,jp_quimbayo,4989,4989,40,21,21,2,3,fuerte,exposed,aro_mel,arothron_meleagris,1,30
malpelo,bajo_del_junior,4,2015,jp_quimbayo,4989,4989,40,21,21,2,3,fuerte,exposed,par_col,paranthias_colonus,100,20
malpelo,bajo_del_junior,4,2015,jp_quimbayo,4989,4989,40,21,21,2,3,fuerte,exposed,ser_riv,seriola_rivoliana,3,40
malpelo,bajo_del_junior,4,2015,jp_quimbayo,4989,4989,40,21,21,2,3,fuerte,exposed,mul_den,mulloidichthys_dentatus,4,20
malpelo,bajo_del_junior,4,2015,jp_quimbayo,4989,4989,40,21,21,2,3,fuerte,exposed,joh_nig,johnrandallia_nigrirostris,4,12
malpelo,bajo_del_junior,4,2015,jp_quimbayo,4989,4989,40,21,21,2,3,fuerte,exposed,joh_nig,johnrandallia_nigrirostris,4,10
malpelo,bajo_del_junior,4,2015,jp_quimbayo,4989,4989,40,21,21,2,3,fuerte,exposed,joh_nig,johnrandallia_nigrirostris,10,15
malpelo,bajo_del_junior,4,2015,jp_quimbayo,4989,4989,40,21,21,2,3,fuerte,exposed,ste_arc,stegastes_arcifrons,10,10
malpelo,bajo_del_junior,4,2015,jp_quimbayo,4989,4989,40,21,21,2,3,fuerte,exposed,der_der,dermatolepis_dermatolepis,2,5
malpelo,bajo_del_junior,4,2015,jp_quimbayo,4989,4989,40,21,21,2,3,fuerte,exposed,oph_ste,ophioblennius_steindachneri,2,15
malpelo,bajo_del_junior,4,2015,jp_quimbayo,4989,4989,40,21,21,2,3,fuerte,exposed,lab_den,labrisomus_dendriticus,3,10
malpelo,bajo_del_junior,4,2015,jp_quimbayo,4989,4989,40,21,21,2,3,fuerte,exposed,ste_arc,stegastes_arcifrons,2,10
malpelo,bajo_del_junior,4,2015,jp_quimbayo,4989,4989,40,21,21,2,3,fuerte,exposed,ste_arc,stegastes_arcifrons,15,12
malpelo,bajo_del_junior,4,2015,jp_quimbayo,4989,4989,40,21,21,2,3,fuerte,exposed,axo_rub,axoclinus_rubinoffi,2,2
malpelo,bajo_del_junior,4,2015,jp_quimbayo,4989,4989,40,21,21,2,3,fuerte,exposed,ste_bee,stegastes_beebei,2,8
malpelo,bajo_del_junior,4,2015,jp_quimbayo,4989,4989,40,21,21,2,3,fuerte,exposed,gym_dov,gymnothorax_dovii,1,60
malpelo,bajo_del_junior,4,2015,jp_quimbayo,4989,4989,40,21,21,2,3,fuerte,exposed,gym_dov,gymnothorax_dovii,1,120
malpelo,bajo_del_junior,4,2015,jp_quimbayo,4990,4990,40,21,20,2,3,fuerte,exposed,mul_den,mulloidichthys_dentatus,10,38
malpelo,bajo_del_junior,4,2015,jp_quimbayo,4990,4990,40,21,20,2,3,fuerte,exposed,bod_dip,bodianus_diplotaenia,1,40
malpelo,bajo_del_junior,4,2015,jp_quimbayo,4990,4990,40,21,20,2,3,fuerte,exposed,pri_lat,prionurus_laticlavius,1,45
malpelo,bajo_del_junior,4,2015,jp_quimbayo,4990,4990,40,21,20,2,3,fuerte,exposed,par_col,paranthias_colonus,40,20
malpelo,bajo_del_junior,4,2015,jp_quimbayo,4990,4990,40,21,20,2,3,fuerte,exposed,der_der,dermatolepis_dermatolepis,1,35
malpelo,bajo_del_junior,4,2015,jp_quimbayo,4990,4990,40,21,20,2,3,fuerte,exposed,der_der,dermatolepis_dermatolepis,1,40
malpelo,bajo_del_junior,4,2015,jp_quimbayo,4990,4990,40,21,20,2,3,fuerte,exposed,lut_jor,lutjanus_jordani,45,30
malpelo,bajo_del_junior,4,2015,jp_quimbayo,4990,4990,40,21,20,2,3,fuerte,exposed,lut_jor,lutjanus_jordani,50,40
malpelo,bajo_del_junior,4,2015,jp_quimbayo,4990,4990,40,21,20,2,3,fuerte,exposed,joh_nig,johnrandallia_nigrirostris,14,10
malpelo,bajo_del_junior,4,2015,jp_quimbayo,4990,4990,40,21,20,2,3,fuerte,exposed,joh_nig,johnrandallia_nigrirostris,1,15
malpelo,bajo_del_junior,4,2015,jp_quimbayo,4990,4990,40,21,20,2,3,fuerte,exposed,lut_vir,lutjanus_viridis,30,30
malpelo,bajo_del_junior,4,2015,jp_quimbayo,4990,4990,40,21,20,2,3,fuerte,exposed,ste_arc,stegastes_arcifrons,3,12
malpelo,bajo_del_junior,4,2015,jp_quimbayo,4990,4990,40,21,20,2,3,fuerte,exposed,ste_arc,stegastes_arcifrons,5,8
malpelo,bajo_del_junior,4,2015,jp_quimbayo,4990,4990,40,21,20,2,3,fuerte,exposed,hol_pas,holacanthus_passer,1,30
malpelo,bajo_del_junior,4,2015,jp_quimbayo,4990,4990,40,21,20,2,3,fuerte,exposed,suf_ver,sufflamen_verres,1,35
malpelo,bajo_del_junior,4,2015,jp_quimbayo,4990,4990,40,21,20,2,3,fuerte,exposed,aro_mel,arothron_meleagris,1,20
malpelo,bajo_del_junior,4,2015,jp_quimbayo,4990,4990,40,21,20,2,3,fuerte,exposed,chr_atr,chromis_atrilobata,10,5
malpelo,bajo_del_junior,4,2015,jp_quimbayo,4990,4990,40,21,20,2,3,fuerte,exposed,oph_ste,ophioblennius_steindachneri,2,12
malpelo,bajo_del_junior,4,2015,jp_quimbayo,4990,4990,40,21,20,2,3,fuerte,exposed,gym_dov,gymnothorax_dovii,1,70
malpelo,bajo_del_junior,4,2015,jp_quimbayo,4990,4990,40,21,20,2,3,fuerte,exposed,cir_riv,cirrhitus_rivulatus,1,20
malpelo,bajo_del_junior,4,2015,jp_quimbayo,4990,4990,40,21,20,2,3,fuerte,exposed,oph_ste,ophioblennius_steindachneri,1,10
malpelo,bajo_del_junior,4,2015,jp_quimbayo,4990,4990,40,21,20,2,3,fuerte,exposed,bod_dip,bodianus_diplotaenia,1,8
malpelo,bajo_del_junior,4,2015,jp_quimbayo,4990,4990,40,21,20,2,3,fuerte,exposed,myc_olf,mycteroperca_olfax,1,40
malpelo,bajo_del_junior,4,2015,jp_quimbayo,4990,4990,40,21,20,2,3,fuerte,exposed,axo_rub,axoclinus_rubinoffi,2,2
malpelo,bajo_del_junior,4,2015,jp_quimbayo,4991,4991,40,21,19,2,3,fuerte,exposed,lut_ine,lutjanus_inermis,80,35
malpelo,bajo_del_junior,4,2015,jp_quimbayo,4991,4991,40,21,19,2,3,fuerte,exposed,lut_vir,lutjanus_viridis,50,30
malpelo,bajo_del_junior,4,2015,jp_quimbayo,4991,4991,40,21,19,2,3,fuerte,exposed,der_der,dermatolepis_dermatolepis,20,40
malpelo,bajo_del_junior,4,2015,jp_quimbayo,4991,4991,40,21,19,2,3,fuerte,exposed,der_der,dermatolepis_dermatolepis,2,35
malpelo,bajo_del_junior,4,2015,jp_quimbayo,4991,4991,40,21,19,2,3,fuerte,exposed,par_col,paranthias_colonus,70,10
malpelo,bajo_del_junior,4,2015,jp_quimbayo,4991,4991,40,21,19,2,3,fuerte,exposed,par_col,paranthias_colonus,30,15
malpelo,bajo_del_junior,4,2015,jp_quimbayo,4991,4991,40,21,19,2,3,fuerte,exposed,par_col,paranthias_colonus,50,20
malpelo,bajo_del_junior,4,2015,jp_quimbayo,4991,4991,40,21,19,2,3,fuerte,exposed,ser_riv,seriola_rivoliana,1,45
malpelo,bajo_del_junior,4,2015,jp_quimbayo,4991,4991,40,21,19,2,3,fuerte,exposed,mul_den,mulloidichthys_dentatus,3,38
malpelo,bajo_del_junior,4,2015,jp_quimbayo,4991,4991,40,21,19,2,3,fuerte,exposed,hol_pas,holacanthus_passer,2,3
malpelo,bajo_del_junior,4,2015,jp_quimbayo,4991,4991,40,21,19,2,3,fuerte,exposed,hol_pas,holacanthus_passer,2,25
malpelo,bajo_del_junior,4,2015,jp_quimbayo,4991,4991,40,21,19,2,3,fuerte,exposed,cir_riv,cirrhitus_rivulatus,1,35
malpelo,bajo_del_junior,4,2015,jp_quimbayo,4991,4991,40,21,19,2,3,fuerte,exposed,cir_riv,cirrhitus_rivulatus,1,40
malpelo,bajo_del_junior,4,2015,jp_quimbayo,4991,4991,40,21,19,2,3,fuerte,exposed,chr_atr,chromis_atrilobata,10,7
malpelo,bajo_del_junior,4,2015,jp_quimbayo,4991,4991,40,21,19,2,3,fuerte,exposed,epi_lab,epinephelus_labriformis,1,20
malpelo,bajo_del_junior,4,2015,jp_quimbayo,4991,4991,40,21,19,2,3,fuerte,exposed,lab_den,labrisomus_dendriticus,1,5
malpelo,bajo_del_junior,4,2015,jp_quimbayo,4991,4991,40,21,19,2,3,fuerte,exposed,lab_den,labrisomus_dendriticus,1,12
malpelo,bajo_del_junior,4,2015,jp_quimbayo,4991,4991,40,21,19,2,3,fuerte,exposed,tha_luc,thalassoma_lucasanum,30,3
malpelo,bajo_del_junior,4,2015,jp_quimbayo,4991,4991,40,21,19,2,3,fuerte,exposed,tha_luc,thalassoma_lucasanum,5,12
malpelo,bajo_del_junior,4,2015,jp_quimbayo,4991,4991,40,21,19,2,3,fuerte,exposed,tha_luc,thalassoma_lucasanum,10,10
malpelo,bajo_del_junior,4,2015,jp_quimbayo,4991,4991,40,21,19,2,3,fuerte,exposed,bod_dip,bodianus_diplotaenia,4,12
malpelo,bajo_del_junior,4,2015,jp_quimbayo,4991,4991,40,21,19,2,3,fuerte,exposed,ste_arc,stegastes_arcifrons,7,7
malpelo,bajo_del_junior,4,2015,jp_quimbayo,4991,4991,40,21,19,2,3,fuerte,exposed,gym_dov,gymnothorax_dovii,1,90
malpelo,bajo_del_junior,4,2015,jp_quimbayo,4991,4991,40,21,19,2,3,fuerte,exposed,sco_mys,scorpaena_mystes,1,40
malpelo,bajo_del_junior,4,2015,jp_quimbayo,4991,4991,40,21,19,2,3,fuerte,exposed,aul_chi,aulostomus_chinensis,1,35
malpelo,bajo_del_junior,4,2015,jp_quimbayo,4992,4992,40,21,18,2,3,fuerte,exposed,par_col,paranthias_colonus,40,25
malpelo,bajo_del_junior,4,2015,jp_quimbayo,4992,4992,40,21,18,2,3,fuerte,exposed,par_col,paranthias_colonus,100,20
malpelo,bajo_del_junior,4,2015,jp_quimbayo,4992,4992,40,21,18,2,3,fuerte,exposed,lut_vir,lutjanus_viridis,20,30
malpelo,bajo_del_junior,4,2015,jp_quimbayo,4992,4992,40,21,18,2,3,fuerte,exposed,mel_nig,melichthys_niger,1,25
malpelo,bajo_del_junior,4,2015,jp_quimbayo,4992,4992,40,21,18,2,3,fuerte,exposed,aro_mel,arothron_meleagris,1,25
malpelo,bajo_del_junior,4,2015,jp_quimbayo,4992,4992,40,21,18,2,3,fuerte,exposed,car_sex,caranx_sexfasciatus,2,50
malpelo,bajo_del_junior,4,2015,jp_quimbayo,4992,4992,40,21,18,2,3,fuerte,exposed,hol_pas,holacanthus_passer,8,20
malpelo,bajo_del_junior,4,2015,jp_quimbayo,4992,4992,40,21,18,2,3,fuerte,exposed,hol_pas,holacanthus_passer,2,25
malpelo,bajo_del_junior,4,2015,jp_quimbayo,4992,4992,40,21,18,2,3,fuerte,exposed,bod_dip,bodianus_diplotaenia,1,10
malpelo,bajo_del_junior,4,2015,jp_quimbayo,4992,4992,40,21,18,2,3,fuerte,exposed,bod_dip,bodianus_diplotaenia,1,12
malpelo,bajo_del_junior,4,2015,jp_quimbayo,4992,4992,40,21,18,2,3,fuerte,exposed,bod_dip,bodianus_diplotaenia,4,20
malpelo,bajo_del_junior,4,2015,jp_quimbayo,4992,4992,40,21,18,2,3,fuerte,exposed,zan_cor,zanclus_cornutus,1,30
malpelo,bajo_del_junior,4,2015,jp_quimbayo,4992,4992,40,21,18,2,3,fuerte,exposed,chr_atr,chromis_atrilobata,43,10
malpelo,bajo_del_junior,4,2015,jp_quimbayo,4992,4992,40,21,18,2,3,fuerte,exposed,ale_cil,alectis_ciliaris,1,45
malpelo,bajo_del_junior,4,2015,jp_quimbayo,4992,4992,40,21,18,2,3,fuerte,exposed,myc_olf,mycteroperca_olfax,1,50
malpelo,bajo_del_junior,4,2015,jp_quimbayo,4992,4992,40,21,18,2,3,fuerte,exposed,joh_nig,johnrandallia_nigrirostris,20,10
malpelo,bajo_del_junior,4,2015,jp_quimbayo,4992,4992,40,21,18,2,3,fuerte,exposed,joh_nig,johnrandallia_nigrirostris,15,15
malpelo,bajo_del_junior,4,2015,jp_quimbayo,4992,4992,40,21,18,2,3,fuerte,exposed,gym_dov,gymnothorax_dovii,1,70
malpelo,bajo_del_junior,4,2015,jp_quimbayo,4992,4992,40,21,18,2,3,fuerte,exposed,cir_oxy,cirrhitichthys_oxycephalus,100,5
malpelo,bajo_del_junior,4,2015,jp_quimbayo,4992,4992,40,21,18,2,3,fuerte,exposed,oph_ste,ophioblennius_steindachneri,4,12
malpelo,bajo_del_junior,4,2015,jp_quimbayo,4992,4992,40,21,18,2,3,fuerte,exposed,oph_ste,ophioblennius_steindachneri,3,10
malpelo,bajo_del_junior,4,2015,jp_quimbayo,4992,4992,40,21,18,2,3,fuerte,exposed,apo_atr,apogon_atradorsatus,30,5
malpelo,bajo_del_junior,4,2015,jp_quimbayo,4992,4992,40,21,18,2,3,fuerte,exposed,ste_bee,stegastes_beebei,2,12
malpelo,bajo_del_junior,4,2015,jp_quimbayo,4992,4992,40,21,18,2,3,fuerte,exposed,ste_bee,stegastes_beebei,2,5
malpelo,bajo_del_junior,4,2015,jp_quimbayo,4992,4992,40,21,18,2,3,fuerte,exposed,cir_riv,cirrhitus_rivulatus,1,40
malpelo,pared_del_naufrago,4,2015,jp_quimbayo,4993,4993,40,21,18,2,3,fuerte,exposed,apo_atr,apogon_atradorsatus,200,7
malpelo,pared_del_naufrago,4,2015,jp_quimbayo,4993,4993,40,21,18,2,3,fuerte,exposed,chr_atr,chromis_atrilobata,10,8
malpelo,pared_del_naufrago,4,2015,jp_quimbayo,4993,4993,40,21,18,2,3,fuerte,exposed,gym_dov,gymnothorax_dovii,2,70
malpelo,pared_del_naufrago,4,2015,jp_quimbayo,4993,4993,40,21,18,2,3,fuerte,exposed,par_col,paranthias_colonus,100,10
malpelo,pared_del_naufrago,4,2015,jp_quimbayo,4993,4993,40,21,18,2,3,fuerte,exposed,ste_arc,stegastes_arcifrons,2,10
malpelo,pared_del_naufrago,4,2015,jp_quimbayo,4993,4993,40,21,18,2,3,fuerte,exposed,suf_ver,sufflamen_verres,1,20
malpelo,pared_del_naufrago,4,2015,jp_quimbayo,4993,4993,40,21,18,2,3,fuerte,exposed,ste_arc,stegastes_arcifrons,7,8
malpelo,pared_del_naufrago,4,2015,jp_quimbayo,4993,4993,40,21,18,2,3,fuerte,exposed,myc_olf,mycteroperca_olfax,1,40
malpelo,pared_del_naufrago,4,2015,jp_quimbayo,4993,4993,40,21,18,2,3,fuerte,exposed,epi_lab,epinephelus_labriformis,1,30
malpelo,pared_del_naufrago,4,2015,jp_quimbayo,4993,4993,40,21,18,2,3,fuerte,exposed,lab_den,labrisomus_dendriticus,1,10
malpelo,pared_del_naufrago,4,2015,jp_quimbayo,4994,4994,40,21,18,2,3,fuerte,exposed,epi_lab,epinephelus_labriformis,2,20
malpelo,pared_del_naufrago,4,2015,jp_quimbayo,4994,4994,40,21,18,2,3,fuerte,exposed,hal_mal,halichoeres_malpelo,5,7
malpelo,pared_del_naufrago,4,2015,jp_quimbayo,4994,4994,40,21,18,2,3,fuerte,exposed,par_col,paranthias_colonus,100,10
malpelo,pared_del_naufrago,4,2015,jp_quimbayo,4994,4994,40,21,18,2,3,fuerte,exposed,ste_arc,stegastes_arcifrons,8,12
malpelo,pared_del_naufrago,4,2015,jp_quimbayo,4994,4994,40,21,18,2,3,fuerte,exposed,par_col,paranthias_colonus,200,8
malpelo,pared_del_naufrago,4,2015,jp_quimbayo,4994,4994,40,21,18,2,3,fuerte,exposed,hol_pas,holacanthus_passer,1,8
malpelo,pared_del_naufrago,4,2015,jp_quimbayo,4994,4994,40,21,18,2,3,fuerte,exposed,apo_atr,apogon_atradorsatus,100,7
malpelo,pared_del_naufrago,4,2015,jp_quimbayo,4994,4994,40,21,18,2,3,fuerte,exposed,myc_olf,mycteroperca_olfax,1,40
malpelo,pared_del_naufrago,4,2015,jp_quimbayo,4994,4994,40,21,18,2,3,fuerte,exposed,gym_dov,gymnothorax_dovii,1,50
malpelo,la_nevera,4,2015,jp_quimbayo,4995,4995,40,21,20.4,3,4,suave,protected,hol_pas,holacanthus_passer,3,10
malpelo,la_nevera,4,2015,jp_quimbayo,4995,4995,40,21,20.4,3,4,suave,protected,suf_ver,sufflamen_verres,1,7
malpelo,la_nevera,4,2015,jp_quimbayo,4995,4995,40,21,20.4,3,4,suave,protected,ste_bee,stegastes_beebei,3,6
malpelo,la_nevera,4,2015,jp_quimbayo,4995,4995,40,21,20.4,3,4,suave,protected,gym_dov,gymnothorax_dovii,2,80
malpelo,la_nevera,4,2015,jp_quimbayo,4995,4995,40,21,20.4,3,4,suave,protected,par_col,paranthias_colonus,10,10
malpelo,la_nevera,4,2015,jp_quimbayo,4995,4995,40,21,20.4,3,4,suave,protected,apo_atr,apogon_atradorsatus,50,7
malpelo,la_nevera,4,2015,jp_quimbayo,4995,4995,40,21,20.4,3,4,suave,protected,ser_riv,seriola_rivoliana,1,60
malpelo,la_nevera,4,2015,jp_quimbayo,4995,4995,40,21,20.4,3,4,suave,protected,ser_riv,seriola_rivoliana,2,80
malpelo,la_nevera,4,2015,jp_quimbayo,4995,4995,40,21,20.4,3,4,suave,protected,ste_arc,stegastes_arcifrons,5,3
malpelo,la_nevera,4,2015,jp_quimbayo,4995,4995,40,21,20.4,3,4,suave,protected,chr_atr,chromis_atrilobata,10,5
malpelo,la_nevera,4,2015,jp_quimbayo,4995,4995,40,21,20.4,3,4,suave,protected,opi_pan,opistognathus_panamaensis,10,8
malpelo,bajo_del_junior,4,2015,jp_quimbayo,4996,4996,40,21,23.8,2,3,fuerte,exposed,apo_atr,apogon_atradorsatus,100,8
malpelo,bajo_del_junior,4,2015,jp_quimbayo,4996,4996,40,21,23.8,2,3,fuerte,exposed,gym_dov,gymnothorax_dovii,2,80
malpelo,bajo_del_junior,4,2015,jp_quimbayo,4996,4996,40,21,23.8,2,3,fuerte,exposed,lut_vir,lutjanus_viridis,5,8
malpelo,bajo_del_junior,4,2015,jp_quimbayo,4996,4996,40,21,23.8,2,3,fuerte,exposed,chr_atr,chromis_atrilobata,20,7
malpelo,bajo_del_junior,4,2015,jp_quimbayo,4996,4996,40,21,23.8,2,3,fuerte,exposed,par_col,paranthias_colonus,100,15
malpelo,bajo_del_junior,4,2015,jp_quimbayo,4996,4996,40,21,23.8,2,3,fuerte,exposed,mul_den,mulloidichthys_dentatus,60,38
malpelo,bajo_del_junior,4,2015,jp_quimbayo,4996,4996,40,21,23.8,2,3,fuerte,exposed,lut_vir,lutjanus_viridis,70,30
malpelo,bajo_del_junior,4,2015,jp_quimbayo,4996,4996,40,21,23.8,2,3,fuerte,exposed,aro_mel,arothron_meleagris,1,12
malpelo,bajo_del_junior,4,2015,jp_quimbayo,4996,4996,40,21,23.8,2,3,fuerte,exposed,aro_mel,arothron_meleagris,1,25
malpelo,bajo_del_junior,4,2015,jp_quimbayo,4996,4996,40,21,23.8,2,3,fuerte,exposed,chr_atr,chromis_atrilobata,110,8
malpelo,bajo_del_junior,4,2015,jp_quimbayo,4996,4996,40,21,23.8,2,3,fuerte,exposed,cir_riv,cirrhitus_rivulatus,1,20
malpelo,bajo_del_junior,4,2015,jp_quimbayo,4996,4996,40,21,23.8,2,3,fuerte,exposed,mel_nig,melichthys_niger,1,30
malpelo,bajo_del_junior,4,2015,jp_quimbayo,4996,4996,40,21,23.8,2,3,fuerte,exposed,epi_lab,epinephelus_labriformis,2,20
malpelo,bajo_del_junior,4,2015,jp_quimbayo,4996,4996,40,21,23.8,2,3,fuerte,exposed,lab_den,labrisomus_dendriticus,1,12
malpelo,bajo_del_junior,4,2015,jp_quimbayo,4996,4996,40,21,23.8,2,3,fuerte,exposed,axo_rub,axoclinus_rubinoffi,4,3.5
malpelo,bajo_del_junior,4,2015,jp_quimbayo,4996,4996,40,21,23.8,2,3,fuerte,exposed,sco_mys,scorpaena_mystes,1,25
malpelo,bajo_del_junior,4,2015,jp_quimbayo,4997,4997,40,21,19.2,2,3,fuerte,exposed,par_col,paranthias_colonus,39,15
malpelo,bajo_del_junior,4,2015,jp_quimbayo,4997,4997,40,21,19.2,2,3,fuerte,exposed,cir_riv,cirrhitus_rivulatus,1,15
malpelo,bajo_del_junior,4,2015,jp_quimbayo,4997,4997,40,21,19.2,2,3,fuerte,exposed,bod_dip,bodianus_diplotaenia,1,40
malpelo,bajo_del_junior,4,2015,jp_quimbayo,4997,4997,40,21,19.2,2,3,fuerte,exposed,fis_com,fistularia_commersonii,1,40
malpelo,bajo_del_junior,4,2015,jp_quimbayo,4997,4997,40,21,19.2,2,3,fuerte,exposed,der_der,dermatolepis_dermatolepis,1,20
malpelo,bajo_del_junior,4,2015,jp_quimbayo,4997,4997,40,21,19.2,2,3,fuerte,exposed,suf_ver,sufflamen_verres,1,15
malpelo,bajo_del_junior,4,2015,jp_quimbayo,4997,4997,40,21,19.2,2,3,fuerte,exposed,ste_bee,stegastes_beebei,8,5
malpelo,bajo_del_junior,4,2015,jp_quimbayo,4997,4997,40,21,19.2,2,3,fuerte,exposed,joh_nig,johnrandallia_nigrirostris,10,10
malpelo,bajo_del_junior,4,2015,jp_quimbayo,4997,4997,40,21,19.2,2,3,fuerte,exposed,lut_vir,lutjanus_viridis,50,5
malpelo,bajo_del_junior,4,2015,jp_quimbayo,4997,4997,40,21,19.2,2,3,fuerte,exposed,ste_arc,stegastes_arcifrons,5,4
malpelo,bajo_del_junior,4,2015,jp_quimbayo,4997,4997,40,21,19.2,2,3,fuerte,exposed,lut_ine,lutjanus_inermis,10,35
malpelo,bajo_del_junior,4,2015,jp_quimbayo,4998,4998,40,21,21.2,2,3,fuerte,exposed,par_col,paranthias_colonus,50,15
malpelo,bajo_del_junior,4,2015,jp_quimbayo,4998,4998,40,21,21.2,2,3,fuerte,exposed,oph_ste,ophioblennius_steindachneri,2,10
malpelo,bajo_del_junior,4,2015,jp_quimbayo,4998,4998,40,21,21.2,2,3,fuerte,exposed,gym_dov,gymnothorax_dovii,1,60
malpelo,bajo_del_junior,4,2015,jp_quimbayo,4998,4998,40,21,21.2,2,3,fuerte,exposed,lut_vir,lutjanus_viridis,28,30
malpelo,bajo_del_junior,4,2015,jp_quimbayo,4998,4998,40,21,21.2,2,3,fuerte,exposed,mul_den,mulloidichthys_dentatus,35,38
malpelo,bajo_del_junior,4,2015,jp_quimbayo,4998,4998,40,21,21.2,2,3,fuerte,exposed,lut_ine,lutjanus_inermis,50,35
malpelo,bajo_del_junior,4,2015,jp_quimbayo,4998,4998,40,21,21.2,2,3,fuerte,exposed,lut_jor,lutjanus_jordani,50,30
malpelo,bajo_del_junior,4,2015,jp_quimbayo,4998,4998,40,21,21.2,2,3,fuerte,exposed,hol_pas,holacanthus_passer,3,30
malpelo,bajo_del_junior,4,2015,jp_quimbayo,4998,4998,40,21,21.2,2,3,fuerte,exposed,der_der,dermatolepis_dermatolepis,2,30
malpelo,bajo_del_junior,4,2015,jp_quimbayo,4998,4998,40,21,21.2,2,3,fuerte,exposed,tha_luc,thalassoma_lucasanum,8,10
malpelo,bajo_del_junior,4,2015,jp_quimbayo,4998,4998,40,21,21.2,2,3,fuerte,exposed,ser_riv,seriola_rivoliana,4,20
malpelo,bajo_del_junior,4,2015,jp_quimbayo,4998,4998,40,21,21.2,2,3,fuerte,exposed,lut_vir,lutjanus_viridis,50,30
malpelo,bajo_del_junior,4,2015,jp_quimbayo,4998,4998,40,21,21.2,2,3,fuerte,exposed,myc_olf,mycteroperca_olfax,2,50
malpelo,bajo_del_junior,4,2015,jp_quimbayo,4999,4999,40,21,20.4,2,3,fuerte,exposed,ste_arc,stegastes_arcifrons,1,4
malpelo,bajo_del_junior,4,2015,jp_quimbayo,4999,4999,40,21,20.4,2,3,fuerte,exposed,par_col,paranthias_colonus,28,15
malpelo,bajo_del_junior,4,2015,jp_quimbayo,4999,4999,40,21,20.4,2,3,fuerte,exposed,der_der,dermatolepis_dermatolepis,2,30
malpelo,bajo_del_junior,4,2015,jp_quimbayo,4999,4999,40,21,20.4,2,3,fuerte,exposed,der_der,dermatolepis_dermatolepis,10,45
malpelo,bajo_del_junior,4,2015,jp_quimbayo,4999,4999,40,21,20.4,2,3,fuerte,exposed,suf_ver,sufflamen_verres,1,15
malpelo,bajo_del_junior,4,2015,jp_quimbayo,4999,4999,40,21,20.4,2,3,fuerte,exposed,par_col,paranthias_colonus,95,20
malpelo,bajo_del_junior,4,2015,jp_quimbayo,4999,4999,40,21,20.4,2,3,fuerte,exposed,joh_nig,johnrandallia_nigrirostris,5,15
malpelo,bajo_del_junior,4,2015,jp_quimbayo,4999,4999,40,21,20.4,2,3,fuerte,exposed,bod_dip,bodianus_diplotaenia,1,15
malpelo,bajo_del_junior,4,2015,jp_quimbayo,4999,4999,40,21,20.4,2,3,fuerte,exposed,bod_dip,bodianus_diplotaenia,1,20
malpelo,bajo_del_junior,4,2015,jp_quimbayo,4999,4999,40,21,20.4,2,3,fuerte,exposed,ste_bee,stegastes_beebei,7,4
malpelo,bajo_del_junior,4,2015,jp_quimbayo,4999,4999,40,21,20.4,2,3,fuerte,exposed,aro_his,arothron_hispidus,1,10
malpelo,bajo_del_junior,4,2015,jp_quimbayo,4999,4999,40,21,20.4,2,3,fuerte,exposed,aro_mel,arothron_meleagris,1,20
malpelo,bajo_del_junior,4,2015,jp_quimbayo,4999,4999,40,21,20.4,2,3,fuerte,exposed,aro_mel,arothron_meleagris,4,15
malpelo,bajo_del_junior,4,2015,jp_quimbayo,4999,4999,40,21,20.4,2,3,fuerte,exposed,hol_pas,holacanthus_passer,2,10
malpelo,bajo_del_junior,4,2015,jp_quimbayo,4999,4999,40,21,20.4,2,3,fuerte,exposed,hol_pas,holacanthus_passer,1,20
malpelo,bajo_del_junior,4,2015,jp_quimbayo,4999,4999,40,21,20.4,2,3,fuerte,exposed,epi_lab,epinephelus_labriformis,2,25
malpelo,bajo_del_junior,4,2015,jp_quimbayo,4999,4999,40,21,20.4,2,3,fuerte,exposed,lut_jor,lutjanus_jordani,100,35
malpelo,bajo_del_junior,4,2015,jp_quimbayo,4999,4999,40,21,21,2,3,fuerte,exposed,chr_atr,chromis_atrilobata,10,8
malpelo,bajo_del_junior,4,2015,jp_quimbayo,5000,5000,40,21,21,2,3,fuerte,exposed,par_col,paranthias_colonus,15,10
malpelo,bajo_del_junior,4,2015,jp_quimbayo,5000,5000,40,21,21,2,3,fuerte,exposed,joh_nig,johnrandallia_nigrirostris,5,15
malpelo,bajo_del_junior,4,2015,jp_quimbayo,5000,5000,40,21,21,2,3,fuerte,exposed,suf_ver,sufflamen_verres,1,15
malpelo,bajo_del_junior,4,2015,jp_quimbayo,5000,5000,40,21,21,2,3,fuerte,exposed,ste_arc,stegastes_arcifrons,4,8
malpelo,bajo_del_junior,4,2015,jp_quimbayo,5000,5000,40,21,21,2,3,fuerte,exposed,der_der,dermatolepis_dermatolepis,4,20
malpelo,bajo_del_junior,4,2015,jp_quimbayo,5000,5000,40,21,21,2,3,fuerte,exposed,lut_jor,lutjanus_jordani,20,30
malpelo,bajo_del_junior,4,2015,jp_quimbayo,5000,5000,40,21,21,2,3,fuerte,exposed,mul_den,mulloidichthys_dentatus,6,10
malpelo,bajo_del_junior,4,2015,jp_quimbayo,5000,5000,40,21,21,2,3,fuerte,exposed,epi_lab,epinephelus_labriformis,1,20
malpelo,bajo_del_junior,4,2015,jp_quimbayo,5000,5000,40,21,21,2,3,fuerte,exposed,bod_dip,bodianus_diplotaenia,1,20
malpelo,bajo_del_junior,4,2015,jp_quimbayo,5000,5000,40,21,21,2,3,fuerte,exposed,par_col,paranthias_colonus,100,18
malpelo,bajo_del_junior,4,2015,jp_quimbayo,5000,5000,40,21,21,2,3,fuerte,exposed,mul_den,mulloidichthys_dentatus,10,35
malpelo,bajo_del_junior,4,2015,jp_quimbayo,5000,5000,40,21,21,2,3,fuerte,exposed,bod_dip,bodianus_diplotaenia,2,35
malpelo,bajo_del_junior,4,2015,jp_quimbayo,5000,5000,40,21,21,2,3,fuerte,exposed,cir_riv,cirrhitus_rivulatus,1,20
malpelo,bajo_del_junior,4,2015,jp_quimbayo,5000,5000,40,21,21,2,3,fuerte,exposed,oph_ste,ophioblennius_steindachneri,3,15
malpelo,bajo_del_junior,4,2015,jp_quimbayo,5000,5000,40,21,21,2,3,fuerte,exposed,ste_arc,stegastes_arcifrons,5,8
malpelo,bajo_del_junior,4,2015,jp_quimbayo,5001,5001,40,21,18.6,2,3,fuerte,exposed,par_col,paranthias_colonus,15,15
malpelo,bajo_del_junior,4,2015,jp_quimbayo,5001,5001,40,21,18.6,2,3,fuerte,exposed,oph_ste,ophioblennius_steindachneri,2,10
malpelo,bajo_del_junior,4,2015,jp_quimbayo,5001,5001,40,21,18.6,2,3,fuerte,exposed,oph_ste,ophioblennius_steindachneri,1,15
malpelo,bajo_del_junior,4,2015,jp_quimbayo,5001,5001,40,21,18.6,2,3,fuerte,exposed,tha_luc,thalassoma_lucasanum,10,4
malpelo,bajo_del_junior,4,2015,jp_quimbayo,5001,5001,40,21,18.6,2,3,fuerte,exposed,joh_nig,johnrandallia_nigrirostris,5,10
malpelo,bajo_del_junior,4,2015,jp_quimbayo,5001,5001,40,21,18.6,2,3,fuerte,exposed,cir_riv,cirrhitus_rivulatus,1,20
malpelo,bajo_del_junior,4,2015,jp_quimbayo,5001,5001,40,21,18.6,2,3,fuerte,exposed,cir_riv,cirrhitus_rivulatus,1,10
malpelo,bajo_del_junior,4,2015,jp_quimbayo,5001,5001,40,21,18.6,2,3,fuerte,exposed,cir_riv,cirrhitus_rivulatus,1,15
malpelo,bajo_del_junior,4,2015,jp_quimbayo,5001,5001,40,21,18.6,2,3,fuerte,exposed,ste_arc,stegastes_arcifrons,5,4
malpelo,bajo_del_junior,4,2015,jp_quimbayo,5001,5001,40,21,18.6,2,3,fuerte,exposed,lab_den,labrisomus_dendriticus,1,12
malpelo,bajo_del_junior,4,2015,jp_quimbayo,5001,5001,40,21,18.6,2,3,fuerte,exposed,aro_mel,arothron_meleagris,1,10
malpelo,bajo_del_junior,4,2015,jp_quimbayo,5001,5001,40,21,18.6,2,3,fuerte,exposed,suf_ver,sufflamen_verres,5,20
malpelo,bajo_del_junior,4,2015,jp_quimbayo,5001,5001,40,21,18.6,2,3,fuerte,exposed,aca_ste,acanthemblemaria_stephensi,1,4
malpelo,bajo_del_junior,4,2015,jp_quimbayo,5002,5002,40,21,19.3,2,3,fuerte,exposed,lut_vir,lutjanus_viridis,20,20
malpelo,bajo_del_junior,4,2015,jp_quimbayo,5002,5002,40,21,19.3,2,3,fuerte,exposed,chr_atr,chromis_atrilobata,23,10
malpelo,bajo_del_junior,4,2015,jp_quimbayo,5002,5002,40,21,19.3,2,3,fuerte,exposed,hol_pas,holacanthus_passer,1,35
malpelo,bajo_del_junior,4,2015,jp_quimbayo,5002,5002,40,21,19.3,2,3,fuerte,exposed,lut_jor,lutjanus_jordani,80,30
malpelo,bajo_del_junior,4,2015,jp_quimbayo,5002,5002,40,21,19.3,2,3,fuerte,exposed,gym_dov,gymnothorax_dovii,1,50
malpelo,bajo_del_junior,4,2015,jp_quimbayo,5002,5002,40,21,19.3,2,3,fuerte,exposed,ser_riv,seriola_rivoliana,1,30
malpelo,bajo_del_junior,4,2015,jp_quimbayo,5002,5002,40,21,19.3,2,3,fuerte,exposed,par_col,paranthias_colonus,30,30
malpelo,bajo_del_junior,4,2015,jp_quimbayo,5002,5002,40,21,19.3,2,3,fuerte,exposed,bod_dip,bodianus_diplotaenia,1,40
malpelo,bajo_del_junior,4,2015,jp_quimbayo,5003,5003,40,21,16.5,2,3,fuerte,exposed,chr_atr,chromis_atrilobata,50,10
malpelo,bajo_del_junior,4,2015,jp_quimbayo,5003,5003,40,21,16.5,2,3,fuerte,exposed,mul_den,mulloidichthys_dentatus,60,38
malpelo,bajo_del_junior,4,2015,jp_quimbayo,5003,5003,40,21,16.5,2,3,fuerte,exposed,epi_lab,epinephelus_labriformis,2,20
malpelo,bajo_del_junior,4,2015,jp_quimbayo,5003,5003,40,21,16.5,2,3,fuerte,exposed,der_der,dermatolepis_dermatolepis,4,20
malpelo,bajo_del_junior,4,2015,jp_quimbayo,5003,5003,40,21,16.5,2,3,fuerte,exposed,hol_pas,holacanthus_passer,1,30
malpelo,bajo_del_junior,4,2015,jp_quimbayo,5003,5003,40,21,16.5,2,3,fuerte,exposed,par_col,paranthias_colonus,130,20
malpelo,bajo_del_junior,4,2015,jp_quimbayo,5003,5003,40,21,16.5,2,3,fuerte,exposed,lut_ine,lutjanus_inermis,120,35
malpelo,bajo_del_junior,4,2015,jp_quimbayo,5003,5003,40,21,16.5,2,3,fuerte,exposed,ste_arc,stegastes_arcifrons,4,4
malpelo,bajo_del_junior,4,2015,jp_quimbayo,5003,5003,40,21,16.5,2,3,fuerte,exposed,gym_dov,gymnothorax_dovii,2,70
malpelo,bajo_del_junior,4,2015,jp_quimbayo,5003,5003,40,21,16.5,2,3,fuerte,exposed,joh_nig,johnrandallia_nigrirostris,10,5
malpelo,bajo_del_junior,4,2015,jp_quimbayo,5003,5003,40,21,16.5,2,3,fuerte,exposed,fis_com,fistularia_commersonii,1,55
malpelo,bajo_del_junior,4,2015,jp_quimbayo,5003,5003,40,21,16.5,2,3,fuerte,exposed,ste_bee,stegastes_beebei,7,4
gorgona,azufrada,NA,2009,mm_palacios,201,201,60,,5,3,,,protected,can_pun,canthigaster_punctatissima,2,2.5
gorgona,azufrada,NA,2009,mm_palacios,201,201,60,,5,3,,,protected,hol_pas,holacanthus_passer,1,2.5
gorgona,azufrada,NA,2009,mm_palacios,201,201,60,,5,3,,,protected,ste_aca,stegastes_acapulcoensis,1,2.5
gorgona,azufrada,NA,2009,mm_palacios,201,201,60,,5,3,,,protected,can_pun,canthigaster_punctatissima,6,5
gorgona,azufrada,NA,2009,mm_palacios,201,201,60,,5,3,,,protected,chr_atr,chromis_atrilobata,2,5
gorgona,azufrada,NA,2009,mm_palacios,201,201,60,,5,3,,,protected,hol_pas,holacanthus_passer,10,5
gorgona,azufrada,NA,2009,mm_palacios,201,201,60,,5,3,,,protected,joh_nig,johnrandallia_nigrirostris,2,5
gorgona,azufrada,NA,2009,mm_palacios,201,201,60,,5,3,,,protected,pla_aza,plagiotremus_azaleus,2,5
gorgona,azufrada,NA,2009,mm_palacios,201,201,60,,5,3,,,protected,ste_aca,stegastes_acapulcoensis,4,5
gorgona,azufrada,NA,2009,mm_palacios,201,201,60,,5,3,,,protected,cir_oxy,cirrhitichthys_oxycephalus,3,5
gorgona,azufrada,NA,2009,mm_palacios,201,201,60,,5,3,,,protected,hol_pas,holacanthus_passer,4,7.5
gorgona,azufrada,NA,2009,mm_palacios,201,201,60,,5,3,,,protected,pla_aza,plagiotremus_azaleus,5,7.5
gorgona,azufrada,NA,2009,mm_palacios,201,201,60,,5,3,,,protected,ser_psi,serranus_psittacinus,1,7.5
gorgona,azufrada,NA,2009,mm_palacios,201,201,60,,5,3,,,protected,ste_aca,stegastes_acapulcoensis,2,7.5
gorgona,azufrada,NA,2009,mm_palacios,201,201,60,,5,3,,,protected,ste_arc,stegastes_arcifrons,4,7.5
gorgona,azufrada,NA,2009,mm_palacios,201,201,60,,5,3,,,protected,suf_ver,sufflamen_verres,7,7.5
gorgona,azufrada,NA,2009,mm_palacios,201,201,60,,5,3,,,protected,tha_luc,thalassoma_lucasanum,27,7.5
gorgona,azufrada,NA,2009,mm_palacios,201,201,60,,5,3,,,protected,cir_oxy,cirrhitichthys_oxycephalus,57,7.5
gorgona,azufrada,NA,2009,mm_palacios,201,201,60,,5,3,,,protected,cep_pan,cephalopholis_panamensis,1,10
gorgona,azufrada,NA,2009,mm_palacios,201,201,60,,5,3,,,protected,hol_pas,holacanthus_passer,2,10
gorgona,azufrada,NA,2009,mm_palacios,201,201,60,,5,3,,,protected,joh_nig,johnrandallia_nigrirostris,1,10
gorgona,azufrada,NA,2009,mm_palacios,201,201,60,,5,3,,,protected,par_col,paranthias_colonus,1,10
gorgona,azufrada,NA,2009,mm_palacios,201,201,60,,5,3,,,protected,pla_aza,plagiotremus_azaleus,6,10
gorgona,azufrada,NA,2009,mm_palacios,201,201,60,,5,3,,,protected,ste_aca,stegastes_acapulcoensis,1,10
gorgona,azufrada,NA,2009,mm_palacios,201,201,60,,5,3,,,protected,myr_lei,myripristis_leiognathus,8,10
gorgona,azufrada,NA,2009,mm_palacios,201,201,60,,5,3,,,protected,cte_mar,ctenochaetus_marginatus,1,12.5
gorgona,azufrada,NA,2009,mm_palacios,201,201,60,,5,3,,,protected,hol_pas,holacanthus_passer,2,12.5
gorgona,azufrada,NA,2009,mm_palacios,201,201,60,,5,3,,,protected,oph_ste,ophioblennius_steindachneri,1,12.5
gorgona,azufrada,NA,2009,mm_palacios,201,201,60,,5,3,,,protected,myr_ber,myripristis_berndti,1,12.5
gorgona,azufrada,NA,2009,mm_palacios,201,201,60,,5,3,,,protected,sar_sub,sargocentron_suborbitalis,4,12.5
gorgona,azufrada,NA,2009,mm_palacios,201,201,60,,5,3,,,protected,bod_dip,bodianus_diplotaenia,1,15
gorgona,azufrada,NA,2009,mm_palacios,201,201,60,,5,3,,,protected,hol_pas,holacanthus_passer,1,15
gorgona,azufrada,NA,2009,mm_palacios,201,201,60,,5,3,,,protected,ser_psi,serranus_psittacinus,1,15
gorgona,azufrada,NA,2009,mm_palacios,201,201,60,,5,3,,,protected,myr_ber,myripristis_berndti,1,15
gorgona,azufrada,NA,2009,mm_palacios,201,201,60,,5,3,,,protected,aro_mel,arothron_meleagris,1,25
gorgona,azufrada,NA,2009,mm_palacios,201,201,60,,5,3,,,protected,fis_com,fistularia_commersonii,1,25
gorgona,azufrada,NA,2009,mm_palacios,202,202,60,,5,3,,,protected,tha_luc,thalassoma_lucasanum,5,2.5
gorgona,azufrada,NA,2009,mm_palacios,202,202,60,,5,3,,,protected,hol_pas,holacanthus_passer,2,5
gorgona,azufrada,NA,2009,mm_palacios,202,202,60,,5,3,,,protected,joh_nig,johnrandallia_nigrirostris,1,5
gorgona,azufrada,NA,2009,mm_palacios,202,202,60,,5,3,,,protected,lut_vir,lutjanus_viridis,1,5
gorgona,azufrada,NA,2009,mm_palacios,202,202,60,,5,3,,,protected,cir_oxy,cirrhitichthys_oxycephalus,5,5
gorgona,azufrada,NA,2009,mm_palacios,202,202,60,,5,3,,,protected,can_pun,canthigaster_punctatissima,7,7.5
gorgona,azufrada,NA,2009,mm_palacios,202,202,60,,5,3,,,protected,hol_pas,holacanthus_passer,6,7.5
gorgona,azufrada,NA,2009,mm_palacios,202,202,60,,5,3,,,protected,joh_nig,johnrandallia_nigrirostris,2,7.5
gorgona,azufrada,NA,2009,mm_palacios,202,202,60,,5,3,,,protected,ste_aca,stegastes_acapulcoensis,5,7.5
gorgona,azufrada,NA,2009,mm_palacios,202,202,60,,5,3,,,protected,ste_arc,stegastes_arcifrons,2,7.5
gorgona,azufrada,NA,2009,mm_palacios,202,202,60,,5,3,,,protected,ste_ban,stethojulis_bandanensis,2,7.5
gorgona,azufrada,NA,2009,mm_palacios,202,202,60,,5,3,,,protected,suf_ver,sufflamen_verres,1,7.5
gorgona,azufrada,NA,2009,mm_palacios,202,202,60,,5,3,,,protected,tha_luc,thalassoma_lucasanum,3,7.5
gorgona,azufrada,NA,2009,mm_palacios,202,202,60,,5,3,,,protected,cir_oxy,cirrhitichthys_oxycephalus,38,7.5
gorgona,azufrada,NA,2009,mm_palacios,202,202,60,,5,3,,,protected,bod_dip,bodianus_diplotaenia,1,10
gorgona,azufrada,NA,2009,mm_palacios,202,202,60,,5,3,,,protected,hol_pas,holacanthus_passer,3,10
gorgona,azufrada,NA,2009,mm_palacios,202,202,60,,5,3,,,protected,joh_nig,johnrandallia_nigrirostris,3,10
gorgona,azufrada,NA,2009,mm_palacios,202,202,60,,5,3,,,protected,pla_aza,plagiotremus_azaleus,7,10
gorgona,azufrada,NA,2009,mm_palacios,202,202,60,,5,3,,,protected,ser_psi,serranus_psittacinus,1,10
gorgona,azufrada,NA,2009,mm_palacios,202,202,60,,5,3,,,protected,ste_arc,stegastes_arcifrons,1,10
gorgona,azufrada,NA,2009,mm_palacios,202,202,60,,5,3,,,protected,ste_ban,stethojulis_bandanensis,2,10
gorgona,azufrada,NA,2009,mm_palacios,202,202,60,,5,3,,,protected,suf_ver,sufflamen_verres,3,10
gorgona,azufrada,NA,2009,mm_palacios,202,202,60,,5,3,,,protected,tha_luc,thalassoma_lucasanum,5,10
gorgona,azufrada,NA,2009,mm_palacios,202,202,60,,5,3,,,protected,myr_lei,myripristis_leiognathus,2,10
gorgona,azufrada,NA,2009,mm_palacios,202,202,60,,5,3,,,protected,cep_pan,cephalopholis_panamensis,1,12.5
gorgona,azufrada,NA,2009,mm_palacios,202,202,60,,5,3,,,protected,hal_nic,halichoeres_nicholsi,1,12.5
gorgona,azufrada,NA,2009,mm_palacios,202,202,60,,5,3,,,protected,oph_ste,ophioblennius_steindachneri,2,12.5
gorgona,azufrada,NA,2009,mm_palacios,202,202,60,,5,3,,,protected,par_col,paranthias_colonus,1,12.5
gorgona,azufrada,NA,2009,mm_palacios,202,202,60,,5,3,,,protected,sca_gho,scarus_ghobban,1,12.5
gorgona,azufrada,NA,2009,mm_palacios,202,202,60,,5,3,,,protected,nov_tae,novaculichthys_taeniourus,2,15
gorgona,azufrada,NA,2009,mm_palacios,202,202,60,,5,3,,,protected,myr_ber,myripristis_berndti,2,20
gorgona,azufrada,NA,2009,mm_palacios,202,202,60,,5,3,,,protected,fis_com,fistularia_commersonii,1,35
gorgona,azufrada,NA,2009,mm_palacios,202,202,60,,5,3,,,protected,gym_fla,gymnothorax_flavimarginatus,1,200
gorgona,azufrada,NA,2009,cg_munoz,203,203,60,,5,3,,,protected,apo_dov,apogon_dovii,3,2.5
gorgona,azufrada,NA,2009,cg_munoz,203,203,60,,5,3,,,protected,cor_uro,coryphopterus_urospilus,2,5
gorgona,azufrada,NA,2009,cg_munoz,203,203,60,,5,3,,,protected,can_pun,canthigaster_punctatissima,3,7.5
gorgona,azufrada,NA,2009,cg_munoz,203,203,60,,5,3,,,protected,chr_atr,chromis_atrilobata,50,7.5
gorgona,azufrada,NA,2009,cg_munoz,203,203,60,,5,3,,,protected,hol_pas,holacanthus_passer,5,7.5
gorgona,azufrada,NA,2009,cg_munoz,203,203,60,,5,3,,,protected,joh_nig,johnrandallia_nigrirostris,1,7.5
gorgona,azufrada,NA,2009,cg_munoz,203,203,60,,5,3,,,protected,pla_aza,plagiotremus_azaleus,3,7.5
gorgona,azufrada,NA,2009,cg_munoz,203,203,60,,5,3,,,protected,ste_aca,stegastes_acapulcoensis,4,7.5
gorgona,azufrada,NA,2009,cg_munoz,203,203,60,,5,3,,,protected,ste_arc,stegastes_arcifrons,2,7.5
gorgona,azufrada,NA,2009,cg_munoz,203,203,60,,5,3,,,protected,suf_ver,sufflamen_verres,1,7.5
gorgona,azufrada,NA,2009,cg_munoz,203,203,60,,5,3,,,protected,cir_oxy,cirrhitichthys_oxycephalus,54,7.5
gorgona,azufrada,NA,2009,cg_munoz,203,203,60,,5,3,,,protected,hol_pas,holacanthus_passer,6,10
gorgona,azufrada,NA,2009,cg_munoz,203,203,60,,5,3,,,protected,joh_nig,johnrandallia_nigrirostris,4,10
gorgona,azufrada,NA,2009,cg_munoz,203,203,60,,5,3,,,protected,oph_ste,ophioblennius_steindachneri,1,10
gorgona,azufrada,NA,2009,cg_munoz,203,203,60,,5,3,,,protected,par_col,paranthias_colonus,1,10
gorgona,azufrada,NA,2009,cg_munoz,203,203,60,,5,3,,,protected,sca_gho,scarus_ghobban,2,10
gorgona,azufrada,NA,2009,cg_munoz,203,203,60,,5,3,,,protected,ste_ban,stethojulis_bandanensis,1,10
gorgona,azufrada,NA,2009,cg_munoz,203,203,60,,5,3,,,protected,suf_ver,sufflamen_verres,3,10
gorgona,azufrada,NA,2009,cg_munoz,203,203,60,,5,3,,,protected,tha_luc,thalassoma_lucasanum,5,10
gorgona,azufrada,NA,2009,cg_munoz,203,203,60,,5,3,,,protected,myr_lei,myripristis_leiognathus,12,10
gorgona,azufrada,NA,2009,cg_munoz,203,203,60,,5,3,,,protected,hol_pas,holacanthus_passer,2,12.5
gorgona,azufrada,NA,2009,cg_munoz,203,203,60,,5,3,,,protected,joh_nig,johnrandallia_nigrirostris,1,12.5
gorgona,azufrada,NA,2009,cg_munoz,203,203,60,,5,3,,,protected,oph_ste,ophioblennius_steindachneri,1,12.5
gorgona,azufrada,NA,2009,cg_munoz,203,203,60,,5,3,,,protected,suf_ver,sufflamen_verres,1,12.5
gorgona,azufrada,NA,2009,cg_munoz,203,203,60,,5,3,,,protected,tha_luc,thalassoma_lucasanum,2,12.5
gorgona,azufrada,NA,2009,cg_munoz,203,203,60,,5,3,,,protected,myr_ber,myripristis_berndti,3,12.5
gorgona,azufrada,NA,2009,cg_munoz,203,203,60,,5,3,,,protected,myr_lei,myripristis_leiognathus,3,12.5
gorgona,azufrada,NA,2009,cg_munoz,203,203,60,,5,3,,,protected,sar_sub,sargocentron_suborbitalis,2,12.5
gorgona,azufrada,NA,2009,cg_munoz,203,203,60,,5,3,,,protected,aro_mel,arothron_meleagris,2,15
gorgona,azufrada,NA,2009,cg_munoz,203,203,60,,5,3,,,protected,hol_pas,holacanthus_passer,3,15
gorgona,azufrada,NA,2009,cg_munoz,203,203,60,,5,3,,,protected,myr_ber,myripristis_berndti,2,15
gorgona,azufrada,NA,2009,cg_munoz,204,204,60,,5,3,,,protected,suf_ver,sufflamen_verres,1,5
gorgona,azufrada,NA,2009,cg_munoz,204,204,60,,5,3,,,protected,cir_oxy,cirrhitichthys_oxycephalus,3,5
gorgona,azufrada,NA,2009,cg_munoz,204,204,60,,5,3,,,protected,can_pun,canthigaster_punctatissima,1,7.5
gorgona,azufrada,NA,2009,cg_munoz,204,204,60,,5,3,,,protected,hol_pas,holacanthus_passer,5,7.5
gorgona,azufrada,NA,2009,cg_munoz,204,204,60,,5,3,,,protected,joh_nig,johnrandallia_nigrirostris,1,7.5
gorgona,azufrada,NA,2009,cg_munoz,204,204,60,,5,3,,,protected,par_col,paranthias_colonus,3,7.5
gorgona,azufrada,NA,2009,cg_munoz,204,204,60,,5,3,,,protected,suf_ver,sufflamen_verres,5,7.5
gorgona,azufrada,NA,2009,cg_munoz,204,204,60,,5,3,,,protected,cir_oxy,cirrhitichthys_oxycephalus,55,7.5
gorgona,azufrada,NA,2009,cg_munoz,204,204,60,,5,3,,,protected,aca_xan,acanthurus_xanthopterus,1,10
gorgona,azufrada,NA,2009,cg_munoz,204,204,60,,5,3,,,protected,hol_pas,holacanthus_passer,12,10
gorgona,azufrada,NA,2009,cg_munoz,204,204,60,,5,3,,,protected,joh_nig,johnrandallia_nigrirostris,1,10
gorgona,azufrada,NA,2009,cg_munoz,204,204,60,,5,3,,,protected,par_col,paranthias_colonus,3,10
gorgona,azufrada,NA,2009,cg_munoz,204,204,60,,5,3,,,protected,ste_aca,stegastes_acapulcoensis,3,10
gorgona,azufrada,NA,2009,cg_munoz,204,204,60,,5,3,,,protected,ste_arc,stegastes_arcifrons,2,10
gorgona,azufrada,NA,2009,cg_munoz,204,204,60,,5,3,,,protected,ste_ban,stethojulis_bandanensis,1,10
gorgona,azufrada,NA,2009,cg_munoz,204,204,60,,5,3,,,protected,abu_tro,abudefduf_troschelii,5,12.5
gorgona,azufrada,NA,2009,cg_munoz,204,204,60,,5,3,,,protected,bod_dip,bodianus_diplotaenia,1,12.5
gorgona,azufrada,NA,2009,cg_munoz,204,204,60,,5,3,,,protected,cep_pan,cephalopholis_panamensis,1,12.5
gorgona,azufrada,NA,2009,cg_munoz,204,204,60,,5,3,,,protected,cte_mar,ctenochaetus_marginatus,2,12.5
gorgona,azufrada,NA,2009,cg_munoz,204,204,60,,5,3,,,protected,hol_pas,holacanthus_passer,1,12.5
gorgona,azufrada,NA,2009,cg_munoz,204,204,60,,5,3,,,protected,lut_vir,lutjanus_viridis,57,12.5
gorgona,azufrada,NA,2009,cg_munoz,204,204,60,,5,3,,,protected,oph_ste,ophioblennius_steindachneri,1,12.5
gorgona,azufrada,NA,2009,cg_munoz,204,204,60,,5,3,,,protected,sca_gho,scarus_ghobban,2,12.5
gorgona,azufrada,NA,2009,cg_munoz,204,204,60,,5,3,,,protected,myr_lei,myripristis_leiognathus,1,12.5
gorgona,azufrada,NA,2009,cg_munoz,204,204,60,,5,3,,,protected,lut_vir,lutjanus_viridis,3,15
gorgona,azufrada,NA,2009,cg_munoz,204,204,60,,5,3,,,protected,myr_ber,myripristis_berndti,4,15
gorgona,azufrada,NA,2009,cg_munoz,204,204,60,,5,3,,,protected,myr_lei,myripristis_leiognathus,2,15
gorgona,azufrada,NA,2009,cg_munoz,204,204,60,,5,3,,,protected,suf_ver,sufflamen_verres,1,20
gorgona,azufrada,NA,2009,cg_munoz,204,204,60,,5,3,,,protected,fis_com,fistularia_commersonii,1,30
gorgona,azufrada,NA,2009,cg_munoz,204,204,60,,5,3,,,protected,fis_com,fistularia_commersonii,1,40
gorgona,azufrada,NA,2009,cg_munoz,204,204,60,,5,3,,,protected,fis_com,fistularia_commersonii,1,50
gorgona,azufrada,NA,2009,cg_munoz,204,204,60,,5,3,,,protected,pse_nau,pseudobalistes_naufragium,1,50
gorgona,azufrada,NA,2009,cg_munoz,204,204,60,,5,3,,,protected,gym_cas,gymnothorax_castaneus,1,200
gorgona,azufrada,NA,2009,fa_zapata,205,205,60,,5,3,,,protected,chr_atr,chromis_atrilobata,225,5
gorgona,azufrada,NA,2009,fa_zapata,205,205,60,,5,3,,,protected,joh_nig,johnrandallia_nigrirostris,1,5
gorgona,azufrada,NA,2009,fa_zapata,205,205,60,,5,3,,,protected,ste_aca,stegastes_acapulcoensis,1,5
gorgona,azufrada,NA,2009,fa_zapata,205,205,60,,5,3,,,protected,tha_luc,thalassoma_lucasanum,3,5
gorgona,azufrada,NA,2009,fa_zapata,205,205,60,,5,3,,,protected,cir_oxy,cirrhitichthys_oxycephalus,22,5
gorgona,azufrada,NA,2009,fa_zapata,205,205,60,,5,3,,,protected,can_pun,canthigaster_punctatissima,1,7.5
gorgona,azufrada,NA,2009,fa_zapata,205,205,60,,5,3,,,protected,hol_pas,holacanthus_passer,7,7.5
gorgona,azufrada,NA,2009,fa_zapata,205,205,60,,5,3,,,protected,par_col,paranthias_colonus,1,7.5
gorgona,azufrada,NA,2009,fa_zapata,205,205,60,,5,3,,,protected,tha_luc,thalassoma_lucasanum,2,7.5
gorgona,azufrada,NA,2009,fa_zapata,205,205,60,,5,3,,,protected,hol_pas,holacanthus_passer,3,10
gorgona,azufrada,NA,2009,fa_zapata,205,205,60,,5,3,,,protected,pla_aza,plagiotremus_azaleus,4,10
gorgona,azufrada,NA,2009,fa_zapata,205,205,60,,5,3,,,protected,ser_psi,serranus_psittacinus,2,10
gorgona,azufrada,NA,2009,fa_zapata,205,205,60,,5,3,,,protected,suf_ver,sufflamen_verres,1,10
gorgona,azufrada,NA,2009,fa_zapata,205,205,60,,5,3,,,protected,tha_luc,thalassoma_lucasanum,5,10
gorgona,azufrada,NA,2009,fa_zapata,205,205,60,,5,3,,,protected,abu_tro,abudefduf_troschelii,9,15
gorgona,azufrada,NA,2009,fa_zapata,205,205,60,,5,3,,,protected,hol_pas,holacanthus_passer,4,15
gorgona,azufrada,NA,2009,fa_zapata,205,205,60,,5,3,,,protected,joh_nig,johnrandallia_nigrirostris,1,15
gorgona,azufrada,NA,2009,fa_zapata,205,205,60,,5,3,,,protected,suf_ver,sufflamen_verres,1,15
gorgona,azufrada,NA,2009,fa_zapata,205,205,60,,5,3,,,protected,tha_luc,thalassoma_lucasanum,3,15
gorgona,azufrada,NA,2009,fa_zapata,205,205,60,,5,3,,,protected,aro_mel,arothron_meleagris,2,20
gorgona,azufrada,NA,2009,fa_zapata,205,205,60,,5,3,,,protected,hol_pas,holacanthus_passer,5,20
gorgona,azufrada,NA,2009,fa_zapata,205,205,60,,5,3,,,protected,lut_vir,lutjanus_viridis,10,20
gorgona,azufrada,NA,2009,fa_zapata,205,205,60,,5,3,,,protected,par_col,paranthias_colonus,2,20
gorgona,azufrada,NA,2009,fa_zapata,205,205,60,,5,3,,,protected,par_col,paranthias_colonus,1,25
gorgona,azufrada,NA,2009,fa_zapata,205,205,60,,5,3,,,protected,sca_gho,scarus_ghobban,1,25
gorgona,azufrada,NA,2009,fa_zapata,206,206,60,,5,3,,,protected,chr_atr,chromis_atrilobata,255,2.5
gorgona,azufrada,NA,2009,fa_zapata,206,206,60,,5,3,,,protected,can_pun,canthigaster_punctatissima,1,5
gorgona,azufrada,NA,2009,fa_zapata,206,206,60,,5,3,,,protected,chr_atr,chromis_atrilobata,1020,5
gorgona,azufrada,NA,2009,fa_zapata,206,206,60,,5,3,,,protected,pla_aza,plagiotremus_azaleus,8,5
gorgona,azufrada,NA,2009,fa_zapata,206,206,60,,5,3,,,protected,ste_aca,stegastes_acapulcoensis,2,5
gorgona,azufrada,NA,2009,fa_zapata,206,206,60,,5,3,,,protected,cir_oxy,cirrhitichthys_oxycephalus,53,5
gorgona,azufrada,NA,2009,fa_zapata,206,206,60,,5,3,,,protected,can_pun,canthigaster_punctatissima,1,7.5
gorgona,azufrada,NA,2009,fa_zapata,206,206,60,,5,3,,,protected,hol_pas,holacanthus_passer,6,7.5
gorgona,azufrada,NA,2009,fa_zapata,206,206,60,,5,3,,,protected,pla_aza,plagiotremus_azaleus,4,7.5
gorgona,azufrada,NA,2009,fa_zapata,206,206,60,,5,3,,,protected,ste_aca,stegastes_acapulcoensis,2,7.5
gorgona,azufrada,NA,2009,fa_zapata,206,206,60,,5,3,,,protected,cir_oxy,cirrhitichthys_oxycephalus,2,7.5
gorgona,azufrada,NA,2009,fa_zapata,206,206,60,,5,3,,,protected,hol_pas,holacanthus_passer,2,10
gorgona,azufrada,NA,2009,fa_zapata,206,206,60,,5,3,,,protected,joh_nig,johnrandallia_nigrirostris,1,10
gorgona,azufrada,NA,2009,fa_zapata,206,206,60,,5,3,,,protected,sca_gho,scarus_ghobban,25,10
gorgona,azufrada,NA,2009,fa_zapata,206,206,60,,5,3,,,protected,ste_arc,stegastes_arcifrons,1,10
gorgona,azufrada,NA,2009,fa_zapata,206,206,60,,5,3,,,protected,suf_ver,sufflamen_verres,1,10
gorgona,azufrada,NA,2009,fa_zapata,206,206,60,,5,3,,,protected,tha_luc,thalassoma_lucasanum,5,10
gorgona,azufrada,NA,2009,fa_zapata,206,206,60,,5,3,,,protected,hol_pas,holacanthus_passer,1,12.5
gorgona,azufrada,NA,2009,fa_zapata,206,206,60,,5,3,,,protected,joh_nig,johnrandallia_nigrirostris,3,12.5
gorgona,azufrada,NA,2009,fa_zapata,206,206,60,,5,3,,,protected,par_col,paranthias_colonus,1,12.5
gorgona,azufrada,NA,2009,fa_zapata,206,206,60,,5,3,,,protected,ste_arc,stegastes_arcifrons,1,12.5
gorgona,azufrada,NA,2009,fa_zapata,206,206,60,,5,3,,,protected,tha_luc,thalassoma_lucasanum,6,12.5
gorgona,azufrada,NA,2009,fa_zapata,206,206,60,,5,3,,,protected,myr_lei,myripristis_leiognathus,4,12.5
gorgona,azufrada,NA,2009,fa_zapata,206,206,60,,5,3,,,protected,hol_pas,holacanthus_passer,1,15
gorgona,azufrada,NA,2009,fa_zapata,206,206,60,,5,3,,,protected,oph_ste,ophioblennius_steindachneri,2,15
gorgona,azufrada,NA,2009,fa_zapata,206,206,60,,5,3,,,protected,ser_psi,serranus_psittacinus,1,15
gorgona,azufrada,NA,2009,fa_zapata,206,206,60,,5,3,,,protected,suf_ver,sufflamen_verres,2,15
gorgona,azufrada,NA,2009,fa_zapata,206,206,60,,5,3,,,protected,bod_dip,bodianus_diplotaenia,1,20
gorgona,azufrada,NA,2009,fa_zapata,206,206,60,,5,3,,,protected,cte_mar,ctenochaetus_marginatus,1,20
gorgona,azufrada,NA,2009,fa_zapata,206,206,60,,5,3,,,protected,par_col,paranthias_colonus,1,20
gorgona,azufrada,NA,2009,fa_zapata,206,206,60,,5,3,,,protected,sca_gho,scarus_ghobban,1,20
gorgona,azufrada,NA,2009,fa_zapata,206,206,60,,5,3,,,protected,ser_psi,serranus_psittacinus,1,20
gorgona,azufrada,NA,2009,fa_zapata,206,206,60,,5,3,,,protected,ste_ban,stethojulis_bandanensis,1,20
gorgona,azufrada,NA,2009,fa_zapata,206,206,60,,5,3,,,protected,suf_ver,sufflamen_verres,3,20
gorgona,azufrada,NA,2009,fa_zapata,206,206,60,,5,3,,,protected,myr_ber,myripristis_berndti,1,20
gorgona,azufrada,NA,2009,fa_zapata,206,206,60,,5,3,,,protected,aro_mel,arothron_meleagris,2,30
gorgona,azufrada,NA,2009,fa_zapata,206,206,60,,5,3,,,protected,fis_com,fistularia_commersonii,1,30
gorgona,azufrada,NA,2009,fa_zapata,206,206,60,,5,3,,,protected,lut_vir,lutjanus_viridis,1,30
gorgona,azufrada,NA,2009,fa_zapata,206,206,60,,5,3,,,protected,fis_com,fistularia_commersonii,1,40
gorgona,azufrada,NA,2009,fa_zapata,206,206,60,,5,3,,,protected,gym_fla,gymnothorax_flavimarginatus,1,150
gorgona,azufrada,NA,2009,mm_palacios,207,207,60,,5,3,,,protected,cir_oxy,cirrhitichthys_oxycephalus,1,2.5
gorgona,azufrada,NA,2009,mm_palacios,207,207,60,,5,3,,,protected,can_pun,canthigaster_punctatissima,2,5
gorgona,azufrada,NA,2009,mm_palacios,207,207,60,,5,3,,,protected,hae_mac,haemulon_maculicauda,1,5
gorgona,azufrada,NA,2009,mm_palacios,207,207,60,,5,3,,,protected,hol_pas,holacanthus_passer,1,5
gorgona,azufrada,NA,2009,mm_palacios,207,207,60,,5,3,,,protected,joh_nig,johnrandallia_nigrirostris,1,5
gorgona,azufrada,NA,2009,mm_palacios,207,207,60,,5,3,,,protected,pla_aza,plagiotremus_azaleus,2,5
gorgona,azufrada,NA,2009,mm_palacios,207,207,60,,5,3,,,protected,suf_ver,sufflamen_verres,1,5
gorgona,azufrada,NA,2009,mm_palacios,207,207,60,,5,3,,,protected,cir_oxy,cirrhitichthys_oxycephalus,6,5
gorgona,azufrada,NA,2009,mm_palacios,207,207,60,,5,3,,,protected,hae_mac,haemulon_maculicauda,2,7.5
gorgona,azufrada,NA,2009,mm_palacios,207,207,60,,5,3,,,protected,hol_pas,holacanthus_passer,3,7.5
gorgona,azufrada,NA,2009,mm_palacios,207,207,60,,5,3,,,protected,joh_nig,johnrandallia_nigrirostris,10,7.5
gorgona,azufrada,NA,2009,mm_palacios,207,207,60,,5,3,,,protected,pla_aza,plagiotremus_azaleus,16,7.5
gorgona,azufrada,NA,2009,mm_palacios,207,207,60,,5,3,,,protected,ste_aca,stegastes_acapulcoensis,3,7.5
gorgona,azufrada,NA,2009,mm_palacios,207,207,60,,5,3,,,protected,suf_ver,sufflamen_verres,6,7.5
gorgona,azufrada,NA,2009,mm_palacios,207,207,60,,5,3,,,protected,tha_luc,thalassoma_lucasanum,7,7.5
gorgona,azufrada,NA,2009,mm_palacios,207,207,60,,5,3,,,protected,cir_oxy,cirrhitichthys_oxycephalus,38,7.5
gorgona,azufrada,NA,2009,mm_palacios,207,207,60,,5,3,,,protected,myr_lei,myripristis_leiognathus,1,7.5
gorgona,azufrada,NA,2009,mm_palacios,207,207,60,,5,3,,,protected,aca_xan,acanthurus_xanthopterus,1,10
gorgona,azufrada,NA,2009,mm_palacios,207,207,60,,5,3,,,protected,hae_mac,haemulon_maculicauda,1,10
gorgona,azufrada,NA,2009,mm_palacios,207,207,60,,5,3,,,protected,hol_pas,holacanthus_passer,3,10
gorgona,azufrada,NA,2009,mm_palacios,207,207,60,,5,3,,,protected,joh_nig,johnrandallia_nigrirostris,3,10
gorgona,azufrada,NA,2009,mm_palacios,207,207,60,,5,3,,,protected,par_col,paranthias_colonus,1,10
gorgona,azufrada,NA,2009,mm_palacios,207,207,60,,5,3,,,protected,sca_gho,scarus_ghobban,4,10
gorgona,azufrada,NA,2009,mm_palacios,207,207,60,,5,3,,,protected,suf_ver,sufflamen_verres,1,10
gorgona,azufrada,NA,2009,mm_palacios,207,207,60,,5,3,,,protected,tha_luc,thalassoma_lucasanum,12,10
gorgona,azufrada,NA,2009,mm_palacios,207,207,60,,5,3,,,protected,myr_lei,myripristis_leiognathus,2,10
gorgona,azufrada,NA,2009,mm_palacios,207,207,60,,5,3,,,protected,hol_pas,holacanthus_passer,1,12.5
gorgona,azufrada,NA,2009,mm_palacios,207,207,60,,5,3,,,protected,oph_ste,ophioblennius_steindachneri,1,12.5
gorgona,azufrada,NA,2009,mm_palacios,207,207,60,,5,3,,,protected,fis_com,fistularia_commersonii,1,20
gorgona,azufrada,NA,2009,mm_palacios,208,208,60,,5,3,,,protected,can_jan,canthigaster_janthinoptera,1,5
gorgona,azufrada,NA,2009,mm_palacios,208,208,60,,5,3,,,protected,can_pun,canthigaster_punctatissima,1,5
gorgona,azufrada,NA,2009,mm_palacios,208,208,60,,5,3,,,protected,hol_pas,holacanthus_passer,6,5
gorgona,azufrada,NA,2009,mm_palacios,208,208,60,,5,3,,,protected,joh_nig,johnrandallia_nigrirostris,1,5
gorgona,azufrada,NA,2009,mm_palacios,208,208,60,,5,3,,,protected,suf_ver,sufflamen_verres,1,5
gorgona,azufrada,NA,2009,mm_palacios,208,208,60,,5,3,,,protected,cir_oxy,cirrhitichthys_oxycephalus,8,5
gorgona,azufrada,NA,2009,mm_palacios,208,208,60,,5,3,,,protected,bod_dip,bodianus_diplotaenia,2,7.5
gorgona,azufrada,NA,2009,mm_palacios,208,208,60,,5,3,,,protected,hol_pas,holacanthus_passer,6,7.5
gorgona,azufrada,NA,2009,mm_palacios,208,208,60,,5,3,,,protected,joh_nig,johnrandallia_nigrirostris,10,7.5
gorgona,azufrada,NA,2009,mm_palacios,208,208,60,,5,3,,,protected,ste_aca,stegastes_acapulcoensis,1,7.5
gorgona,azufrada,NA,2009,mm_palacios,208,208,60,,5,3,,,protected,suf_ver,sufflamen_verres,3,7.5
gorgona,azufrada,NA,2009,mm_palacios,208,208,60,,5,3,,,protected,cir_oxy,cirrhitichthys_oxycephalus,36,7.5
gorgona,azufrada,NA,2009,mm_palacios,208,208,60,,5,3,,,protected,abu_tro,abudefduf_troschelii,1,10
gorgona,azufrada,NA,2009,mm_palacios,208,208,60,,5,3,,,protected,aca_xan,acanthurus_xanthopterus,3,10
gorgona,azufrada,NA,2009,mm_palacios,208,208,60,,5,3,,,protected,hae_mac,haemulon_maculicauda,15,10
gorgona,azufrada,NA,2009,mm_palacios,208,208,60,,5,3,,,protected,hol_pas,holacanthus_passer,2,10
gorgona,azufrada,NA,2009,mm_palacios,208,208,60,,5,3,,,protected,joh_nig,johnrandallia_nigrirostris,8,10
gorgona,azufrada,NA,2009,mm_palacios,208,208,60,,5,3,,,protected,oph_ste,ophioblennius_steindachneri,1,10
gorgona,azufrada,NA,2009,mm_palacios,208,208,60,,5,3,,,protected,tha_luc,thalassoma_lucasanum,2,10
gorgona,azufrada,NA,2009,mm_palacios,208,208,60,,5,3,,,protected,myr_lei,myripristis_leiognathus,1,10
gorgona,azufrada,NA,2009,mm_palacios,208,208,60,,5,3,,,protected,hol_pas,holacanthus_passer,1,12.5
gorgona,azufrada,NA,2009,mm_palacios,208,208,60,,5,3,,,protected,sca_gho,scarus_ghobban,2,12.5
gorgona,azufrada,NA,2009,mm_palacios,208,208,60,,5,3,,,protected,bod_dip,bodianus_diplotaenia,1,15
gorgona,azufrada,NA,2009,mm_palacios,208,208,60,,5,3,,,protected,cep_pan,cephalopholis_panamensis,2,15
gorgona,azufrada,NA,2009,mm_palacios,208,208,60,,5,3,,,protected,hol_pas,holacanthus_passer,1,15
gorgona,azufrada,NA,2009,mm_palacios,208,208,60,,5,3,,,protected,cep_pan,cephalopholis_panamensis,1,20
gorgona,azufrada,NA,2009,mm_palacios,208,208,60,,5,3,,,protected,sca_rub,scarus_rubroviolaceus,1,50
gorgona,azufrada,NA,2009,cg_munoz,209,209,60,,5,3,,,protected,apo_dov,apogon_dovii,3,2.5
gorgona,azufrada,NA,2009,cg_munoz,209,209,60,,5,3,,,protected,can_jan,canthigaster_janthinoptera,1,5
gorgona,azufrada,NA,2009,cg_munoz,209,209,60,,5,3,,,protected,can_pun,canthigaster_punctatissima,1,5
gorgona,azufrada,NA,2009,cg_munoz,209,209,60,,5,3,,,protected,chr_atr,chromis_atrilobata,10,5
gorgona,azufrada,NA,2009,cg_munoz,209,209,60,,5,3,,,protected,joh_nig,johnrandallia_nigrirostris,1,5
gorgona,azufrada,NA,2009,cg_munoz,209,209,60,,5,3,,,protected,cir_oxy,cirrhitichthys_oxycephalus,6,5
gorgona,azufrada,NA,2009,cg_munoz,209,209,60,,5,3,,,protected,can_jan,canthigaster_janthinoptera,1,7.5
gorgona,azufrada,NA,2009,cg_munoz,209,209,60,,5,3,,,protected,chr_atr,chromis_atrilobata,65,7.5
gorgona,azufrada,NA,2009,cg_munoz,209,209,60,,5,3,,,protected,hol_pas,holacanthus_passer,4,7.5
gorgona,azufrada,NA,2009,cg_munoz,209,209,60,,5,3,,,protected,joh_nig,johnrandallia_nigrirostris,3,7.5
gorgona,azufrada,NA,2009,cg_munoz,209,209,60,,5,3,,,protected,ste_aca,stegastes_acapulcoensis,1,7.5
gorgona,azufrada,NA,2009,cg_munoz,209,209,60,,5,3,,,protected,suf_ver,sufflamen_verres,1,7.5
gorgona,azufrada,NA,2009,cg_munoz,209,209,60,,5,3,,,protected,tha_luc,thalassoma_lucasanum,5,7.5
gorgona,azufrada,NA,2009,cg_munoz,209,209,60,,5,3,,,protected,cir_oxy,cirrhitichthys_oxycephalus,37,7.5
gorgona,azufrada,NA,2009,cg_munoz,209,209,60,,5,3,,,protected,abu_tro,abudefduf_troschelii,1,10
gorgona,azufrada,NA,2009,cg_munoz,209,209,60,,5,3,,,protected,aca_xan,acanthurus_xanthopterus,1,10
gorgona,azufrada,NA,2009,cg_munoz,209,209,60,,5,3,,,protected,hol_pas,holacanthus_passer,2,10
gorgona,azufrada,NA,2009,cg_munoz,209,209,60,,5,3,,,protected,joh_nig,johnrandallia_nigrirostris,7,10
gorgona,azufrada,NA,2009,cg_munoz,209,209,60,,5,3,,,protected,ste_aca,stegastes_acapulcoensis,1,10
gorgona,azufrada,NA,2009,cg_munoz,209,209,60,,5,3,,,protected,suf_ver,sufflamen_verres,1,10
gorgona,azufrada,NA,2009,cg_munoz,209,209,60,,5,3,,,protected,tha_luc,thalassoma_lucasanum,5,10
gorgona,azufrada,NA,2009,cg_munoz,209,209,60,,5,3,,,protected,myr_lei,myripristis_leiognathus,1,10
gorgona,azufrada,NA,2009,cg_munoz,209,209,60,,5,3,,,protected,abu_tro,abudefduf_troschelii,5,12.5
gorgona,azufrada,NA,2009,cg_munoz,209,209,60,,5,3,,,protected,aca_xan,acanthurus_xanthopterus,1,12.5
gorgona,azufrada,NA,2009,cg_munoz,209,209,60,,5,3,,,protected,hol_pas,holacanthus_passer,2,12.5
gorgona,azufrada,NA,2009,cg_munoz,209,209,60,,5,3,,,protected,joh_nig,johnrandallia_nigrirostris,5,12.5
gorgona,azufrada,NA,2009,cg_munoz,209,209,60,,5,3,,,protected,oph_ste,ophioblennius_steindachneri,1,12.5
gorgona,azufrada,NA,2009,cg_munoz,209,209,60,,5,3,,,protected,sca_gho,scarus_ghobban,5,12.5
gorgona,azufrada,NA,2009,cg_munoz,209,209,60,,5,3,,,protected,aro_mel,arothron_meleagris,2,15
gorgona,azufrada,NA,2009,cg_munoz,209,209,60,,5,3,,,protected,tha_gra,thalassoma_grammaticum,1,15
gorgona,azufrada,NA,2009,cg_munoz,210,210,60,,5,3,,,protected,joh_nig,johnrandallia_nigrirostris,1,5
gorgona,azufrada,NA,2009,cg_munoz,210,210,60,,5,3,,,protected,cir_oxy,cirrhitichthys_oxycephalus,5,5
gorgona,azufrada,NA,2009,cg_munoz,210,210,60,,5,3,,,protected,can_jan,canthigaster_janthinoptera,2,7.5
gorgona,azufrada,NA,2009,cg_munoz,210,210,60,,5,3,,,protected,can_pun,canthigaster_punctatissima,2,7.5
gorgona,azufrada,NA,2009,cg_munoz,210,210,60,,5,3,,,protected,chr_atr,chromis_atrilobata,210,7.5
gorgona,azufrada,NA,2009,cg_munoz,210,210,60,,5,3,,,protected,hae_mac,haemulon_maculicauda,10,7.5
gorgona,azufrada,NA,2009,cg_munoz,210,210,60,,5,3,,,protected,hol_pas,holacanthus_passer,5,7.5
gorgona,azufrada,NA,2009,cg_munoz,210,210,60,,5,3,,,protected,joh_nig,johnrandallia_nigrirostris,3,7.5
gorgona,azufrada,NA,2009,cg_munoz,210,210,60,,5,3,,,protected,pla_aza,plagiotremus_azaleus,17,7.5
gorgona,azufrada,NA,2009,cg_munoz,210,210,60,,5,3,,,protected,ste_aca,stegastes_acapulcoensis,1,7.5
gorgona,azufrada,NA,2009,cg_munoz,210,210,60,,5,3,,,protected,suf_ver,sufflamen_verres,2,7.5
gorgona,azufrada,NA,2009,cg_munoz,210,210,60,,5,3,,,protected,tha_luc,thalassoma_lucasanum,2,7.5
gorgona,azufrada,NA,2009,cg_munoz,210,210,60,,5,3,,,protected,cir_oxy,cirrhitichthys_oxycephalus,28,7.5
gorgona,azufrada,NA,2009,cg_munoz,210,210,60,,5,3,,,protected,aca_xan,acanthurus_xanthopterus,2,10
gorgona,azufrada,NA,2009,cg_munoz,210,210,60,,5,3,,,protected,bod_dip,bodianus_diplotaenia,2,10
gorgona,azufrada,NA,2009,cg_munoz,210,210,60,,5,3,,,protected,hol_pas,holacanthus_passer,3,10
gorgona,azufrada,NA,2009,cg_munoz,210,210,60,,5,3,,,protected,joh_nig,johnrandallia_nigrirostris,15,10
gorgona,azufrada,NA,2009,cg_munoz,210,210,60,,5,3,,,protected,par_col,paranthias_colonus,1,10
gorgona,azufrada,NA,2009,cg_munoz,210,210,60,,5,3,,,protected,suf_ver,sufflamen_verres,3,10
gorgona,azufrada,NA,2009,cg_munoz,210,210,60,,5,3,,,protected,oph_ste,ophioblennius_steindachneri,1,12.5
gorgona,azufrada,NA,2009,cg_munoz,210,210,60,,5,3,,,protected,myr_lei,myripristis_leiognathus,5,12.5
gorgona,azufrada,NA,2009,cg_munoz,210,210,60,,5,3,,,protected,aro_mel,arothron_meleagris,1,15
gorgona,azufrada,NA,2009,cg_munoz,210,210,60,,5,3,,,protected,bod_dip,bodianus_diplotaenia,1,15
gorgona,azufrada,NA,2009,cg_munoz,210,210,60,,5,3,,,protected,cep_pan,cephalopholis_panamensis,1,15
gorgona,azufrada,NA,2009,cg_munoz,210,210,60,,5,3,,,protected,par_col,paranthias_colonus,12,15
gorgona,azufrada,NA,2009,cg_munoz,210,210,60,,5,3,,,protected,aro_mel,arothron_meleagris,1,20
gorgona,azufrada,NA,2009,fa_zapata,211,211,60,,5,3,,,protected,cir_oxy,cirrhitichthys_oxycephalus,1,2.5
gorgona,azufrada,NA,2009,fa_zapata,211,211,60,,5,3,,,protected,can_pun,canthigaster_punctatissima,1,5
gorgona,azufrada,NA,2009,fa_zapata,211,211,60,,5,3,,,protected,chr_atr,chromis_atrilobata,85,5
gorgona,azufrada,NA,2009,fa_zapata,211,211,60,,5,3,,,protected,hol_pas,holacanthus_passer,4,5
gorgona,azufrada,NA,2009,fa_zapata,211,211,60,,5,3,,,protected,joh_nig,johnrandallia_nigrirostris,1,5
gorgona,azufrada,NA,2009,fa_zapata,211,211,60,,5,3,,,protected,ste_aca,stegastes_acapulcoensis,1,5
gorgona,azufrada,NA,2009,fa_zapata,211,211,60,,5,3,,,protected,cir_oxy,cirrhitichthys_oxycephalus,70,5
gorgona,azufrada,NA,2009,fa_zapata,211,211,60,,5,3,,,protected,can_pun,canthigaster_punctatissima,1,7.5
gorgona,azufrada,NA,2009,fa_zapata,211,211,60,,5,3,,,protected,hol_pas,holacanthus_passer,6,7.5
gorgona,azufrada,NA,2009,fa_zapata,211,211,60,,5,3,,,protected,joh_nig,johnrandallia_nigrirostris,1,7.5
gorgona,azufrada,NA,2009,fa_zapata,211,211,60,,5,3,,,protected,pla_aza,plagiotremus_azaleus,1,7.5
gorgona,azufrada,NA,2009,fa_zapata,211,211,60,,5,3,,,protected,ste_aca,stegastes_acapulcoensis,2,7.5
gorgona,azufrada,NA,2009,fa_zapata,211,211,60,,5,3,,,protected,abu_tro,abudefduf_troschelii,5,10
gorgona,azufrada,NA,2009,fa_zapata,211,211,60,,5,3,,,protected,bod_dip,bodianus_diplotaenia,1,10
gorgona,azufrada,NA,2009,fa_zapata,211,211,60,,5,3,,,protected,hol_pas,holacanthus_passer,2,10
gorgona,azufrada,NA,2009,fa_zapata,211,211,60,,5,3,,,protected,joh_nig,johnrandallia_nigrirostris,7,10
gorgona,azufrada,NA,2009,fa_zapata,211,211,60,,5,3,,,protected,suf_ver,sufflamen_verres,2,10
gorgona,azufrada,NA,2009,fa_zapata,211,211,60,,5,3,,,protected,tha_luc,thalassoma_lucasanum,6,10
gorgona,azufrada,NA,2009,fa_zapata,211,211,60,,5,3,,,protected,myr_lei,myripristis_leiognathus,1,10
gorgona,azufrada,NA,2009,fa_zapata,211,211,60,,5,3,,,protected,aca_xan,acanthurus_xanthopterus,2,12.5
gorgona,azufrada,NA,2009,fa_zapata,211,211,60,,5,3,,,protected,hol_pas,holacanthus_passer,2,15
gorgona,azufrada,NA,2009,fa_zapata,211,211,60,,5,3,,,protected,suf_ver,sufflamen_verres,3,15
gorgona,azufrada,NA,2009,fa_zapata,211,211,60,,5,3,,,protected,hol_pas,holacanthus_passer,2,20
gorgona,azufrada,NA,2009,fa_zapata,211,211,60,,5,3,,,protected,tha_gra,thalassoma_grammaticum,1,20
gorgona,azufrada,NA,2009,fa_zapata,211,211,60,,5,3,,,protected,aro_mel,arothron_meleagris,1,25
gorgona,azufrada,NA,2009,fa_zapata,211,211,60,,5,3,,,protected,suf_ver,sufflamen_verres,1,35
gorgona,azufrada,NA,2009,fa_zapata,212,212,60,,5,3,,,protected,cir_oxy,cirrhitichthys_oxycephalus,3,2.5
gorgona,azufrada,NA,2009,fa_zapata,212,212,60,,5,3,,,protected,can_pun,canthigaster_punctatissima,2,5
gorgona,azufrada,NA,2009,fa_zapata,212,212,60,,5,3,,,protected,hol_pas,holacanthus_passer,4,5
gorgona,azufrada,NA,2009,fa_zapata,212,212,60,,5,3,,,protected,pla_aza,plagiotremus_azaleus,1,5
gorgona,azufrada,NA,2009,fa_zapata,212,212,60,,5,3,,,protected,cir_oxy,cirrhitichthys_oxycephalus,70,5
gorgona,azufrada,NA,2009,fa_zapata,212,212,60,,5,3,,,protected,joh_nig,johnrandallia_nigrirostris,1,7.5
gorgona,azufrada,NA,2009,fa_zapata,212,212,60,,5,3,,,protected,hol_pas,holacanthus_passer,2,10
gorgona,azufrada,NA,2009,fa_zapata,212,212,60,,5,3,,,protected,joh_nig,johnrandallia_nigrirostris,14,10
gorgona,azufrada,NA,2009,fa_zapata,212,212,60,,5,3,,,protected,tha_luc,thalassoma_lucasanum,13,10
gorgona,azufrada,NA,2009,fa_zapata,212,212,60,,5,3,,,protected,hol_pas,holacanthus_passer,1,12.5
gorgona,azufrada,NA,2009,fa_zapata,212,212,60,,5,3,,,protected,suf_ver,sufflamen_verres,2,12.5
gorgona,azufrada,NA,2009,fa_zapata,212,212,60,,5,3,,,protected,tha_luc,thalassoma_lucasanum,10,12.5
gorgona,azufrada,NA,2009,fa_zapata,212,212,60,,5,3,,,protected,myr_lei,myripristis_leiognathus,2,12.5
gorgona,azufrada,NA,2009,fa_zapata,212,212,60,,5,3,,,protected,cep_pan,cephalopholis_panamensis,1,15
gorgona,azufrada,NA,2009,fa_zapata,212,212,60,,5,3,,,protected,hol_pas,holacanthus_passer,1,15
gorgona,azufrada,NA,2009,fa_zapata,212,212,60,,5,3,,,protected,ste_ban,stethojulis_bandanensis,4,15
gorgona,azufrada,NA,2009,fa_zapata,212,212,60,,5,3,,,protected,hol_pas,holacanthus_passer,1,25
gorgona,azufrada,NA,2009,mm_palacios,213,213,60,,5,3,,,protected,can_pun,canthigaster_punctatissima,3,5
gorgona,azufrada,NA,2009,mm_palacios,213,213,60,,5,3,,,protected,chr_atr,chromis_atrilobata,25,5
gorgona,azufrada,NA,2009,mm_palacios,213,213,60,,5,3,,,protected,hol_pas,holacanthus_passer,2,5
gorgona,azufrada,NA,2009,mm_palacios,213,213,60,,5,3,,,protected,joh_nig,johnrandallia_nigrirostris,5,5
gorgona,azufrada,NA,2009,mm_palacios,213,213,60,,5,3,,,protected,pla_aza,plagiotremus_azaleus,4,5
gorgona,azufrada,NA,2009,mm_palacios,213,213,60,,5,3,,,protected,ser_psi,serranus_psittacinus,2,5
gorgona,azufrada,NA,2009,mm_palacios,213,213,60,,5,3,,,protected,cir_oxy,cirrhitichthys_oxycephalus,2,5
gorgona,azufrada,NA,2009,mm_palacios,213,213,60,,5,3,,,protected,chr_atr,chromis_atrilobata,51,7.5
gorgona,azufrada,NA,2009,mm_palacios,213,213,60,,5,3,,,protected,epi_lab,epinephelus_labriformis,1,7.5
gorgona,azufrada,NA,2009,mm_palacios,213,213,60,,5,3,,,protected,hol_pas,holacanthus_passer,5,7.5
gorgona,azufrada,NA,2009,mm_palacios,213,213,60,,5,3,,,protected,joh_nig,johnrandallia_nigrirostris,21,7.5
gorgona,azufrada,NA,2009,mm_palacios,213,213,60,,5,3,,,protected,pla_aza,plagiotremus_azaleus,7,7.5
gorgona,azufrada,NA,2009,mm_palacios,213,213,60,,5,3,,,protected,ser_psi,serranus_psittacinus,6,7.5
gorgona,azufrada,NA,2009,mm_palacios,213,213,60,,5,3,,,protected,suf_ver,sufflamen_verres,2,7.5
gorgona,azufrada,NA,2009,mm_palacios,213,213,60,,5,3,,,protected,tha_luc,thalassoma_lucasanum,2,7.5
gorgona,azufrada,NA,2009,mm_palacios,213,213,60,,5,3,,,protected,cir_oxy,cirrhitichthys_oxycephalus,28,7.5
gorgona,azufrada,NA,2009,mm_palacios,213,213,60,,5,3,,,protected,aca_xan,acanthurus_xanthopterus,2,10
gorgona,azufrada,NA,2009,mm_palacios,213,213,60,,5,3,,,protected,joh_nig,johnrandallia_nigrirostris,5,10
gorgona,azufrada,NA,2009,mm_palacios,213,213,60,,5,3,,,protected,tha_luc,thalassoma_lucasanum,4,10
gorgona,azufrada,NA,2009,mm_palacios,213,213,60,,5,3,,,protected,aro_mel,arothron_meleagris,1,12.5
gorgona,azufrada,NA,2009,mm_palacios,213,213,60,,5,3,,,protected,bod_dip,bodianus_diplotaenia,1,12.5
gorgona,azufrada,NA,2009,mm_palacios,213,213,60,,5,3,,,protected,myr_lei,myripristis_leiognathus,1,12.5
gorgona,azufrada,NA,2009,mm_palacios,213,213,60,,5,3,,,protected,aro_mel,arothron_meleagris,1,15
gorgona,azufrada,NA,2009,mm_palacios,213,213,60,,5,3,,,protected,lut_vir,lutjanus_viridis,1,15
gorgona,azufrada,NA,2009,mm_palacios,213,213,60,,5,3,,,protected,fis_com,fistularia_commersonii,1,25
gorgona,azufrada,NA,2009,mm_palacios,214,214,60,,5,3,,,protected,chr_atr,chromis_atrilobata,45,5
gorgona,azufrada,NA,2009,mm_palacios,214,214,60,,5,3,,,protected,joh_nig,johnrandallia_nigrirostris,1,5
gorgona,azufrada,NA,2009,mm_palacios,214,214,60,,5,3,,,protected,tha_luc,thalassoma_lucasanum,4,5
gorgona,azufrada,NA,2009,mm_palacios,214,214,60,,5,3,,,protected,cir_oxy,cirrhitichthys_oxycephalus,1,5
gorgona,azufrada,NA,2009,mm_palacios,214,214,60,,5,3,,,protected,abu_tro,abudefduf_troschelii,4,7.5
gorgona,azufrada,NA,2009,mm_palacios,214,214,60,,5,3,,,protected,chr_atr,chromis_atrilobata,50,7.5
gorgona,azufrada,NA,2009,mm_palacios,214,214,60,,5,3,,,protected,hol_pas,holacanthus_passer,3,7.5
gorgona,azufrada,NA,2009,mm_palacios,214,214,60,,5,3,,,protected,joh_nig,johnrandallia_nigrirostris,4,7.5
gorgona,azufrada,NA,2009,mm_palacios,214,214,60,,5,3,,,protected,pla_aza,plagiotremus_azaleus,3,7.5
gorgona,azufrada,NA,2009,mm_palacios,214,214,60,,5,3,,,protected,ser_psi,serranus_psittacinus,3,7.5
gorgona,azufrada,NA,2009,mm_palacios,214,214,60,,5,3,,,protected,suf_ver,sufflamen_verres,2,7.5
gorgona,azufrada,NA,2009,mm_palacios,214,214,60,,5,3,,,protected,tha_luc,thalassoma_lucasanum,7,7.5
gorgona,azufrada,NA,2009,mm_palacios,214,214,60,,5,3,,,protected,cir_oxy,cirrhitichthys_oxycephalus,50,7.5
gorgona,azufrada,NA,2009,mm_palacios,214,214,60,,5,3,,,protected,myr_lei,myripristis_leiognathus,1,7.5
gorgona,azufrada,NA,2009,mm_palacios,214,214,60,,5,3,,,protected,aca_xan,acanthurus_xanthopterus,2,10
gorgona,azufrada,NA,2009,mm_palacios,214,214,60,,5,3,,,protected,hol_pas,holacanthus_passer,2,10
gorgona,azufrada,NA,2009,mm_palacios,214,214,60,,5,3,,,protected,ser_psi,serranus_psittacinus,2,10
gorgona,azufrada,NA,2009,mm_palacios,214,214,60,,5,3,,,protected,suf_ver,sufflamen_verres,1,10
gorgona,azufrada,NA,2009,mm_palacios,214,214,60,,5,3,,,protected,tha_luc,thalassoma_lucasanum,4,10
gorgona,azufrada,NA,2009,mm_palacios,214,214,60,,5,3,,,protected,myr_lei,myripristis_leiognathus,3,10
gorgona,azufrada,NA,2009,mm_palacios,214,214,60,,5,3,,,protected,sca_gho,scarus_ghobban,15,12.5
gorgona,azufrada,NA,2009,mm_palacios,214,214,60,,5,3,,,protected,bod_dip,bodianus_diplotaenia,2,15
gorgona,azufrada,NA,2009,mm_palacios,214,214,60,,5,3,,,protected,hol_pas,holacanthus_passer,1,15
gorgona,azufrada,NA,2009,mm_palacios,214,214,60,,5,3,,,protected,lut_vir,lutjanus_viridis,50,15
gorgona,azufrada,NA,2009,mm_palacios,214,214,60,,5,3,,,protected,sca_gho,scarus_ghobban,2,15
gorgona,azufrada,NA,2009,mm_palacios,214,214,60,,5,3,,,protected,aro_mel,arothron_meleagris,1,20
gorgona,azufrada,NA,2009,mm_palacios,214,214,60,,5,3,,,protected,fis_com,fistularia_commersonii,1,20
gorgona,azufrada,NA,2009,mm_palacios,214,214,60,,5,3,,,protected,lut_vir,lutjanus_viridis,2,20
gorgona,azufrada,NA,2009,mm_palacios,214,214,60,,5,3,,,protected,fis_com,fistularia_commersonii,1,35
gorgona,azufrada,NA,2009,cg_munoz,215,215,60,,5,3,,,protected,chr_atr,chromis_atrilobata,20,5
gorgona,azufrada,NA,2009,cg_munoz,215,215,60,,5,3,,,protected,chr_atr,chromis_atrilobata,10,7.5
gorgona,azufrada,NA,2009,cg_munoz,215,215,60,,5,3,,,protected,hol_pas,holacanthus_passer,4,7.5
gorgona,azufrada,NA,2009,cg_munoz,215,215,60,,5,3,,,protected,joh_nig,johnrandallia_nigrirostris,2,7.5
gorgona,azufrada,NA,2009,cg_munoz,215,215,60,,5,3,,,protected,pla_aza,plagiotremus_azaleus,6,7.5
gorgona,azufrada,NA,2009,cg_munoz,215,215,60,,5,3,,,protected,cir_oxy,cirrhitichthys_oxycephalus,7,7.5
gorgona,azufrada,NA,2009,cg_munoz,215,215,60,,5,3,,,protected,abu_tro,abudefduf_troschelii,5,10
gorgona,azufrada,NA,2009,cg_munoz,215,215,60,,5,3,,,protected,epi_lab,epinephelus_labriformis,1,10
gorgona,azufrada,NA,2009,cg_munoz,215,215,60,,5,3,,,protected,hol_pas,holacanthus_passer,2,10
gorgona,azufrada,NA,2009,cg_munoz,215,215,60,,5,3,,,protected,joh_nig,johnrandallia_nigrirostris,1,10
gorgona,azufrada,NA,2009,cg_munoz,215,215,60,,5,3,,,protected,ser_psi,serranus_psittacinus,1,10
gorgona,azufrada,NA,2009,cg_munoz,215,215,60,,5,3,,,protected,suf_ver,sufflamen_verres,2,10
gorgona,azufrada,NA,2009,cg_munoz,215,215,60,,5,3,,,protected,tha_luc,thalassoma_lucasanum,11,10
gorgona,azufrada,NA,2009,cg_munoz,215,215,60,,5,3,,,protected,cir_oxy,cirrhitichthys_oxycephalus,42,10
gorgona,azufrada,NA,2009,cg_munoz,215,215,60,,5,3,,,protected,joh_nig,johnrandallia_nigrirostris,1,12.5
gorgona,azufrada,NA,2009,cg_munoz,215,215,60,,5,3,,,protected,par_col,paranthias_colonus,2,12.5
gorgona,azufrada,NA,2009,cg_munoz,215,215,60,,5,3,,,protected,ser_psi,serranus_psittacinus,1,12.5
gorgona,azufrada,NA,2009,cg_munoz,215,215,60,,5,3,,,protected,suf_ver,sufflamen_verres,1,12.5
gorgona,azufrada,NA,2009,cg_munoz,215,215,60,,5,3,,,protected,tha_luc,thalassoma_lucasanum,3,12.5
gorgona,azufrada,NA,2009,cg_munoz,215,215,60,,5,3,,,protected,myr_lei,myripristis_leiognathus,2,12.5
gorgona,azufrada,NA,2009,cg_munoz,215,215,60,,5,3,,,protected,lut_vir,lutjanus_viridis,22,15
gorgona,azufrada,NA,2009,cg_munoz,215,215,60,,5,3,,,protected,tha_luc,thalassoma_lucasanum,2,15
gorgona,azufrada,NA,2009,cg_munoz,215,215,60,,5,3,,,protected,myr_lei,myripristis_leiognathus,4,15
gorgona,azufrada,NA,2009,cg_munoz,215,215,60,,5,3,,,protected,bod_dip,bodianus_diplotaenia,2,20
gorgona,azufrada,NA,2009,cg_munoz,215,215,60,,5,3,,,protected,lut_vir,lutjanus_viridis,30,20
gorgona,azufrada,NA,2009,cg_munoz,215,215,60,,5,3,,,protected,aca_xan,acanthurus_xanthopterus,50,25
gorgona,azufrada,NA,2009,cg_munoz,216,216,60,,5,3,,,protected,joh_nig,johnrandallia_nigrirostris,1,5
gorgona,azufrada,NA,2009,cg_munoz,216,216,60,,5,3,,,protected,suf_ver,sufflamen_verres,3,5
gorgona,azufrada,NA,2009,cg_munoz,216,216,60,,5,3,,,protected,cir_oxy,cirrhitichthys_oxycephalus,5,5
gorgona,azufrada,NA,2009,cg_munoz,216,216,60,,5,3,,,protected,can_pun,canthigaster_punctatissima,3,7.5
gorgona,azufrada,NA,2009,cg_munoz,216,216,60,,5,3,,,protected,chr_atr,chromis_atrilobata,20,7.5
gorgona,azufrada,NA,2009,cg_munoz,216,216,60,,5,3,,,protected,hol_pas,holacanthus_passer,2,7.5
gorgona,azufrada,NA,2009,cg_munoz,216,216,60,,5,3,,,protected,joh_nig,johnrandallia_nigrirostris,1,7.5
gorgona,azufrada,NA,2009,cg_munoz,216,216,60,,5,3,,,protected,pla_aza,plagiotremus_azaleus,1,7.5
gorgona,azufrada,NA,2009,cg_munoz,216,216,60,,5,3,,,protected,suf_ver,sufflamen_verres,2,7.5
gorgona,azufrada,NA,2009,cg_munoz,216,216,60,,5,3,,,protected,tha_luc,thalassoma_lucasanum,20,7.5
gorgona,azufrada,NA,2009,cg_munoz,216,216,60,,5,3,,,protected,cir_oxy,cirrhitichthys_oxycephalus,43,7.5
gorgona,azufrada,NA,2009,cg_munoz,216,216,60,,5,3,,,protected,aca_xan,acanthurus_xanthopterus,2,10
gorgona,azufrada,NA,2009,cg_munoz,216,216,60,,5,3,,,protected,bod_dip,bodianus_diplotaenia,1,10
gorgona,azufrada,NA,2009,cg_munoz,216,216,60,,5,3,,,protected,hol_pas,holacanthus_passer,1,10
gorgona,azufrada,NA,2009,cg_munoz,216,216,60,,5,3,,,protected,joh_nig,johnrandallia_nigrirostris,1,10
gorgona,azufrada,NA,2009,cg_munoz,216,216,60,,5,3,,,protected,ser_psi,serranus_psittacinus,1,10
gorgona,azufrada,NA,2009,cg_munoz,216,216,60,,5,3,,,protected,suf_ver,sufflamen_verres,3,10
gorgona,azufrada,NA,2009,cg_munoz,216,216,60,,5,3,,,protected,tha_luc,thalassoma_lucasanum,30,10
gorgona,azufrada,NA,2009,cg_munoz,216,216,60,,5,3,,,protected,myr_lei,myripristis_leiognathus,2,10
gorgona,azufrada,NA,2009,cg_munoz,216,216,60,,5,3,,,protected,hal_nic,halichoeres_nicholsi,1,12.5
gorgona,azufrada,NA,2009,cg_munoz,216,216,60,,5,3,,,protected,lut_vir,lutjanus_viridis,10,12.5
gorgona,azufrada,NA,2009,cg_munoz,216,216,60,,5,3,,,protected,ste_ban,stethojulis_bandanensis,1,12.5
gorgona,azufrada,NA,2009,cg_munoz,216,216,60,,5,3,,,protected,tha_luc,thalassoma_lucasanum,4,12.5
gorgona,azufrada,NA,2009,cg_munoz,216,216,60,,5,3,,,protected,lut_vir,lutjanus_viridis,32,15
gorgona,azufrada,NA,2009,cg_munoz,216,216,60,,5,3,,,protected,fis_com,fistularia_commersonii,1,25
gorgona,azufrada,NA,2009,cg_munoz,216,216,60,,5,3,,,protected,nov_tae,novaculichthys_taeniourus,1,25
gorgona,azufrada,NA,2009,cg_munoz,216,216,60,,5,3,,,protected,pse_nau,pseudobalistes_naufragium,1,50
gorgona,azufrada,NA,2009,cg_munoz,216,216,60,,5,3,,,protected,gym_fla,gymnothorax_flavimarginatus,1,200
gorgona,azufrada,NA,2009,fa_zapata,217,217,60,,5,3,,,protected,cir_oxy,cirrhitichthys_oxycephalus,4,2.5
gorgona,azufrada,NA,2009,fa_zapata,217,217,60,,5,3,,,protected,chr_atr,chromis_atrilobata,1600,5
gorgona,azufrada,NA,2009,fa_zapata,217,217,60,,5,3,,,protected,hol_pas,holacanthus_passer,1,5
gorgona,azufrada,NA,2009,fa_zapata,217,217,60,,5,3,,,protected,pla_aza,plagiotremus_azaleus,4,5
gorgona,azufrada,NA,2009,fa_zapata,217,217,60,,5,3,,,protected,cir_oxy,cirrhitichthys_oxycephalus,27,5
gorgona,azufrada,NA,2009,fa_zapata,217,217,60,,5,3,,,protected,hol_pas,holacanthus_passer,3,7.5
gorgona,azufrada,NA,2009,fa_zapata,217,217,60,,5,3,,,protected,joh_nig,johnrandallia_nigrirostris,1,7.5
gorgona,azufrada,NA,2009,fa_zapata,217,217,60,,5,3,,,protected,pla_aza,plagiotremus_azaleus,4,7.5
gorgona,azufrada,NA,2009,fa_zapata,217,217,60,,5,3,,,protected,ser_psi,serranus_psittacinus,1,7.5
gorgona,azufrada,NA,2009,fa_zapata,217,217,60,,5,3,,,protected,ste_aca,stegastes_acapulcoensis,1,7.5
gorgona,azufrada,NA,2009,fa_zapata,217,217,60,,5,3,,,protected,cir_oxy,cirrhitichthys_oxycephalus,3,7.5
gorgona,azufrada,NA,2009,fa_zapata,217,217,60,,5,3,,,protected,epi_lab,epinephelus_labriformis,1,10
gorgona,azufrada,NA,2009,fa_zapata,217,217,60,,5,3,,,protected,hol_pas,holacanthus_passer,3,10
gorgona,azufrada,NA,2009,fa_zapata,217,217,60,,5,3,,,protected,joh_nig,johnrandallia_nigrirostris,1,10
gorgona,azufrada,NA,2009,fa_zapata,217,217,60,,5,3,,,protected,tha_luc,thalassoma_lucasanum,1,10
gorgona,azufrada,NA,2009,fa_zapata,217,217,60,,5,3,,,protected,aca_xan,acanthurus_xanthopterus,1,12.5
gorgona,azufrada,NA,2009,fa_zapata,217,217,60,,5,3,,,protected,hol_pas,holacanthus_passer,2,12.5
gorgona,azufrada,NA,2009,fa_zapata,217,217,60,,5,3,,,protected,suf_ver,sufflamen_verres,1,12.5
gorgona,azufrada,NA,2009,fa_zapata,217,217,60,,5,3,,,protected,tha_luc,thalassoma_lucasanum,1,12.5
gorgona,azufrada,NA,2009,fa_zapata,217,217,60,,5,3,,,protected,aca_xan,acanthurus_xanthopterus,1,15
gorgona,azufrada,NA,2009,fa_zapata,217,217,60,,5,3,,,protected,hol_pas,holacanthus_passer,5,15
gorgona,azufrada,NA,2009,fa_zapata,217,217,60,,5,3,,,protected,suf_ver,sufflamen_verres,1,15
gorgona,azufrada,NA,2009,fa_zapata,217,217,60,,5,3,,,protected,aca_xan,acanthurus_xanthopterus,1,20
gorgona,azufrada,NA,2009,fa_zapata,217,217,60,,5,3,,,protected,bod_dip,bodianus_diplotaenia,1,20
gorgona,azufrada,NA,2009,fa_zapata,217,217,60,,5,3,,,protected,hol_pas,holacanthus_passer,1,20
gorgona,azufrada,NA,2009,fa_zapata,217,217,60,,5,3,,,protected,ste_ban,stethojulis_bandanensis,1,20
gorgona,azufrada,NA,2009,fa_zapata,217,217,60,,5,3,,,protected,lut_vir,lutjanus_viridis,1,25
gorgona,azufrada,NA,2009,fa_zapata,217,217,60,,5,3,,,protected,suf_ver,sufflamen_verres,1,25
gorgona,azufrada,NA,2009,fa_zapata,218,218,60,,5,3,,,protected,can_pun,canthigaster_punctatissima,1,5
gorgona,azufrada,NA,2009,fa_zapata,218,218,60,,5,3,,,protected,chr_atr,chromis_atrilobata,340,5
gorgona,azufrada,NA,2009,fa_zapata,218,218,60,,5,3,,,protected,hol_pas,holacanthus_passer,3,5
gorgona,azufrada,NA,2009,fa_zapata,218,218,60,,5,3,,,protected,joh_nig,johnrandallia_nigrirostris,1,5
gorgona,azufrada,NA,2009,fa_zapata,218,218,60,,5,3,,,protected,cir_oxy,cirrhitichthys_oxycephalus,46,5
gorgona,azufrada,NA,2009,fa_zapata,218,218,60,,5,3,,,protected,hol_pas,holacanthus_passer,12,7.5
gorgona,azufrada,NA,2009,fa_zapata,218,218,60,,5,3,,,protected,joh_nig,johnrandallia_nigrirostris,1,7.5
gorgona,azufrada,NA,2009,fa_zapata,218,218,60,,5,3,,,protected,hol_pas,holacanthus_passer,2,10
gorgona,azufrada,NA,2009,fa_zapata,218,218,60,,5,3,,,protected,ser_psi,serranus_psittacinus,1,10
gorgona,azufrada,NA,2009,fa_zapata,218,218,60,,5,3,,,protected,hol_pas,holacanthus_passer,1,12.5
gorgona,azufrada,NA,2009,fa_zapata,218,218,60,,5,3,,,protected,suf_ver,sufflamen_verres,1,12.5
gorgona,azufrada,NA,2009,fa_zapata,218,218,60,,5,3,,,protected,myr_lei,myripristis_leiognathus,1,12.5
gorgona,azufrada,NA,2009,fa_zapata,218,218,60,,5,3,,,protected,aca_xan,acanthurus_xanthopterus,1,15
gorgona,azufrada,NA,2009,fa_zapata,218,218,60,,5,3,,,protected,sca_gho,scarus_ghobban,3,15
gorgona,azufrada,NA,2009,fa_zapata,218,218,60,,5,3,,,protected,bod_dip,bodianus_diplotaenia,1,20
gorgona,azufrada,NA,2009,fa_zapata,218,218,60,,5,3,,,protected,hol_pas,holacanthus_passer,1,20
gorgona,azufrada,NA,2009,fa_zapata,218,218,60,,5,3,,,protected,lut_vir,lutjanus_viridis,1,20
gorgona,azufrada,NA,2009,fa_zapata,218,218,60,,5,3,,,protected,sca_gho,scarus_ghobban,2,20
gorgona,azufrada,NA,2009,fa_zapata,218,218,60,,5,3,,,protected,sca_rub,scarus_rubroviolaceus,1,20
gorgona,azufrada,NA,2009,fa_zapata,218,218,60,,5,3,,,protected,aca_xan,acanthurus_xanthopterus,2,25
gorgona,azufrada,NA,2009,mm_palacios,219,219,60,,2.5,2,,,protected,tha_luc,thalassoma_lucasanum,5,2.5
gorgona,azufrada,NA,2009,mm_palacios,219,219,60,,2.5,2,,,protected,cir_oxy,cirrhitichthys_oxycephalus,5,2.5
gorgona,azufrada,NA,2009,mm_palacios,219,219,60,,2.5,2,,,protected,chr_atr,chromis_atrilobata,25,5
gorgona,azufrada,NA,2009,mm_palacios,219,219,60,,2.5,2,,,protected,cir_oxy,cirrhitichthys_oxycephalus,26,5
gorgona,azufrada,NA,2009,mm_palacios,219,219,60,,2.5,2,,,protected,chr_atr,chromis_atrilobata,50,7.5
gorgona,azufrada,NA,2009,mm_palacios,219,219,60,,2.5,2,,,protected,hol_pas,holacanthus_passer,4,7.5
gorgona,azufrada,NA,2009,mm_palacios,219,219,60,,2.5,2,,,protected,ste_aca,stegastes_acapulcoensis,2,7.5
gorgona,azufrada,NA,2009,mm_palacios,219,219,60,,2.5,2,,,protected,ste_arc,stegastes_arcifrons,1,7.5
gorgona,azufrada,NA,2009,mm_palacios,219,219,60,,2.5,2,,,protected,tha_luc,thalassoma_lucasanum,3,7.5
gorgona,azufrada,NA,2009,mm_palacios,219,219,60,,2.5,2,,,protected,hol_pas,holacanthus_passer,2,10
gorgona,azufrada,NA,2009,mm_palacios,219,219,60,,2.5,2,,,protected,tha_luc,thalassoma_lucasanum,1,10
gorgona,azufrada,NA,2009,mm_palacios,219,219,60,,2.5,2,,,protected,hol_pas,holacanthus_passer,2,12.5
gorgona,azufrada,NA,2009,mm_palacios,219,219,60,,2.5,2,,,protected,lut_vir,lutjanus_viridis,2,12.5
gorgona,azufrada,NA,2009,mm_palacios,219,219,60,,2.5,2,,,protected,oph_ste,ophioblennius_steindachneri,1,12.5
gorgona,azufrada,NA,2009,mm_palacios,219,219,60,,2.5,2,,,protected,sca_rub,scarus_rubroviolaceus,1,12.5
gorgona,azufrada,NA,2009,mm_palacios,219,219,60,,2.5,2,,,protected,ste_aca,stegastes_acapulcoensis,1,12.5
gorgona,azufrada,NA,2009,mm_palacios,219,219,60,,2.5,2,,,protected,aca_xan,acanthurus_xanthopterus,1,15
gorgona,azufrada,NA,2009,mm_palacios,219,219,60,,2.5,2,,,protected,bod_dip,bodianus_diplotaenia,1,15
gorgona,azufrada,NA,2009,mm_palacios,219,219,60,,2.5,2,,,protected,tha_gra,thalassoma_grammaticum,1,15
gorgona,azufrada,NA,2009,mm_palacios,219,219,60,,2.5,2,,,protected,tha_gra,thalassoma_grammaticum,1,20
gorgona,azufrada,NA,2009,mm_palacios,219,219,60,,2.5,2,,,protected,fis_com,fistularia_commersonii,1,25
gorgona,azufrada,NA,2009,mm_palacios,219,219,60,,2.5,2,,,protected,pse_nau,pseudobalistes_naufragium,1,40
gorgona,azufrada,NA,2009,mm_palacios,219,219,60,,2.5,2,,,protected,sca_rub,scarus_rubroviolaceus,1,50
gorgona,azufrada,NA,2009,mm_palacios,219,219,60,,2.5,2,,,protected,sca_rub,scarus_rubroviolaceus,1,62.5
gorgona,azufrada,NA,2009,mm_palacios,219,219,60,,2.5,2,,,protected,str_sca,strongylura_scapularis,9,62.5
gorgona,azufrada,NA,2009,mm_palacios,220,220,60,,2.5,2,,,protected,tha_luc,thalassoma_lucasanum,1,2.5
gorgona,azufrada,NA,2009,mm_palacios,220,220,60,,2.5,2,,,protected,can_pun,canthigaster_punctatissima,1,5
gorgona,azufrada,NA,2009,mm_palacios,220,220,60,,2.5,2,,,protected,chr_atr,chromis_atrilobata,105,5
gorgona,azufrada,NA,2009,mm_palacios,220,220,60,,2.5,2,,,protected,joh_nig,johnrandallia_nigrirostris,1,5
gorgona,azufrada,NA,2009,mm_palacios,220,220,60,,2.5,2,,,protected,cir_oxy,cirrhitichthys_oxycephalus,1,5
gorgona,azufrada,NA,2009,mm_palacios,220,220,60,,2.5,2,,,protected,abu_tro,abudefduf_troschelii,1,7.5
gorgona,azufrada,NA,2009,mm_palacios,220,220,60,,2.5,2,,,protected,chr_atr,chromis_atrilobata,2,7.5
gorgona,azufrada,NA,2009,mm_palacios,220,220,60,,2.5,2,,,protected,hae_mac,haemulon_maculicauda,3,7.5
gorgona,azufrada,NA,2009,mm_palacios,220,220,60,,2.5,2,,,protected,hol_pas,holacanthus_passer,7,7.5
gorgona,azufrada,NA,2009,mm_palacios,220,220,60,,2.5,2,,,protected,joh_nig,johnrandallia_nigrirostris,4,7.5
gorgona,azufrada,NA,2009,mm_palacios,220,220,60,,2.5,2,,,protected,suf_ver,sufflamen_verres,3,7.5
gorgona,azufrada,NA,2009,mm_palacios,220,220,60,,2.5,2,,,protected,cir_oxy,cirrhitichthys_oxycephalus,34,7.5
gorgona,azufrada,NA,2009,mm_palacios,220,220,60,,2.5,2,,,protected,hol_pas,holacanthus_passer,2,10
gorgona,azufrada,NA,2009,mm_palacios,220,220,60,,2.5,2,,,protected,joh_nig,johnrandallia_nigrirostris,1,10
gorgona,azufrada,NA,2009,mm_palacios,220,220,60,,2.5,2,,,protected,oph_ste,ophioblennius_steindachneri,1,10
gorgona,azufrada,NA,2009,mm_palacios,220,220,60,,2.5,2,,,protected,ser_psi,serranus_psittacinus,1,10
gorgona,azufrada,NA,2009,mm_palacios,220,220,60,,2.5,2,,,protected,ste_aca,stegastes_acapulcoensis,6,10
gorgona,azufrada,NA,2009,mm_palacios,220,220,60,,2.5,2,,,protected,suf_ver,sufflamen_verres,1,10
gorgona,azufrada,NA,2009,mm_palacios,220,220,60,,2.5,2,,,protected,tha_luc,thalassoma_lucasanum,16,10
gorgona,azufrada,NA,2009,mm_palacios,220,220,60,,2.5,2,,,protected,aca_xan,acanthurus_xanthopterus,6,12.5
gorgona,azufrada,NA,2009,mm_palacios,220,220,60,,2.5,2,,,protected,hol_pas,holacanthus_passer,1,12.5
gorgona,azufrada,NA,2009,mm_palacios,220,220,60,,2.5,2,,,protected,sca_gho,scarus_ghobban,2,12.5
gorgona,azufrada,NA,2009,mm_palacios,220,220,60,,2.5,2,,,protected,ste_aca,stegastes_acapulcoensis,1,12.5
gorgona,azufrada,NA,2009,mm_palacios,220,220,60,,2.5,2,,,protected,aro_mel,arothron_meleagris,1,15
gorgona,azufrada,NA,2009,mm_palacios,220,220,60,,2.5,2,,,protected,sca_gho,scarus_ghobban,20,15
gorgona,azufrada,NA,2009,mm_palacios,220,220,60,,2.5,2,,,protected,sca_rub,scarus_rubroviolaceus,1,15
gorgona,azufrada,NA,2009,mm_palacios,220,220,60,,2.5,2,,,protected,tha_gra,thalassoma_grammaticum,1,15
gorgona,azufrada,NA,2009,mm_palacios,220,220,60,,2.5,2,,,protected,sar_sub,sargocentron_suborbitalis,1,15
gorgona,azufrada,NA,2009,mm_palacios,220,220,60,,2.5,2,,,protected,aro_his,arothron_hispidus,1,20
gorgona,azufrada,NA,2009,mm_palacios,220,220,60,,2.5,2,,,protected,sca_rub,scarus_rubroviolaceus,1,20
gorgona,azufrada,NA,2009,mm_palacios,220,220,60,,2.5,2,,,protected,aro_mel,arothron_meleagris,1,25
gorgona,azufrada,NA,2009,mm_palacios,220,220,60,,2.5,2,,,protected,sca_rub,scarus_rubroviolaceus,1,35
gorgona,azufrada,NA,2009,mm_palacios,220,220,60,,2.5,2,,,protected,car_mel,caranx_melampygus,1,50
gorgona,azufrada,NA,2009,mm_palacios,220,220,60,,2.5,2,,,protected,pse_nau,pseudobalistes_naufragium,1,75
gorgona,azufrada,NA,2009,cg_munoz,221,221,60,,2.5,2,,,protected,abu_tro,abudefduf_troschelii,1,5
gorgona,azufrada,NA,2009,cg_munoz,221,221,60,,2.5,2,,,protected,chr_atr,chromis_atrilobata,80,5
gorgona,azufrada,NA,2009,cg_munoz,221,221,60,,2.5,2,,,protected,hol_pas,holacanthus_passer,1,5
gorgona,azufrada,NA,2009,cg_munoz,221,221,60,,2.5,2,,,protected,suf_ver,sufflamen_verres,1,5
gorgona,azufrada,NA,2009,cg_munoz,221,221,60,,2.5,2,,,protected,tha_luc,thalassoma_lucasanum,1,5
gorgona,azufrada,NA,2009,cg_munoz,221,221,60,,2.5,2,,,protected,cir_oxy,cirrhitichthys_oxycephalus,8,5
gorgona,azufrada,NA,2009,cg_munoz,221,221,60,,2.5,2,,,protected,abu_tro,abudefduf_troschelii,3,7.5
gorgona,azufrada,NA,2009,cg_munoz,221,221,60,,2.5,2,,,protected,can_pun,canthigaster_punctatissima,3,7.5
gorgona,azufrada,NA,2009,cg_munoz,221,221,60,,2.5,2,,,protected,hol_pas,holacanthus_passer,5,7.5
gorgona,azufrada,NA,2009,cg_munoz,221,221,60,,2.5,2,,,protected,joh_nig,johnrandallia_nigrirostris,1,7.5
gorgona,azufrada,NA,2009,cg_munoz,221,221,60,,2.5,2,,,protected,pla_aza,plagiotremus_azaleus,1,7.5
gorgona,azufrada,NA,2009,cg_munoz,221,221,60,,2.5,2,,,protected,tha_luc,thalassoma_lucasanum,6,7.5
gorgona,azufrada,NA,2009,cg_munoz,221,221,60,,2.5,2,,,protected,cir_oxy,cirrhitichthys_oxycephalus,31,7.5
gorgona,azufrada,NA,2009,cg_munoz,221,221,60,,2.5,2,,,protected,hol_pas,holacanthus_passer,3,10
gorgona,azufrada,NA,2009,cg_munoz,221,221,60,,2.5,2,,,protected,joh_nig,johnrandallia_nigrirostris,3,10
gorgona,azufrada,NA,2009,cg_munoz,221,221,60,,2.5,2,,,protected,oph_ste,ophioblennius_steindachneri,3,12.5
gorgona,azufrada,NA,2009,cg_munoz,221,221,60,,2.5,2,,,protected,ste_aca,stegastes_acapulcoensis,3,12.5
gorgona,azufrada,NA,2009,cg_munoz,221,221,60,,2.5,2,,,protected,suf_ver,sufflamen_verres,1,12.5
gorgona,azufrada,NA,2009,cg_munoz,221,221,60,,2.5,2,,,protected,tha_luc,thalassoma_lucasanum,4,12.5
gorgona,azufrada,NA,2009,cg_munoz,221,221,60,,2.5,2,,,protected,oph_ste,ophioblennius_steindachneri,1,15
gorgona,azufrada,NA,2009,cg_munoz,221,221,60,,2.5,2,,,protected,tha_gra,thalassoma_grammaticum,1,15
gorgona,azufrada,NA,2009,cg_munoz,221,221,60,,2.5,2,,,protected,tha_luc,thalassoma_lucasanum,2,15
gorgona,azufrada,NA,2009,cg_munoz,221,221,60,,2.5,2,,,protected,pse_nau,pseudobalistes_naufragium,1,20
gorgona,azufrada,NA,2009,cg_munoz,221,221,60,,2.5,2,,,protected,sca_rub,scarus_rubroviolaceus,1,40
gorgona,azufrada,NA,2009,cg_munoz,222,222,60,,2.5,2,,,protected,cir_oxy,cirrhitichthys_oxycephalus,2,5
gorgona,azufrada,NA,2009,cg_munoz,222,222,60,,2.5,2,,,protected,hol_pas,holacanthus_passer,1,7.5
gorgona,azufrada,NA,2009,cg_munoz,222,222,60,,2.5,2,,,protected,joh_nig,johnrandallia_nigrirostris,1,7.5
gorgona,azufrada,NA,2009,cg_munoz,222,222,60,,2.5,2,,,protected,tha_gra,thalassoma_grammaticum,4,7.5
gorgona,azufrada,NA,2009,cg_munoz,222,222,60,,2.5,2,,,protected,cir_oxy,cirrhitichthys_oxycephalus,25,7.5
gorgona,azufrada,NA,2009,cg_munoz,222,222,60,,2.5,2,,,protected,abu_tro,abudefduf_troschelii,2,10
gorgona,azufrada,NA,2009,cg_munoz,222,222,60,,2.5,2,,,protected,joh_nig,johnrandallia_nigrirostris,3,10
gorgona,azufrada,NA,2009,cg_munoz,222,222,60,,2.5,2,,,protected,oph_ste,ophioblennius_steindachneri,1,10
gorgona,azufrada,NA,2009,cg_munoz,222,222,60,,2.5,2,,,protected,ste_aca,stegastes_acapulcoensis,3,10
gorgona,azufrada,NA,2009,cg_munoz,222,222,60,,2.5,2,,,protected,suf_ver,sufflamen_verres,2,10
gorgona,azufrada,NA,2009,cg_munoz,222,222,60,,2.5,2,,,protected,tha_gra,thalassoma_grammaticum,2,10
gorgona,azufrada,NA,2009,cg_munoz,222,222,60,,2.5,2,,,protected,myr_lei,myripristis_leiognathus,3,10
gorgona,azufrada,NA,2009,cg_munoz,222,222,60,,2.5,2,,,protected,oph_ste,ophioblennius_steindachneri,2,12.5
gorgona,azufrada,NA,2009,cg_munoz,222,222,60,,2.5,2,,,protected,ste_aca,stegastes_acapulcoensis,1,12.5
gorgona,azufrada,NA,2009,cg_munoz,222,222,60,,2.5,2,,,protected,suf_ver,sufflamen_verres,1,12.5
gorgona,azufrada,NA,2009,cg_munoz,222,222,60,,2.5,2,,,protected,suf_ver,sufflamen_verres,1,15
gorgona,azufrada,NA,2009,fa_zapata,223,223,60,,2.5,2,,,protected,cir_oxy,cirrhitichthys_oxycephalus,1,2.5
gorgona,azufrada,NA,2009,fa_zapata,223,223,60,,2.5,2,,,protected,chr_atr,chromis_atrilobata,195,5
gorgona,azufrada,NA,2009,fa_zapata,223,223,60,,2.5,2,,,protected,hol_pas,holacanthus_passer,1,5
gorgona,azufrada,NA,2009,fa_zapata,223,223,60,,2.5,2,,,protected,ste_fla,stegastes_flavilatus,1,5
gorgona,azufrada,NA,2009,fa_zapata,223,223,60,,2.5,2,,,protected,cir_oxy,cirrhitichthys_oxycephalus,28,5
gorgona,azufrada,NA,2009,fa_zapata,223,223,60,,2.5,2,,,protected,can_pun,canthigaster_punctatissima,1,7.5
gorgona,azufrada,NA,2009,fa_zapata,223,223,60,,2.5,2,,,protected,hol_pas,holacanthus_passer,4,7.5
gorgona,azufrada,NA,2009,fa_zapata,223,223,60,,2.5,2,,,protected,ste_aca,stegastes_acapulcoensis,2,7.5
gorgona,azufrada,NA,2009,fa_zapata,223,223,60,,2.5,2,,,protected,tha_luc,thalassoma_lucasanum,1,7.5
gorgona,azufrada,NA,2009,fa_zapata,223,223,60,,2.5,2,,,protected,cir_oxy,cirrhitichthys_oxycephalus,3,7.5
gorgona,azufrada,NA,2009,fa_zapata,223,223,60,,2.5,2,,,protected,abu_tro,abudefduf_troschelii,1,10
gorgona,azufrada,NA,2009,fa_zapata,223,223,60,,2.5,2,,,protected,hol_pas,holacanthus_passer,1,10
gorgona,azufrada,NA,2009,fa_zapata,223,223,60,,2.5,2,,,protected,joh_nig,johnrandallia_nigrirostris,3,10
gorgona,azufrada,NA,2009,fa_zapata,223,223,60,,2.5,2,,,protected,ste_aca,stegastes_acapulcoensis,1,10
gorgona,azufrada,NA,2009,fa_zapata,223,223,60,,2.5,2,,,protected,tha_luc,thalassoma_lucasanum,6,10
gorgona,azufrada,NA,2009,fa_zapata,223,223,60,,2.5,2,,,protected,ste_aca,stegastes_acapulcoensis,6,12.5
gorgona,azufrada,NA,2009,fa_zapata,223,223,60,,2.5,2,,,protected,suf_ver,sufflamen_verres,5,12.5
gorgona,azufrada,NA,2009,fa_zapata,223,223,60,,2.5,2,,,protected,hol_pas,holacanthus_passer,2,15
gorgona,azufrada,NA,2009,fa_zapata,223,223,60,,2.5,2,,,protected,oph_ste,ophioblennius_steindachneri,2,15
gorgona,azufrada,NA,2009,fa_zapata,223,223,60,,2.5,2,,,protected,lut_vir,lutjanus_viridis,3,20
gorgona,azufrada,NA,2009,fa_zapata,223,223,60,,2.5,2,,,protected,tha_luc,thalassoma_lucasanum,2,20
gorgona,azufrada,NA,2009,fa_zapata,223,223,60,,2.5,2,,,protected,sar_sub,sargocentron_suborbitalis,1,20
gorgona,azufrada,NA,2009,fa_zapata,223,223,60,,2.5,2,,,protected,aro_mel,arothron_meleagris,6,25
gorgona,azufrada,NA,2009,fa_zapata,223,223,60,,2.5,2,,,protected,pse_nau,pseudobalistes_naufragium,1,35
gorgona,azufrada,NA,2009,fa_zapata,223,223,60,,2.5,2,,,protected,ale_cil,alectis_ciliaris,1,50
gorgona,azufrada,NA,2009,fa_zapata,223,223,60,,2.5,2,,,protected,fis_com,fistularia_commersonii,1,75
gorgona,azufrada,NA,2009,fa_zapata,224,224,60,,2.5,2,,,protected,abu_tro,abudefduf_troschelii,2,5
gorgona,azufrada,NA,2009,fa_zapata,224,224,60,,2.5,2,,,protected,chr_atr,chromis_atrilobata,4,5
gorgona,azufrada,NA,2009,fa_zapata,224,224,60,,2.5,2,,,protected,ste_fla,stegastes_flavilatus,1,5
gorgona,azufrada,NA,2009,fa_zapata,224,224,60,,2.5,2,,,protected,cir_oxy,cirrhitichthys_oxycephalus,34,5
gorgona,azufrada,NA,2009,fa_zapata,224,224,60,,2.5,2,,,protected,chr_atr,chromis_atrilobata,1,7.5
gorgona,azufrada,NA,2009,fa_zapata,224,224,60,,2.5,2,,,protected,hol_pas,holacanthus_passer,1,7.5
gorgona,azufrada,NA,2009,fa_zapata,224,224,60,,2.5,2,,,protected,joh_nig,johnrandallia_nigrirostris,7,10
gorgona,azufrada,NA,2009,fa_zapata,224,224,60,,2.5,2,,,protected,tha_luc,thalassoma_lucasanum,1,10
gorgona,azufrada,NA,2009,fa_zapata,224,224,60,,2.5,2,,,protected,abu_tro,abudefduf_troschelii,1,12.5
gorgona,azufrada,NA,2009,fa_zapata,224,224,60,,2.5,2,,,protected,ste_aca,stegastes_acapulcoensis,3,12.5
gorgona,azufrada,NA,2009,fa_zapata,224,224,60,,2.5,2,,,protected,suf_ver,sufflamen_verres,1,12.5
gorgona,azufrada,NA,2009,fa_zapata,224,224,60,,2.5,2,,,protected,tha_luc,thalassoma_lucasanum,4,12.5
gorgona,azufrada,NA,2009,fa_zapata,224,224,60,,2.5,2,,,protected,aca_xan,acanthurus_xanthopterus,2,20
gorgona,azufrada,NA,2009,fa_zapata,224,224,60,,2.5,2,,,protected,aro_mel,arothron_meleagris,1,20
gorgona,azufrada,NA,2009,fa_zapata,224,224,60,,2.5,2,,,protected,oph_ste,ophioblennius_steindachneri,2,20
gorgona,azufrada,NA,2009,fa_zapata,224,224,60,,2.5,2,,,protected,sar_sub,sargocentron_suborbitalis,1,20
gorgona,azufrada,NA,2009,mm_palacios,225,225,60,,2.5,2,,,protected,can_pun,canthigaster_punctatissima,2,5
gorgona,azufrada,NA,2009,mm_palacios,225,225,60,,2.5,2,,,protected,chr_atr,chromis_atrilobata,100,5
gorgona,azufrada,NA,2009,mm_palacios,225,225,60,,2.5,2,,,protected,hol_pas,holacanthus_passer,4,5
gorgona,azufrada,NA,2009,mm_palacios,225,225,60,,2.5,2,,,protected,joh_nig,johnrandallia_nigrirostris,1,5
gorgona,azufrada,NA,2009,mm_palacios,225,225,60,,2.5,2,,,protected,ste_aca,stegastes_acapulcoensis,1,5
gorgona,azufrada,NA,2009,mm_palacios,225,225,60,,2.5,2,,,protected,tha_luc,thalassoma_lucasanum,2,5
gorgona,azufrada,NA,2009,mm_palacios,225,225,60,,2.5,2,,,protected,cir_oxy,cirrhitichthys_oxycephalus,6,5
gorgona,azufrada,NA,2009,mm_palacios,225,225,60,,2.5,2,,,protected,hol_pas,holacanthus_passer,3,7.5
gorgona,azufrada,NA,2009,mm_palacios,225,225,60,,2.5,2,,,protected,joh_nig,johnrandallia_nigrirostris,7,7.5
gorgona,azufrada,NA,2009,mm_palacios,225,225,60,,2.5,2,,,protected,ste_aca,stegastes_acapulcoensis,2,7.5
gorgona,azufrada,NA,2009,mm_palacios,225,225,60,,2.5,2,,,protected,suf_ver,sufflamen_verres,1,7.5
gorgona,azufrada,NA,2009,mm_palacios,225,225,60,,2.5,2,,,protected,tha_luc,thalassoma_lucasanum,10,7.5
gorgona,azufrada,NA,2009,mm_palacios,225,225,60,,2.5,2,,,protected,cir_oxy,cirrhitichthys_oxycephalus,49,7.5
gorgona,azufrada,NA,2009,mm_palacios,225,225,60,,2.5,2,,,protected,myr_lei,myripristis_leiognathus,1,7.5
gorgona,azufrada,NA,2009,mm_palacios,225,225,60,,2.5,2,,,protected,aro_mel,arothron_meleagris,4,10
gorgona,azufrada,NA,2009,mm_palacios,225,225,60,,2.5,2,,,protected,bod_dip,bodianus_diplotaenia,1,10
gorgona,azufrada,NA,2009,mm_palacios,225,225,60,,2.5,2,,,protected,hol_pas,holacanthus_passer,1,10
gorgona,azufrada,NA,2009,mm_palacios,225,225,60,,2.5,2,,,protected,oph_ste,ophioblennius_steindachneri,1,10
gorgona,azufrada,NA,2009,mm_palacios,225,225,60,,2.5,2,,,protected,ste_aca,stegastes_acapulcoensis,1,10
gorgona,azufrada,NA,2009,mm_palacios,225,225,60,,2.5,2,,,protected,tha_luc,thalassoma_lucasanum,1,10
gorgona,azufrada,NA,2009,mm_palacios,225,225,60,,2.5,2,,,protected,myr_lei,myripristis_leiognathus,14,10
gorgona,azufrada,NA,2009,mm_palacios,225,225,60,,2.5,2,,,protected,aro_mel,arothron_meleagris,2,12.5
gorgona,azufrada,NA,2009,mm_palacios,225,225,60,,2.5,2,,,protected,cep_pan,cephalopholis_panamensis,2,12.5
gorgona,azufrada,NA,2009,mm_palacios,225,225,60,,2.5,2,,,protected,lut_vir,lutjanus_viridis,1,12.5
gorgona,azufrada,NA,2009,mm_palacios,225,225,60,,2.5,2,,,protected,oph_ste,ophioblennius_steindachneri,1,12.5
gorgona,azufrada,NA,2009,mm_palacios,225,225,60,,2.5,2,,,protected,myr_lei,myripristis_leiognathus,3,12.5
gorgona,azufrada,NA,2009,mm_palacios,226,226,60,,2.5,2,,,protected,can_pun,canthigaster_punctatissima,1,2.5
gorgona,azufrada,NA,2009,mm_palacios,226,226,60,,2.5,2,,,protected,chr_atr,chromis_atrilobata,15,2.5
gorgona,azufrada,NA,2009,mm_palacios,226,226,60,,2.5,2,,,protected,can_jan,canthigaster_janthinoptera,1,5
gorgona,azufrada,NA,2009,mm_palacios,226,226,60,,2.5,2,,,protected,can_pun,canthigaster_punctatissima,3,5
gorgona,azufrada,NA,2009,mm_palacios,226,226,60,,2.5,2,,,protected,chr_atr,chromis_atrilobata,60,5
gorgona,azufrada,NA,2009,mm_palacios,226,226,60,,2.5,2,,,protected,hol_pas,holacanthus_passer,1,5
gorgona,azufrada,NA,2009,mm_palacios,226,226,60,,2.5,2,,,protected,hol_pas,holacanthus_passer,7,7.5
gorgona,azufrada,NA,2009,mm_palacios,226,226,60,,2.5,2,,,protected,joh_nig,johnrandallia_nigrirostris,1,7.5
gorgona,azufrada,NA,2009,mm_palacios,226,226,60,,2.5,2,,,protected,pla_aza,plagiotremus_azaleus,1,7.5
gorgona,azufrada,NA,2009,mm_palacios,226,226,60,,2.5,2,,,protected,suf_ver,sufflamen_verres,3,7.5
gorgona,azufrada,NA,2009,mm_palacios,226,226,60,,2.5,2,,,protected,tha_luc,thalassoma_lucasanum,17,7.5
gorgona,azufrada,NA,2009,mm_palacios,226,226,60,,2.5,2,,,protected,cir_oxy,cirrhitichthys_oxycephalus,10,7.5
gorgona,azufrada,NA,2009,mm_palacios,226,226,60,,2.5,2,,,protected,hol_pas,holacanthus_passer,1,10
gorgona,azufrada,NA,2009,mm_palacios,226,226,60,,2.5,2,,,protected,joh_nig,johnrandallia_nigrirostris,3,10
gorgona,azufrada,NA,2009,mm_palacios,226,226,60,,2.5,2,,,protected,oph_ste,ophioblennius_steindachneri,1,10
gorgona,azufrada,NA,2009,mm_palacios,226,226,60,,2.5,2,,,protected,pla_aza,plagiotremus_azaleus,1,10
gorgona,azufrada,NA,2009,mm_palacios,226,226,60,,2.5,2,,,protected,ste_aca,stegastes_acapulcoensis,3,10
gorgona,azufrada,NA,2009,mm_palacios,226,226,60,,2.5,2,,,protected,suf_ver,sufflamen_verres,3,10
gorgona,azufrada,NA,2009,mm_palacios,226,226,60,,2.5,2,,,protected,tha_luc,thalassoma_lucasanum,5,10
gorgona,azufrada,NA,2009,mm_palacios,226,226,60,,2.5,2,,,protected,cir_oxy,cirrhitichthys_oxycephalus,60,10
gorgona,azufrada,NA,2009,mm_palacios,226,226,60,,2.5,2,,,protected,bod_dip,bodianus_diplotaenia,1,12.5
gorgona,azufrada,NA,2009,mm_palacios,226,226,60,,2.5,2,,,protected,hol_pas,holacanthus_passer,1,12.5
gorgona,azufrada,NA,2009,mm_palacios,226,226,60,,2.5,2,,,protected,lut_vir,lutjanus_viridis,2,12.5
gorgona,azufrada,NA,2009,mm_palacios,226,226,60,,2.5,2,,,protected,ste_aca,stegastes_acapulcoensis,2,12.5
gorgona,azufrada,NA,2009,mm_palacios,226,226,60,,2.5,2,,,protected,tha_luc,thalassoma_lucasanum,1,12.5
gorgona,azufrada,NA,2009,mm_palacios,226,226,60,,2.5,2,,,protected,myr_lei,myripristis_leiognathus,1,12.5
gorgona,azufrada,NA,2009,mm_palacios,226,226,60,,2.5,2,,,protected,aro_mel,arothron_meleagris,2,15
gorgona,azufrada,NA,2009,mm_palacios,226,226,60,,2.5,2,,,protected,cep_pan,cephalopholis_panamensis,1,15
gorgona,azufrada,NA,2009,mm_palacios,226,226,60,,2.5,2,,,protected,oph_ste,ophioblennius_steindachneri,1,15
gorgona,azufrada,NA,2009,mm_palacios,226,226,60,,2.5,2,,,protected,sca_gho,scarus_ghobban,4,15
gorgona,azufrada,NA,2009,mm_palacios,226,226,60,,2.5,2,,,protected,myr_lei,myripristis_leiognathus,5,15
gorgona,azufrada,NA,2009,mm_palacios,226,226,60,,2.5,2,,,protected,aro_mel,arothron_meleagris,1,20
gorgona,azufrada,NA,2009,mm_palacios,226,226,60,,2.5,2,,,protected,myr_lei,myripristis_leiognathus,1,20
gorgona,azufrada,NA,2009,mm_palacios,226,226,60,,2.5,2,,,protected,aro_mel,arothron_meleagris,2,25
gorgona,azufrada,NA,2009,mm_palacios,226,226,60,,2.5,2,,,protected,car_mel,caranx_melampygus,1,50
gorgona,azufrada,NA,2009,cg_munoz,227,227,60,,2.5,2,,,protected,chr_atr,chromis_atrilobata,30,5
gorgona,azufrada,NA,2009,cg_munoz,227,227,60,,2.5,2,,,protected,tha_luc,thalassoma_lucasanum,2,5
gorgona,azufrada,NA,2009,cg_munoz,227,227,60,,2.5,2,,,protected,cir_oxy,cirrhitichthys_oxycephalus,16,5
gorgona,azufrada,NA,2009,cg_munoz,227,227,60,,2.5,2,,,protected,can_pun,canthigaster_punctatissima,1,7.5
gorgona,azufrada,NA,2009,cg_munoz,227,227,60,,2.5,2,,,protected,chr_atr,chromis_atrilobata,30,7.5
gorgona,azufrada,NA,2009,cg_munoz,227,227,60,,2.5,2,,,protected,hol_pas,holacanthus_passer,3,7.5
gorgona,azufrada,NA,2009,cg_munoz,227,227,60,,2.5,2,,,protected,tha_luc,thalassoma_lucasanum,7,7.5
gorgona,azufrada,NA,2009,cg_munoz,227,227,60,,2.5,2,,,protected,cir_oxy,cirrhitichthys_oxycephalus,50,7.5
gorgona,azufrada,NA,2009,cg_munoz,227,227,60,,2.5,2,,,protected,abu_tro,abudefduf_troschelii,5,10
gorgona,azufrada,NA,2009,cg_munoz,227,227,60,,2.5,2,,,protected,hol_pas,holacanthus_passer,1,10
gorgona,azufrada,NA,2009,cg_munoz,227,227,60,,2.5,2,,,protected,joh_nig,johnrandallia_nigrirostris,4,10
gorgona,azufrada,NA,2009,cg_munoz,227,227,60,,2.5,2,,,protected,oph_ste,ophioblennius_steindachneri,1,10
gorgona,azufrada,NA,2009,cg_munoz,227,227,60,,2.5,2,,,protected,ste_aca,stegastes_acapulcoensis,3,10
gorgona,azufrada,NA,2009,cg_munoz,227,227,60,,2.5,2,,,protected,tha_luc,thalassoma_lucasanum,6,10
gorgona,azufrada,NA,2009,cg_munoz,227,227,60,,2.5,2,,,protected,bod_dip,bodianus_diplotaenia,1,12.5
gorgona,azufrada,NA,2009,cg_munoz,227,227,60,,2.5,2,,,protected,hae_mac,haemulon_maculicauda,20,12.5
gorgona,azufrada,NA,2009,cg_munoz,227,227,60,,2.5,2,,,protected,hol_pas,holacanthus_passer,2,12.5
gorgona,azufrada,NA,2009,cg_munoz,227,227,60,,2.5,2,,,protected,ste_aca,stegastes_acapulcoensis,3,12.5
gorgona,azufrada,NA,2009,cg_munoz,227,227,60,,2.5,2,,,protected,suf_ver,sufflamen_verres,1,12.5
gorgona,azufrada,NA,2009,cg_munoz,227,227,60,,2.5,2,,,protected,tha_luc,thalassoma_lucasanum,6,12.5
gorgona,azufrada,NA,2009,cg_munoz,227,227,60,,2.5,2,,,protected,myr_lei,myripristis_leiognathus,3,12.5
gorgona,azufrada,NA,2009,cg_munoz,227,227,60,,2.5,2,,,protected,aro_mel,arothron_meleagris,2,15
gorgona,azufrada,NA,2009,cg_munoz,227,227,60,,2.5,2,,,protected,cep_pan,cephalopholis_panamensis,1,15
gorgona,azufrada,NA,2009,cg_munoz,227,227,60,,2.5,2,,,protected,oph_ste,ophioblennius_steindachneri,1,15
gorgona,azufrada,NA,2009,cg_munoz,227,227,60,,2.5,2,,,protected,suf_ver,sufflamen_verres,1,15
gorgona,azufrada,NA,2009,cg_munoz,228,228,60,,2.5,2,,,protected,chr_atr,chromis_atrilobata,10,5
gorgona,azufrada,NA,2009,cg_munoz,228,228,60,,2.5,2,,,protected,cir_oxy,cirrhitichthys_oxycephalus,10,5
gorgona,azufrada,NA,2009,cg_munoz,228,228,60,,2.5,2,,,protected,abu_tro,abudefduf_troschelii,3,7.5
gorgona,azufrada,NA,2009,cg_munoz,228,228,60,,2.5,2,,,protected,chr_atr,chromis_atrilobata,150,7.5
gorgona,azufrada,NA,2009,cg_munoz,228,228,60,,2.5,2,,,protected,hol_pas,holacanthus_passer,3,7.5
gorgona,azufrada,NA,2009,cg_munoz,228,228,60,,2.5,2,,,protected,joh_nig,johnrandallia_nigrirostris,5,7.5
gorgona,azufrada,NA,2009,cg_munoz,228,228,60,,2.5,2,,,protected,ste_aca,stegastes_acapulcoensis,1,7.5
gorgona,azufrada,NA,2009,cg_munoz,228,228,60,,2.5,2,,,protected,suf_ver,sufflamen_verres,3,7.5
gorgona,azufrada,NA,2009,cg_munoz,228,228,60,,2.5,2,,,protected,tha_luc,thalassoma_lucasanum,7,7.5
gorgona,azufrada,NA,2009,cg_munoz,228,228,60,,2.5,2,,,protected,cir_oxy,cirrhitichthys_oxycephalus,49,7.5
gorgona,azufrada,NA,2009,cg_munoz,228,228,60,,2.5,2,,,protected,bod_dip,bodianus_diplotaenia,2,10
gorgona,azufrada,NA,2009,cg_munoz,228,228,60,,2.5,2,,,protected,hae_mac,haemulon_maculicauda,3,10
gorgona,azufrada,NA,2009,cg_munoz,228,228,60,,2.5,2,,,protected,hol_pas,holacanthus_passer,8,10
gorgona,azufrada,NA,2009,cg_munoz,228,228,60,,2.5,2,,,protected,joh_nig,johnrandallia_nigrirostris,3,10
gorgona,azufrada,NA,2009,cg_munoz,228,228,60,,2.5,2,,,protected,oph_ste,ophioblennius_steindachneri,3,10
gorgona,azufrada,NA,2009,cg_munoz,228,228,60,,2.5,2,,,protected,ste_aca,stegastes_acapulcoensis,5,10
gorgona,azufrada,NA,2009,cg_munoz,228,228,60,,2.5,2,,,protected,suf_ver,sufflamen_verres,5,10
gorgona,azufrada,NA,2009,cg_munoz,228,228,60,,2.5,2,,,protected,tha_luc,thalassoma_lucasanum,12,10
gorgona,azufrada,NA,2009,cg_munoz,228,228,60,,2.5,2,,,protected,myr_lei,myripristis_leiognathus,1,10
gorgona,azufrada,NA,2009,cg_munoz,228,228,60,,2.5,2,,,protected,aca_xan,acanthurus_xanthopterus,5,12.5
gorgona,azufrada,NA,2009,cg_munoz,228,228,60,,2.5,2,,,protected,aro_mel,arothron_meleagris,2,12.5
gorgona,azufrada,NA,2009,cg_munoz,228,228,60,,2.5,2,,,protected,oph_ste,ophioblennius_steindachneri,1,12.5
gorgona,azufrada,NA,2009,cg_munoz,228,228,60,,2.5,2,,,protected,ste_aca,stegastes_acapulcoensis,1,12.5
gorgona,azufrada,NA,2009,cg_munoz,228,228,60,,2.5,2,,,protected,suf_ver,sufflamen_verres,1,12.5
gorgona,azufrada,NA,2009,cg_munoz,228,228,60,,2.5,2,,,protected,tha_luc,thalassoma_lucasanum,3,12.5
gorgona,azufrada,NA,2009,cg_munoz,228,228,60,,2.5,2,,,protected,myr_lei,myripristis_leiognathus,5,12.5
gorgona,azufrada,NA,2009,cg_munoz,228,228,60,,2.5,2,,,protected,aca_xan,acanthurus_xanthopterus,3,15
gorgona,azufrada,NA,2009,cg_munoz,228,228,60,,2.5,2,,,protected,aro_mel,arothron_meleagris,1,15
gorgona,azufrada,NA,2009,cg_munoz,228,228,60,,2.5,2,,,protected,myr_lei,myripristis_leiognathus,1,15
gorgona,azufrada,NA,2009,cg_munoz,228,228,60,,2.5,2,,,protected,dio_his,diodon_hystrix,1,25
gorgona,azufrada,NA,2009,fa_zapata,229,229,60,,2.5,2,,,protected,cir_oxy,cirrhitichthys_oxycephalus,3,2.5
gorgona,azufrada,NA,2009,fa_zapata,229,229,60,,2.5,2,,,protected,can_jan,canthigaster_janthinoptera,1,5
gorgona,azufrada,NA,2009,fa_zapata,229,229,60,,2.5,2,,,protected,can_pun,canthigaster_punctatissima,3,5
gorgona,azufrada,NA,2009,fa_zapata,229,229,60,,2.5,2,,,protected,chr_atr,chromis_atrilobata,245,5
gorgona,azufrada,NA,2009,fa_zapata,229,229,60,,2.5,2,,,protected,hol_pas,holacanthus_passer,1,5
gorgona,azufrada,NA,2009,fa_zapata,229,229,60,,2.5,2,,,protected,joh_nig,johnrandallia_nigrirostris,2,5
gorgona,azufrada,NA,2009,fa_zapata,229,229,60,,2.5,2,,,protected,oph_ste,ophioblennius_steindachneri,1,5
gorgona,azufrada,NA,2009,fa_zapata,229,229,60,,2.5,2,,,protected,cir_oxy,cirrhitichthys_oxycephalus,52,5
gorgona,azufrada,NA,2009,fa_zapata,229,229,60,,2.5,2,,,protected,hol_pas,holacanthus_passer,3,7.5
gorgona,azufrada,NA,2009,fa_zapata,229,229,60,,2.5,2,,,protected,pla_aza,plagiotremus_azaleus,1,7.5
gorgona,azufrada,NA,2009,fa_zapata,229,229,60,,2.5,2,,,protected,suf_ver,sufflamen_verres,1,7.5
gorgona,azufrada,NA,2009,fa_zapata,229,229,60,,2.5,2,,,protected,joh_nig,johnrandallia_nigrirostris,5,10
gorgona,azufrada,NA,2009,fa_zapata,229,229,60,,2.5,2,,,protected,oph_ste,ophioblennius_steindachneri,1,10
gorgona,azufrada,NA,2009,fa_zapata,229,229,60,,2.5,2,,,protected,ste_aca,stegastes_acapulcoensis,1,10
gorgona,azufrada,NA,2009,fa_zapata,229,229,60,,2.5,2,,,protected,tha_luc,thalassoma_lucasanum,7,10
gorgona,azufrada,NA,2009,fa_zapata,229,229,60,,2.5,2,,,protected,par_col,paranthias_colonus,1,12.5
gorgona,azufrada,NA,2009,fa_zapata,229,229,60,,2.5,2,,,protected,ste_aca,stegastes_acapulcoensis,1,12.5
gorgona,azufrada,NA,2009,fa_zapata,229,229,60,,2.5,2,,,protected,suf_ver,sufflamen_verres,3,12.5
gorgona,azufrada,NA,2009,fa_zapata,229,229,60,,2.5,2,,,protected,tha_luc,thalassoma_lucasanum,1,12.5
gorgona,azufrada,NA,2009,fa_zapata,229,229,60,,2.5,2,,,protected,myr_lei,myripristis_leiognathus,1,12.5
gorgona,azufrada,NA,2009,fa_zapata,229,229,60,,2.5,2,,,protected,aro_mel,arothron_meleagris,1,15
gorgona,azufrada,NA,2009,fa_zapata,229,229,60,,2.5,2,,,protected,hae_mac,haemulon_maculicauda,16,15
gorgona,azufrada,NA,2009,fa_zapata,229,229,60,,2.5,2,,,protected,hol_pas,holacanthus_passer,1,15
gorgona,azufrada,NA,2009,fa_zapata,229,229,60,,2.5,2,,,protected,ste_aca,stegastes_acapulcoensis,1,15
gorgona,azufrada,NA,2009,fa_zapata,229,229,60,,2.5,2,,,protected,aro_mel,arothron_meleagris,3,20
gorgona,azufrada,NA,2009,fa_zapata,229,229,60,,2.5,2,,,protected,sca_gho,scarus_ghobban,2,20
gorgona,azufrada,NA,2009,fa_zapata,229,229,60,,2.5,2,,,protected,aro_his,arothron_hispidus,1,25
gorgona,azufrada,NA,2009,fa_zapata,230,230,60,,2.5,2,,,protected,cir_oxy,cirrhitichthys_oxycephalus,1,2.5
gorgona,azufrada,NA,2009,fa_zapata,230,230,60,,2.5,2,,,protected,cir_oxy,cirrhitichthys_oxycephalus,36,5
gorgona,azufrada,NA,2009,fa_zapata,230,230,60,,2.5,2,,,protected,can_pun,canthigaster_punctatissima,1,7.5
gorgona,azufrada,NA,2009,fa_zapata,230,230,60,,2.5,2,,,protected,cir_oxy,cirrhitichthys_oxycephalus,1,7.5
gorgona,azufrada,NA,2009,fa_zapata,230,230,60,,2.5,2,,,protected,abu_tro,abudefduf_troschelii,1,10
gorgona,azufrada,NA,2009,fa_zapata,230,230,60,,2.5,2,,,protected,joh_nig,johnrandallia_nigrirostris,6,10
gorgona,azufrada,NA,2009,fa_zapata,230,230,60,,2.5,2,,,protected,suf_ver,sufflamen_verres,3,10
gorgona,azufrada,NA,2009,fa_zapata,230,230,60,,2.5,2,,,protected,tha_luc,thalassoma_lucasanum,7,10
gorgona,azufrada,NA,2009,fa_zapata,230,230,60,,2.5,2,,,protected,hol_pas,holacanthus_passer,1,12.5
gorgona,azufrada,NA,2009,fa_zapata,230,230,60,,2.5,2,,,protected,joh_nig,johnrandallia_nigrirostris,2,12.5
gorgona,azufrada,NA,2009,fa_zapata,230,230,60,,2.5,2,,,protected,oph_ste,ophioblennius_steindachneri,1,12.5
gorgona,azufrada,NA,2009,fa_zapata,230,230,60,,2.5,2,,,protected,ste_aca,stegastes_acapulcoensis,5,12.5
gorgona,azufrada,NA,2009,fa_zapata,230,230,60,,2.5,2,,,protected,tha_luc,thalassoma_lucasanum,6,12.5
gorgona,azufrada,NA,2009,fa_zapata,230,230,60,,2.5,2,,,protected,myr_lei,myripristis_leiognathus,3,12.5
gorgona,azufrada,NA,2009,fa_zapata,230,230,60,,2.5,2,,,protected,abu_tro,abudefduf_troschelii,3,15
gorgona,azufrada,NA,2009,fa_zapata,230,230,60,,2.5,2,,,protected,hol_pas,holacanthus_passer,1,15
gorgona,azufrada,NA,2009,fa_zapata,230,230,60,,2.5,2,,,protected,ste_aca,stegastes_acapulcoensis,1,15
gorgona,azufrada,NA,2009,fa_zapata,230,230,60,,2.5,2,,,protected,suf_ver,sufflamen_verres,1,15
gorgona,azufrada,NA,2009,fa_zapata,230,230,60,,2.5,2,,,protected,aca_nig,acanthurus_nigricans,1,20
gorgona,azufrada,NA,2009,fa_zapata,230,230,60,,2.5,2,,,protected,lut_vir,lutjanus_viridis,3,20
gorgona,azufrada,NA,2009,fa_zapata,230,230,60,,2.5,2,,,protected,aro_mel,arothron_meleagris,2,25
gorgona,azufrada,NA,2009,mm_palacios,231,231,60,,2.5,2,,,protected,cir_oxy,cirrhitichthys_oxycephalus,1,2.5
gorgona,azufrada,NA,2009,mm_palacios,231,231,60,,2.5,2,,,protected,can_pun,canthigaster_punctatissima,3,5
gorgona,azufrada,NA,2009,mm_palacios,231,231,60,,2.5,2,,,protected,chr_atr,chromis_atrilobata,20,5
gorgona,azufrada,NA,2009,mm_palacios,231,231,60,,2.5,2,,,protected,hol_pas,holacanthus_passer,3,5
gorgona,azufrada,NA,2009,mm_palacios,231,231,60,,2.5,2,,,protected,cir_oxy,cirrhitichthys_oxycephalus,3,5
gorgona,azufrada,NA,2009,mm_palacios,231,231,60,,2.5,2,,,protected,chr_atr,chromis_atrilobata,82,7.5
gorgona,azufrada,NA,2009,mm_palacios,231,231,60,,2.5,2,,,protected,hol_pas,holacanthus_passer,7,7.5
gorgona,azufrada,NA,2009,mm_palacios,231,231,60,,2.5,2,,,protected,joh_nig,johnrandallia_nigrirostris,4,7.5
gorgona,azufrada,NA,2009,mm_palacios,231,231,60,,2.5,2,,,protected,ste_aca,stegastes_acapulcoensis,3,7.5
gorgona,azufrada,NA,2009,mm_palacios,231,231,60,,2.5,2,,,protected,suf_ver,sufflamen_verres,2,7.5
gorgona,azufrada,NA,2009,mm_palacios,231,231,60,,2.5,2,,,protected,tha_luc,thalassoma_lucasanum,16,7.5
gorgona,azufrada,NA,2009,mm_palacios,231,231,60,,2.5,2,,,protected,cir_oxy,cirrhitichthys_oxycephalus,48,7.5
gorgona,azufrada,NA,2009,mm_palacios,231,231,60,,2.5,2,,,protected,hol_pas,holacanthus_passer,1,10
gorgona,azufrada,NA,2009,mm_palacios,231,231,60,,2.5,2,,,protected,joh_nig,johnrandallia_nigrirostris,2,10
gorgona,azufrada,NA,2009,mm_palacios,231,231,60,,2.5,2,,,protected,sca_gho,scarus_ghobban,1,10
gorgona,azufrada,NA,2009,mm_palacios,231,231,60,,2.5,2,,,protected,suf_ver,sufflamen_verres,1,10
gorgona,azufrada,NA,2009,mm_palacios,231,231,60,,2.5,2,,,protected,tha_luc,thalassoma_lucasanum,7,10
gorgona,azufrada,NA,2009,mm_palacios,231,231,60,,2.5,2,,,protected,myr_ber,myripristis_berndti,2,10
gorgona,azufrada,NA,2009,mm_palacios,231,231,60,,2.5,2,,,protected,myr_lei,myripristis_leiognathus,4,10
gorgona,azufrada,NA,2009,mm_palacios,231,231,60,,2.5,2,,,protected,aro_mel,arothron_meleagris,3,12.5
gorgona,azufrada,NA,2009,mm_palacios,231,231,60,,2.5,2,,,protected,bod_dip,bodianus_diplotaenia,2,12.5
gorgona,azufrada,NA,2009,mm_palacios,231,231,60,,2.5,2,,,protected,sca_rub,scarus_rubroviolaceus,2,12.5
gorgona,azufrada,NA,2009,mm_palacios,231,231,60,,2.5,2,,,protected,myr_lei,myripristis_leiognathus,11,12.5
gorgona,azufrada,NA,2009,mm_palacios,231,231,60,,2.5,2,,,protected,aro_mel,arothron_meleagris,1,15
gorgona,azufrada,NA,2009,mm_palacios,231,231,60,,2.5,2,,,protected,lut_vir,lutjanus_viridis,30,15
gorgona,azufrada,NA,2009,mm_palacios,231,231,60,,2.5,2,,,protected,lut_vir,lutjanus_viridis,20,20
gorgona,azufrada,NA,2009,mm_palacios,232,232,60,,2.5,2,,,protected,abu_tro,abudefduf_troschelii,1,7.5
gorgona,azufrada,NA,2009,mm_palacios,232,232,60,,2.5,2,,,protected,aro_mel,arothron_meleagris,1,7.5
gorgona,azufrada,NA,2009,mm_palacios,232,232,60,,2.5,2,,,protected,hol_pas,holacanthus_passer,1,7.5
gorgona,azufrada,NA,2009,mm_palacios,232,232,60,,2.5,2,,,protected,joh_nig,johnrandallia_nigrirostris,3,7.5
gorgona,azufrada,NA,2009,mm_palacios,232,232,60,,2.5,2,,,protected,pla_aza,plagiotremus_azaleus,7,7.5
gorgona,azufrada,NA,2009,mm_palacios,232,232,60,,2.5,2,,,protected,sca_gho,scarus_ghobban,1,7.5
gorgona,azufrada,NA,2009,mm_palacios,232,232,60,,2.5,2,,,protected,ste_aca,stegastes_acapulcoensis,2,7.5
gorgona,azufrada,NA,2009,mm_palacios,232,232,60,,2.5,2,,,protected,suf_ver,sufflamen_verres,4,7.5
gorgona,azufrada,NA,2009,mm_palacios,232,232,60,,2.5,2,,,protected,tha_luc,thalassoma_lucasanum,14,7.5
gorgona,azufrada,NA,2009,mm_palacios,232,232,60,,2.5,2,,,protected,cir_oxy,cirrhitichthys_oxycephalus,20,7.5
gorgona,azufrada,NA,2009,mm_palacios,232,232,60,,2.5,2,,,protected,hol_pas,holacanthus_passer,2,10
gorgona,azufrada,NA,2009,mm_palacios,232,232,60,,2.5,2,,,protected,joh_nig,johnrandallia_nigrirostris,2,10
gorgona,azufrada,NA,2009,mm_palacios,232,232,60,,2.5,2,,,protected,ser_psi,serranus_psittacinus,1,10
gorgona,azufrada,NA,2009,mm_palacios,232,232,60,,2.5,2,,,protected,suf_ver,sufflamen_verres,4,10
gorgona,azufrada,NA,2009,mm_palacios,232,232,60,,2.5,2,,,protected,tha_luc,thalassoma_lucasanum,10,10
gorgona,azufrada,NA,2009,mm_palacios,232,232,60,,2.5,2,,,protected,aro_mel,arothron_meleagris,1,12.5
gorgona,azufrada,NA,2009,mm_palacios,232,232,60,,2.5,2,,,protected,hol_pas,holacanthus_passer,1,12.5
gorgona,azufrada,NA,2009,mm_palacios,232,232,60,,2.5,2,,,protected,lut_vir,lutjanus_viridis,19,12.5
gorgona,azufrada,NA,2009,mm_palacios,232,232,60,,2.5,2,,,protected,myr_lei,myripristis_leiognathus,11,12.5
gorgona,azufrada,NA,2009,mm_palacios,232,232,60,,2.5,2,,,protected,aro_mel,arothron_meleagris,1,15
gorgona,azufrada,NA,2009,mm_palacios,232,232,60,,2.5,2,,,protected,lut_vir,lutjanus_viridis,2,15
gorgona,azufrada,NA,2009,mm_palacios,232,232,60,,2.5,2,,,protected,aro_mel,arothron_meleagris,2,20
gorgona,azufrada,NA,2009,mm_palacios,232,232,60,,2.5,2,,,protected,fis_com,fistularia_commersonii,1,35
gorgona,azufrada,NA,2009,cg_munoz,233,233,60,,2.5,2,,,protected,tha_luc,thalassoma_lucasanum,4,5
gorgona,azufrada,NA,2009,cg_munoz,233,233,60,,2.5,2,,,protected,cir_oxy,cirrhitichthys_oxycephalus,7,5
gorgona,azufrada,NA,2009,cg_munoz,233,233,60,,2.5,2,,,protected,hol_pas,holacanthus_passer,7,7.5
gorgona,azufrada,NA,2009,cg_munoz,233,233,60,,2.5,2,,,protected,joh_nig,johnrandallia_nigrirostris,5,7.5
gorgona,azufrada,NA,2009,cg_munoz,233,233,60,,2.5,2,,,protected,pla_aza,plagiotremus_azaleus,1,7.5
gorgona,azufrada,NA,2009,cg_munoz,233,233,60,,2.5,2,,,protected,tha_luc,thalassoma_lucasanum,24,7.5
gorgona,azufrada,NA,2009,cg_munoz,233,233,60,,2.5,2,,,protected,cir_oxy,cirrhitichthys_oxycephalus,36,7.5
gorgona,azufrada,NA,2009,cg_munoz,233,233,60,,2.5,2,,,protected,bod_dip,bodianus_diplotaenia,1,10
gorgona,azufrada,NA,2009,cg_munoz,233,233,60,,2.5,2,,,protected,hae_mac,haemulon_maculicauda,1,10
gorgona,azufrada,NA,2009,cg_munoz,233,233,60,,2.5,2,,,protected,hol_pas,holacanthus_passer,6,10
gorgona,azufrada,NA,2009,cg_munoz,233,233,60,,2.5,2,,,protected,joh_nig,johnrandallia_nigrirostris,4,10
gorgona,azufrada,NA,2009,cg_munoz,233,233,60,,2.5,2,,,protected,sca_gho,scarus_ghobban,1,10
gorgona,azufrada,NA,2009,cg_munoz,233,233,60,,2.5,2,,,protected,sca_rub,scarus_rubroviolaceus,3,10
gorgona,azufrada,NA,2009,cg_munoz,233,233,60,,2.5,2,,,protected,ste_aca,stegastes_acapulcoensis,4,10
gorgona,azufrada,NA,2009,cg_munoz,233,233,60,,2.5,2,,,protected,tha_luc,thalassoma_lucasanum,10,10
gorgona,azufrada,NA,2009,cg_munoz,233,233,60,,2.5,2,,,protected,myr_lei,myripristis_leiognathus,6,10
gorgona,azufrada,NA,2009,cg_munoz,233,233,60,,2.5,2,,,protected,aca_tri,acanthurus_triostegus,2,12.5
gorgona,azufrada,NA,2009,cg_munoz,233,233,60,,2.5,2,,,protected,aca_xan,acanthurus_xanthopterus,1,12.5
gorgona,azufrada,NA,2009,cg_munoz,233,233,60,,2.5,2,,,protected,hol_pas,holacanthus_passer,1,12.5
gorgona,azufrada,NA,2009,cg_munoz,233,233,60,,2.5,2,,,protected,lut_vir,lutjanus_viridis,1,12.5
gorgona,azufrada,NA,2009,cg_munoz,233,233,60,,2.5,2,,,protected,sca_gho,scarus_ghobban,2,12.5
gorgona,azufrada,NA,2009,cg_munoz,233,233,60,,2.5,2,,,protected,sca_rub,scarus_rubroviolaceus,2,12.5
gorgona,azufrada,NA,2009,cg_munoz,233,233,60,,2.5,2,,,protected,ste_aca,stegastes_acapulcoensis,1,12.5
gorgona,azufrada,NA,2009,cg_munoz,233,233,60,,2.5,2,,,protected,suf_ver,sufflamen_verres,2,12.5
gorgona,azufrada,NA,2009,cg_munoz,233,233,60,,2.5,2,,,protected,tha_luc,thalassoma_lucasanum,5,12.5
gorgona,azufrada,NA,2009,cg_munoz,233,233,60,,2.5,2,,,protected,myr_lei,myripristis_leiognathus,7,12.5
gorgona,azufrada,NA,2009,cg_munoz,233,233,60,,2.5,2,,,protected,aro_mel,arothron_meleagris,1,15
gorgona,azufrada,NA,2009,cg_munoz,233,233,60,,2.5,2,,,protected,hol_pas,holacanthus_passer,2,15
gorgona,azufrada,NA,2009,cg_munoz,233,233,60,,2.5,2,,,protected,myr_ber,myripristis_berndti,1,15
gorgona,azufrada,NA,2009,cg_munoz,233,233,60,,2.5,2,,,protected,sca_rub,scarus_rubroviolaceus,1,100
gorgona,azufrada,NA,2009,cg_munoz,234,234,60,,2.5,2,,,protected,cir_oxy,cirrhitichthys_oxycephalus,5,5
gorgona,azufrada,NA,2009,cg_munoz,234,234,60,,2.5,2,,,protected,chr_atr,chromis_atrilobata,20,7.5
gorgona,azufrada,NA,2009,cg_munoz,234,234,60,,2.5,2,,,protected,joh_nig,johnrandallia_nigrirostris,1,7.5
gorgona,azufrada,NA,2009,cg_munoz,234,234,60,,2.5,2,,,protected,suf_ver,sufflamen_verres,1,7.5
gorgona,azufrada,NA,2009,cg_munoz,234,234,60,,2.5,2,,,protected,tha_luc,thalassoma_lucasanum,15,7.5
gorgona,azufrada,NA,2009,cg_munoz,234,234,60,,2.5,2,,,protected,cir_oxy,cirrhitichthys_oxycephalus,37,7.5
gorgona,azufrada,NA,2009,cg_munoz,234,234,60,,2.5,2,,,protected,abu_tro,abudefduf_troschelii,3,10
gorgona,azufrada,NA,2009,cg_munoz,234,234,60,,2.5,2,,,protected,aca_xan,acanthurus_xanthopterus,10,10
gorgona,azufrada,NA,2009,cg_munoz,234,234,60,,2.5,2,,,protected,hol_pas,holacanthus_passer,2,10
gorgona,azufrada,NA,2009,cg_munoz,234,234,60,,2.5,2,,,protected,joh_nig,johnrandallia_nigrirostris,5,10
gorgona,azufrada,NA,2009,cg_munoz,234,234,60,,2.5,2,,,protected,sca_gho,scarus_ghobban,1,10
gorgona,azufrada,NA,2009,cg_munoz,234,234,60,,2.5,2,,,protected,sca_rub,scarus_rubroviolaceus,1,10
gorgona,azufrada,NA,2009,cg_munoz,234,234,60,,2.5,2,,,protected,ste_aca,stegastes_acapulcoensis,3,10
gorgona,azufrada,NA,2009,cg_munoz,234,234,60,,2.5,2,,,protected,suf_ver,sufflamen_verres,1,10
gorgona,azufrada,NA,2009,cg_munoz,234,234,60,,2.5,2,,,protected,tha_luc,thalassoma_lucasanum,10,10
gorgona,azufrada,NA,2009,cg_munoz,234,234,60,,2.5,2,,,protected,myr_lei,myripristis_leiognathus,4,10
gorgona,azufrada,NA,2009,cg_munoz,234,234,60,,2.5,2,,,protected,bod_dip,bodianus_diplotaenia,1,12.5
gorgona,azufrada,NA,2009,cg_munoz,234,234,60,,2.5,2,,,protected,sca_gho,scarus_ghobban,2,12.5
gorgona,azufrada,NA,2009,cg_munoz,234,234,60,,2.5,2,,,protected,myr_lei,myripristis_leiognathus,10,12.5
gorgona,azufrada,NA,2009,cg_munoz,234,234,60,,2.5,2,,,protected,aro_mel,arothron_meleagris,1,15
gorgona,azufrada,NA,2009,cg_munoz,234,234,60,,2.5,2,,,protected,lut_vir,lutjanus_viridis,25,15
gorgona,azufrada,NA,2009,cg_munoz,234,234,60,,2.5,2,,,protected,myr_lei,myripristis_leiognathus,5,15
gorgona,azufrada,NA,2009,cg_munoz,234,234,60,,2.5,2,,,protected,aro_mel,arothron_meleagris,1,25
gorgona,azufrada,NA,2009,fa_zapata,235,235,60,,2.5,2,,,protected,chr_atr,chromis_atrilobata,15,2.5
gorgona,azufrada,NA,2009,fa_zapata,235,235,60,,2.5,2,,,protected,can_pun,canthigaster_punctatissima,2,5
gorgona,azufrada,NA,2009,fa_zapata,235,235,60,,2.5,2,,,protected,chr_atr,chromis_atrilobata,50,5
gorgona,azufrada,NA,2009,fa_zapata,235,235,60,,2.5,2,,,protected,hol_pas,holacanthus_passer,1,5
gorgona,azufrada,NA,2009,fa_zapata,235,235,60,,2.5,2,,,protected,suf_ver,sufflamen_verres,1,5
gorgona,azufrada,NA,2009,fa_zapata,235,235,60,,2.5,2,,,protected,cir_oxy,cirrhitichthys_oxycephalus,48,5
gorgona,azufrada,NA,2009,fa_zapata,235,235,60,,2.5,2,,,protected,can_pun,canthigaster_punctatissima,1,7.5
gorgona,azufrada,NA,2009,fa_zapata,235,235,60,,2.5,2,,,protected,hol_pas,holacanthus_passer,1,7.5
gorgona,azufrada,NA,2009,fa_zapata,235,235,60,,2.5,2,,,protected,joh_nig,johnrandallia_nigrirostris,3,7.5
gorgona,azufrada,NA,2009,fa_zapata,235,235,60,,2.5,2,,,protected,tha_luc,thalassoma_lucasanum,4,7.5
gorgona,azufrada,NA,2009,fa_zapata,235,235,60,,2.5,2,,,protected,hol_pas,holacanthus_passer,2,10
gorgona,azufrada,NA,2009,fa_zapata,235,235,60,,2.5,2,,,protected,joh_nig,johnrandallia_nigrirostris,4,10
gorgona,azufrada,NA,2009,fa_zapata,235,235,60,,2.5,2,,,protected,tha_luc,thalassoma_lucasanum,11,10
gorgona,azufrada,NA,2009,fa_zapata,235,235,60,,2.5,2,,,protected,sca_gho,scarus_ghobban,1,12.5
gorgona,azufrada,NA,2009,fa_zapata,235,235,60,,2.5,2,,,protected,abu_tro,abudefduf_troschelii,3,15
gorgona,azufrada,NA,2009,fa_zapata,235,235,60,,2.5,2,,,protected,bod_dip,bodianus_diplotaenia,1,15
gorgona,azufrada,NA,2009,fa_zapata,235,235,60,,2.5,2,,,protected,hol_pas,holacanthus_passer,2,15
gorgona,azufrada,NA,2009,fa_zapata,235,235,60,,2.5,2,,,protected,myr_lei,myripristis_leiognathus,4,15
gorgona,azufrada,NA,2009,fa_zapata,235,235,60,,2.5,2,,,protected,aca_xan,acanthurus_xanthopterus,1,20
gorgona,azufrada,NA,2009,fa_zapata,235,235,60,,2.5,2,,,protected,aro_mel,arothron_meleagris,1,20
gorgona,azufrada,NA,2009,fa_zapata,235,235,60,,2.5,2,,,protected,lut_vir,lutjanus_viridis,39,20
gorgona,azufrada,NA,2009,fa_zapata,235,235,60,,2.5,2,,,protected,sca_gho,scarus_ghobban,6,20
gorgona,azufrada,NA,2009,fa_zapata,235,235,60,,2.5,2,,,protected,sca_rub,scarus_rubroviolaceus,1,20
gorgona,azufrada,NA,2009,fa_zapata,235,235,60,,2.5,2,,,protected,aro_mel,arothron_meleagris,5,25
gorgona,azufrada,NA,2009,fa_zapata,235,235,60,,2.5,2,,,protected,cep_pan,cephalopholis_panamensis,1,25
gorgona,azufrada,NA,2009,fa_zapata,235,235,60,,2.5,2,,,protected,fis_com,fistularia_commersonii,1,25
gorgona,azufrada,NA,2009,fa_zapata,235,235,60,,2.5,2,,,protected,sca_gho,scarus_ghobban,1,25
gorgona,azufrada,NA,2009,fa_zapata,235,235,60,,2.5,2,,,protected,str_sca,strongylura_scapularis,5,40
gorgona,azufrada,NA,2009,fa_zapata,236,236,60,,2.5,2,,,protected,chr_atr,chromis_atrilobata,41,5
gorgona,azufrada,NA,2009,fa_zapata,236,236,60,,2.5,2,,,protected,cir_oxy,cirrhitichthys_oxycephalus,24,5
gorgona,azufrada,NA,2009,fa_zapata,236,236,60,,2.5,2,,,protected,aca_tri,acanthurus_triostegus,20,7.5
gorgona,azufrada,NA,2009,fa_zapata,236,236,60,,2.5,2,,,protected,aca_tri,acanthurus_triostegus,25,10
gorgona,azufrada,NA,2009,fa_zapata,236,236,60,,2.5,2,,,protected,hol_pas,holacanthus_passer,3,10
gorgona,azufrada,NA,2009,fa_zapata,236,236,60,,2.5,2,,,protected,tha_luc,thalassoma_lucasanum,23,10
gorgona,azufrada,NA,2009,fa_zapata,236,236,60,,2.5,2,,,protected,aca_tri,acanthurus_triostegus,33,12.5
gorgona,azufrada,NA,2009,fa_zapata,236,236,60,,2.5,2,,,protected,joh_nig,johnrandallia_nigrirostris,2,12.5
gorgona,azufrada,NA,2009,fa_zapata,236,236,60,,2.5,2,,,protected,suf_ver,sufflamen_verres,1,12.5
gorgona,azufrada,NA,2009,fa_zapata,236,236,60,,2.5,2,,,protected,tha_luc,thalassoma_lucasanum,1,12.5
gorgona,azufrada,NA,2009,fa_zapata,236,236,60,,2.5,2,,,protected,myr_lei,myripristis_leiognathus,6,12.5
gorgona,azufrada,NA,2009,fa_zapata,236,236,60,,2.5,2,,,protected,aca_tri,acanthurus_triostegus,27,15
gorgona,azufrada,NA,2009,fa_zapata,236,236,60,,2.5,2,,,protected,aca_xan,acanthurus_xanthopterus,7,15
gorgona,azufrada,NA,2009,fa_zapata,236,236,60,,2.5,2,,,protected,hol_pas,holacanthus_passer,3,15
gorgona,azufrada,NA,2009,fa_zapata,236,236,60,,2.5,2,,,protected,sca_gho,scarus_ghobban,12,15
gorgona,azufrada,NA,2009,fa_zapata,236,236,60,,2.5,2,,,protected,suf_ver,sufflamen_verres,1,15
gorgona,azufrada,NA,2009,fa_zapata,236,236,60,,2.5,2,,,protected,aca_tri,acanthurus_triostegus,25,20
gorgona,azufrada,NA,2009,fa_zapata,236,236,60,,2.5,2,,,protected,aro_mel,arothron_meleagris,1,20
gorgona,azufrada,NA,2009,fa_zapata,236,236,60,,2.5,2,,,protected,lut_vir,lutjanus_viridis,9,20
gorgona,azufrada,NA,2009,fa_zapata,236,236,60,,2.5,2,,,protected,sca_gho,scarus_ghobban,14,20
gorgona,azufrada,NA,2009,fa_zapata,236,236,60,,2.5,2,,,protected,sca_rub,scarus_rubroviolaceus,1,20
gorgona,azufrada,NA,2009,fa_zapata,236,236,60,,2.5,2,,,protected,aca_xan,acanthurus_xanthopterus,1,25
gorgona,azufrada,NA,2009,fa_zapata,236,236,60,,2.5,2,,,protected,aro_mel,arothron_meleagris,1,25
gorgona,azufrada,NA,2009,fa_zapata,236,236,60,,2.5,2,,,protected,sca_rub,scarus_rubroviolaceus,1,30
gorgona,azufrada,NA,2009,fa_zapata,236,236,60,,2.5,2,,,protected,car_mel,caranx_melampygus,1,40
gorgona,azufrada,NA,2009,fa_zapata,236,236,60,,2.5,2,,,protected,sca_rub,scarus_rubroviolaceus,1,50
gorgona,azufrada,NA,2006,a_alzate,237,237,60,,4,2,,,protected,abu_tro,abudefduf_troschelii,7,7.5
gorgona,azufrada,NA,2006,a_alzate,237,237,60,,4,2,,,protected,bod_dip,bodianus_diplotaenia,1,2.5
gorgona,azufrada,NA,2006,a_alzate,237,237,60,,4,2,,,protected,can_pun,canthigaster_punctatissima,1,2.5
gorgona,azufrada,NA,2006,a_alzate,237,237,60,,4,2,,,protected,fis_com,fistularia_commersonii,1,17.5
gorgona,azufrada,NA,2006,a_alzate,237,237,60,,4,2,,,protected,fis_com,fistularia_commersonii,1,22.5
gorgona,azufrada,NA,2006,a_alzate,237,237,60,,4,2,,,protected,hol_pas,holacanthus_passer,1,2.5
gorgona,azufrada,NA,2006,a_alzate,237,237,60,,4,2,,,protected,hol_pas,holacanthus_passer,2,7.5
gorgona,azufrada,NA,2006,a_alzate,237,237,60,,4,2,,,protected,myr_lei,myripristis_leiognathus,1,12.5
gorgona,azufrada,NA,2006,a_alzate,237,237,60,,4,2,,,protected,myr_lei,myripristis_leiognathus,1,17.5
gorgona,azufrada,NA,2006,a_alzate,237,237,60,,4,2,,,protected,oph_ste,ophioblennius_steindachneri,1,12.5
gorgona,azufrada,NA,2006,a_alzate,237,237,60,,4,2,,,protected,par_col,paranthias_colonus,2,7.5
gorgona,azufrada,NA,2006,a_alzate,237,237,60,,4,2,,,protected,pla_aza,plagiotremus_azaleus,1,7.5
gorgona,azufrada,NA,2006,a_alzate,237,237,60,,4,2,,,protected,pse_nau,pseudobalistes_naufragium,1,22.5
gorgona,azufrada,NA,2006,a_alzate,237,237,60,,4,2,,,protected,ste_aca,stegastes_acapulcoensis,3,7.5
gorgona,azufrada,NA,2006,a_alzate,237,237,60,,4,2,,,protected,ste_aca,stegastes_acapulcoensis,1,12.5
gorgona,azufrada,NA,2006,a_alzate,237,237,60,,4,2,,,protected,tha_luc,thalassoma_lucasanum,35,2.5
gorgona,azufrada,NA,2006,a_alzate,237,237,60,,4,2,,,protected,tha_luc,thalassoma_lucasanum,11,7.5
gorgona,azufrada,NA,2006,a_alzate,237,237,60,,4,2,,,protected,tha_luc,thalassoma_lucasanum,3,12.5
gorgona,azufrada,NA,2006,a_alzate,238,238,60,,4,2,,,protected,abu_tro,abudefduf_troschelii,14,7.5
gorgona,azufrada,NA,2006,a_alzate,238,238,60,,4,2,,,protected,abu_tro,abudefduf_troschelii,10,12.5
gorgona,azufrada,NA,2006,a_alzate,238,238,60,,4,2,,,protected,abu_tro,abudefduf_troschelii,3,17.5
gorgona,azufrada,NA,2006,a_alzate,238,238,60,,4,2,,,protected,aca_xan,acanthurus_xanthopterus,2,22.5
gorgona,azufrada,NA,2006,a_alzate,238,238,60,,4,2,,,protected,aca_xan,acanthurus_xanthopterus,1,27.5
gorgona,azufrada,NA,2006,a_alzate,238,238,60,,4,2,,,protected,apo_pac,apogon_pacificus,5,2.5
gorgona,azufrada,NA,2006,a_alzate,238,238,60,,4,2,,,protected,aro_mel,arothron_meleagris,3,22.5
gorgona,azufrada,NA,2006,a_alzate,238,238,60,,4,2,,,protected,aul_chi,aulostomus_chinensis,2,17.5
gorgona,azufrada,NA,2006,a_alzate,238,238,60,,4,2,,,protected,bod_dip,bodianus_diplotaenia,1,17.5
gorgona,azufrada,NA,2006,a_alzate,238,238,60,,4,2,,,protected,bod_dip,bodianus_diplotaenia,2,22.5
gorgona,azufrada,NA,2006,a_alzate,238,238,60,,4,2,,,protected,can_pun,canthigaster_punctatissima,6,2.5
gorgona,azufrada,NA,2006,a_alzate,238,238,60,,4,2,,,protected,car_mel,caranx_melampygus,1,37.5
gorgona,azufrada,NA,2006,a_alzate,238,238,60,,4,2,,,protected,car_mel,caranx_melampygus,1,42.5
gorgona,azufrada,NA,2006,a_alzate,238,238,60,,4,2,,,protected,cep_pan,cephalopholis_panamensis,3,12.5
gorgona,azufrada,NA,2006,a_alzate,238,238,60,,4,2,,,protected,cep_pan,cephalopholis_panamensis,1,17.5
gorgona,azufrada,NA,2006,a_alzate,238,238,60,,4,2,,,protected,cep_pan,cephalopholis_panamensis,1,22.5
gorgona,azufrada,NA,2006,a_alzate,238,238,60,,4,2,,,protected,chr_atr,chromis_atrilobata,70,7.5
gorgona,azufrada,NA,2006,a_alzate,238,238,60,,4,2,,,protected,cir_oxy,cirrhitichthys_oxycephalus,16,2.5
gorgona,azufrada,NA,2006,a_alzate,238,238,60,,4,2,,,protected,dor_exy,doryrhamphus_excisus_excisus,3,2.5
gorgona,azufrada,NA,2006,a_alzate,238,238,60,,4,2,,,protected,epi_lab,epinephelus_labriformis,1,22.5
gorgona,azufrada,NA,2006,a_alzate,238,238,60,,4,2,,,protected,fis_com,fistularia_commersonii,1,32.5
gorgona,azufrada,NA,2006,a_alzate,238,238,60,,4,2,,,protected,hae_mac,haemulon_maculicauda,19,12.5
gorgona,azufrada,NA,2006,a_alzate,238,238,60,,4,2,,,protected,hae_mac,haemulon_maculicauda,17,17.5
gorgona,azufrada,NA,2006,a_alzate,238,238,60,,4,2,,,protected,hal_nic,halichoeres_nicholsi,1,17.5
gorgona,azufrada,NA,2006,a_alzate,238,238,60,,4,2,,,protected,hol_pas,holacanthus_passer,1,2.5
gorgona,azufrada,NA,2006,a_alzate,238,238,60,,4,2,,,protected,hol_pas,holacanthus_passer,1,12.5
gorgona,azufrada,NA,2006,a_alzate,238,238,60,,4,2,,,protected,hol_pas,holacanthus_passer,2,17.5
gorgona,azufrada,NA,2006,a_alzate,238,238,60,,4,2,,,protected,hol_pas,holacanthus_passer,1,22.5
gorgona,azufrada,NA,2006,a_alzate,238,238,60,,4,2,,,protected,joh_nig,johnrandallia_nigrirostris,1,2.5
gorgona,azufrada,NA,2006,a_alzate,238,238,60,,4,2,,,protected,joh_nig,johnrandallia_nigrirostris,1,7.5
gorgona,azufrada,NA,2006,a_alzate,238,238,60,,4,2,,,protected,joh_nig,johnrandallia_nigrirostris,3,12.5
gorgona,azufrada,NA,2006,a_alzate,238,238,60,,4,2,,,protected,lut_vir,lutjanus_viridis,22,22.5
gorgona,azufrada,NA,2006,a_alzate,238,238,60,,4,2,,,protected,mul_den,mulloidichthys_dentatus,12,17.5
gorgona,azufrada,NA,2006,a_alzate,238,238,60,,4,2,,,protected,mul_den,mulloidichthys_dentatus,3,22.5
gorgona,azufrada,NA,2006,a_alzate,238,238,60,,4,2,,,protected,myr_lei,myripristis_leiognathus,1,7.5
gorgona,azufrada,NA,2006,a_alzate,238,238,60,,4,2,,,protected,myr_lei,myripristis_leiognathus,7,12.5
gorgona,azufrada,NA,2006,a_alzate,238,238,60,,4,2,,,protected,myr_ber,myripristis_berndti,2,22.5
gorgona,azufrada,NA,2006,a_alzate,238,238,60,,4,2,,,protected,myr_ber,myripristis_berndti,1,27.5
gorgona,azufrada,NA,2006,a_alzate,238,238,60,,4,2,,,protected,nov_tae,novaculichthys_taeniourus,1,27.5
gorgona,azufrada,NA,2006,a_alzate,238,238,60,,4,2,,,protected,par_col,paranthias_colonus,21,7.5
gorgona,azufrada,NA,2006,a_alzate,238,238,60,,4,2,,,protected,par_col,paranthias_colonus,9,17.5
gorgona,azufrada,NA,2006,a_alzate,238,238,60,,4,2,,,protected,par_col,paranthias_colonus,2,22.5
gorgona,azufrada,NA,2006,a_alzate,238,238,60,,4,2,,,protected,sar_sub,sargocentron_suborbitalis,1,17.5
gorgona,azufrada,NA,2006,a_alzate,238,238,60,,4,2,,,protected,sca_gho,scarus_ghobban,1,7.5
gorgona,azufrada,NA,2006,a_alzate,238,238,60,,4,2,,,protected,sca_gho,scarus_ghobban,4,17.5
gorgona,azufrada,NA,2006,a_alzate,238,238,60,,4,2,,,protected,sca_rub,scarus_rubroviolaceus,1,52.5
gorgona,azufrada,NA,2006,a_alzate,238,238,60,,4,2,,,protected,ste_aca,stegastes_acapulcoensis,2,2.5
gorgona,azufrada,NA,2006,a_alzate,238,238,60,,4,2,,,protected,ste_aca,stegastes_acapulcoensis,1,7.5
gorgona,azufrada,NA,2006,a_alzate,238,238,60,,4,2,,,protected,ste_aca,stegastes_acapulcoensis,3,17.5
gorgona,azufrada,NA,2006,a_alzate,238,238,60,,4,2,,,protected,suf_ver,sufflamen_verres,1,12.5
gorgona,azufrada,NA,2006,a_alzate,238,238,60,,4,2,,,protected,suf_ver,sufflamen_verres,1,17.5
gorgona,azufrada,NA,2006,a_alzate,238,238,60,,4,2,,,protected,tha_luc,thalassoma_lucasanum,10,2.5
gorgona,azufrada,NA,2006,a_alzate,238,238,60,,4,2,,,protected,tha_luc,thalassoma_lucasanum,5,7.5
gorgona,azufrada,NA,2006,a_alzate,238,238,60,,4,2,,,protected,tha_gra,thalassoma_grammaticum,1,22.5
gorgona,azufrada,NA,2006,a_alzate,239,239,60,,4,2,,,protected,can_pun,canthigaster_punctatissima,1,2.5
gorgona,azufrada,NA,2006,a_alzate,239,239,60,,4,2,,,protected,cir_oxy,cirrhitichthys_oxycephalus,10,2.5
gorgona,azufrada,NA,2006,a_alzate,239,239,60,,4,2,,,protected,fis_com,fistularia_commersonii,2,12.5
gorgona,azufrada,NA,2006,a_alzate,239,239,60,,4,2,,,protected,fis_com,fistularia_commersonii,1,17.5
gorgona,azufrada,NA,2006,a_alzate,239,239,60,,4,2,,,protected,fis_com,fistularia_commersonii,1,22.5
gorgona,azufrada,NA,2006,a_alzate,239,239,60,,4,2,,,protected,fis_com,fistularia_commersonii,1,32.5
gorgona,azufrada,NA,2006,a_alzate,239,239,60,,4,2,,,protected,hol_pas,holacanthus_passer,1,7.5
gorgona,azufrada,NA,2006,a_alzate,239,239,60,,4,2,,,protected,joh_nig,johnrandallia_nigrirostris,6,7.5
gorgona,azufrada,NA,2006,a_alzate,239,239,60,,4,2,,,protected,joh_nig,johnrandallia_nigrirostris,1,12.5
gorgona,azufrada,NA,2006,a_alzate,239,239,60,,4,2,,,protected,oph_ste,ophioblennius_steindachneri,3,7.5
gorgona,azufrada,NA,2006,a_alzate,239,239,60,,4,2,,,protected,par_col,paranthias_colonus,2,7.5
gorgona,azufrada,NA,2006,a_alzate,239,239,60,,4,2,,,protected,sca_gho,scarus_ghobban,1,12.5
gorgona,azufrada,NA,2006,a_alzate,239,239,60,,4,2,,,protected,ste_aca,stegastes_acapulcoensis,4,7.5
gorgona,azufrada,NA,2006,a_alzate,239,239,60,,4,2,,,protected,suf_ver,sufflamen_verres,1,7.5
gorgona,azufrada,NA,2006,a_alzate,239,239,60,,4,2,,,protected,tha_luc,thalassoma_lucasanum,11,2.5
gorgona,azufrada,NA,2006,a_alzate,239,239,60,,4,2,,,protected,tha_luc,thalassoma_lucasanum,6,7.5
gorgona,azufrada,NA,2006,a_alzate,240,240,60,,4,2,,,protected,aro_mel,arothron_meleagris,1,17.5
gorgona,azufrada,NA,2006,a_alzate,240,240,60,,4,2,,,protected,can_pun,canthigaster_punctatissima,1,2.5
gorgona,azufrada,NA,2006,a_alzate,240,240,60,,4,2,,,protected,chr_atr,chromis_atrilobata,1,2.5
gorgona,azufrada,NA,2006,a_alzate,240,240,60,,4,2,,,protected,epi_lab,epinephelus_labriformis,1,17.5
gorgona,azufrada,NA,2006,a_alzate,240,240,60,,4,2,,,protected,hol_pas,holacanthus_passer,2,7.5
gorgona,azufrada,NA,2006,a_alzate,240,240,60,,4,2,,,protected,ste_aca,stegastes_acapulcoensis,1,2.5
gorgona,azufrada,NA,2006,a_alzate,240,240,60,,4,2,,,protected,ste_aca,stegastes_acapulcoensis,14,7.5
gorgona,azufrada,NA,2006,a_alzate,240,240,60,,4,2,,,protected,ste_aca,stegastes_acapulcoensis,1,12.5
gorgona,azufrada,NA,2006,a_alzate,240,240,60,,4,2,,,protected,ste_arc,stegastes_arcifrons,1,7.5
gorgona,azufrada,NA,2006,a_alzate,240,240,60,,4,2,,,protected,suf_ver,sufflamen_verres,2,7.5
gorgona,azufrada,NA,2006,a_alzate,240,240,60,,4,2,,,protected,tha_luc,thalassoma_lucasanum,29,2.5
gorgona,azufrada,NA,2006,a_alzate,240,240,60,,4,2,,,protected,tha_luc,thalassoma_lucasanum,7,7.5
gorgona,azufrada,NA,2006,a_alzate,241,241,60,,4,2,,,protected,abu_tro,abudefduf_troschelii,6,2.5
gorgona,azufrada,NA,2006,a_alzate,241,241,60,,4,2,,,protected,aca_nig,acanthurus_nigricans,1,7.5
gorgona,azufrada,NA,2006,a_alzate,241,241,60,,4,2,,,protected,aca_xan,acanthurus_xanthopterus,1,17.5
gorgona,azufrada,NA,2006,a_alzate,241,241,60,,4,2,,,protected,bod_dip,bodianus_diplotaenia,1,7.5
gorgona,azufrada,NA,2006,a_alzate,241,241,60,,4,2,,,protected,bod_dip,bodianus_diplotaenia,1,17.5
gorgona,azufrada,NA,2006,a_alzate,241,241,60,,4,2,,,protected,can_pun,canthigaster_punctatissima,1,2.5
gorgona,azufrada,NA,2006,a_alzate,241,241,60,,4,2,,,protected,cep_pan,cephalopholis_panamensis,4,17.5
gorgona,azufrada,NA,2006,a_alzate,241,241,60,,4,2,,,protected,cir_oxy,cirrhitichthys_oxycephalus,13,2.5
gorgona,azufrada,NA,2006,a_alzate,241,241,60,,4,2,,,protected,cir_oxy,cirrhitichthys_oxycephalus,3,7.5
gorgona,azufrada,NA,2006,a_alzate,241,241,60,,4,2,,,protected,cte_mar,ctenochaetus_marginatus,1,2.5
gorgona,azufrada,NA,2006,a_alzate,241,241,60,,4,2,,,protected,fis_com,fistularia_commersonii,1,27.5
gorgona,azufrada,NA,2006,a_alzate,241,241,60,,4,2,,,protected,hol_pas,holacanthus_passer,3,7.5
gorgona,azufrada,NA,2006,a_alzate,241,241,60,,4,2,,,protected,hol_pas,holacanthus_passer,5,12.5
gorgona,azufrada,NA,2006,a_alzate,241,241,60,,4,2,,,protected,joh_nig,johnrandallia_nigrirostris,3,12.5
gorgona,azufrada,NA,2006,a_alzate,241,241,60,,4,2,,,protected,lut_vir,lutjanus_viridis,4,12.5
gorgona,azufrada,NA,2006,a_alzate,241,241,60,,4,2,,,protected,lut_vir,lutjanus_viridis,2,17.5
gorgona,azufrada,NA,2006,a_alzate,241,241,60,,4,2,,,protected,lut_vir,lutjanus_viridis,28,22.5
gorgona,azufrada,NA,2006,a_alzate,241,241,60,,4,2,,,protected,myr_lei,myripristis_leiognathus,1,12.5
gorgona,azufrada,NA,2006,a_alzate,241,241,60,,4,2,,,protected,oph_ste,ophioblennius_steindachneri,1,7.5
gorgona,azufrada,NA,2006,a_alzate,241,241,60,,4,2,,,protected,oph_ste,ophioblennius_steindachneri,2,12.5
gorgona,azufrada,NA,2006,a_alzate,241,241,60,,4,2,,,protected,ost_mel,ostracion_meleagris,1,2.5
gorgona,azufrada,NA,2006,a_alzate,241,241,60,,4,2,,,protected,sca_gho,scarus_ghobban,1,27.5
gorgona,azufrada,NA,2006,a_alzate,241,241,60,,4,2,,,protected,ste_fla,stegastes_flavilatus,1,7.5
gorgona,azufrada,NA,2006,a_alzate,241,241,60,,4,2,,,protected,ste_aca,stegastes_acapulcoensis,3,7.5
gorgona,azufrada,NA,2006,a_alzate,241,241,60,,4,2,,,protected,ste_aca,stegastes_acapulcoensis,7,12.5
gorgona,azufrada,NA,2006,a_alzate,241,241,60,,4,2,,,protected,ste_arc,stegastes_arcifrons,1,12.5
gorgona,azufrada,NA,2006,a_alzate,241,241,60,,4,2,,,protected,suf_ver,sufflamen_verres,1,7.5
gorgona,azufrada,NA,2006,a_alzate,241,241,60,,4,2,,,protected,suf_ver,sufflamen_verres,1,17.5
gorgona,azufrada,NA,2006,a_alzate,241,241,60,,4,2,,,protected,tha_luc,thalassoma_lucasanum,5,2.5
gorgona,azufrada,NA,2006,a_alzate,241,241,60,,4,2,,,protected,tha_luc,thalassoma_lucasanum,47,7.5
gorgona,azufrada,NA,2006,a_alzate,241,241,60,,4,2,,,protected,tha_luc,thalassoma_lucasanum,3,12.5
gorgona,azufrada,NA,2006,a_alzate,241,241,60,,4,2,,,protected,tha_luc,thalassoma_lucasanum,1,17.5
gorgona,azufrada,NA,2006,a_alzate,242,242,60,,4,2,,,protected,abu_tro,abudefduf_troschelii,2,7.5
gorgona,azufrada,NA,2006,a_alzate,242,242,60,,4,2,,,protected,bod_dip,bodianus_diplotaenia,1,17.5
gorgona,azufrada,NA,2006,a_alzate,242,242,60,,4,2,,,protected,cep_pan,cephalopholis_panamensis,1,17.5
gorgona,azufrada,NA,2006,a_alzate,242,242,60,,4,2,,,protected,cir_oxy,cirrhitichthys_oxycephalus,20,2.5
gorgona,azufrada,NA,2006,a_alzate,242,242,60,,4,2,,,protected,fis_com,fistularia_commersonii,3,42.5
gorgona,azufrada,NA,2006,a_alzate,242,242,60,,4,2,,,protected,fis_com,fistularia_commersonii,2,52.5
gorgona,azufrada,NA,2006,a_alzate,242,242,60,,4,2,,,protected,hol_pas,holacanthus_passer,2,7.5
gorgona,azufrada,NA,2006,a_alzate,242,242,60,,4,2,,,protected,joh_nig,johnrandallia_nigrirostris,1,7.5
gorgona,azufrada,NA,2006,a_alzate,242,242,60,,4,2,,,protected,lut_vir,lutjanus_viridis,11,7.5
gorgona,azufrada,NA,2006,a_alzate,242,242,60,,4,2,,,protected,lut_vir,lutjanus_viridis,3,17.5
gorgona,azufrada,NA,2006,a_alzate,242,242,60,,4,2,,,protected,myr_ber,myripristis_berndti,1,17.5
gorgona,azufrada,NA,2006,a_alzate,242,242,60,,4,2,,,protected,nov_tae,novaculichthys_taeniourus,1,17.5
gorgona,azufrada,NA,2006,a_alzate,242,242,60,,4,2,,,protected,oph_ste,ophioblennius_steindachneri,1,7.5
gorgona,azufrada,NA,2006,a_alzate,242,242,60,,4,2,,,protected,par_col,paranthias_colonus,16,7.5
gorgona,azufrada,NA,2006,a_alzate,242,242,60,,4,2,,,protected,sar_sub,sargocentron_suborbitalis,1,12.5
gorgona,azufrada,NA,2006,a_alzate,242,242,60,,4,2,,,protected,ste_aca,stegastes_acapulcoensis,6,7.5
gorgona,azufrada,NA,2006,a_alzate,242,242,60,,4,2,,,protected,ste_aca,stegastes_acapulcoensis,3,12.5
gorgona,azufrada,NA,2006,a_alzate,242,242,60,,4,2,,,protected,tha_luc,thalassoma_lucasanum,15,2.5
gorgona,azufrada,NA,2006,a_alzate,242,242,60,,4,2,,,protected,tha_luc,thalassoma_lucasanum,4,7.5
gorgona,azufrada,NA,2006,a_alzate,242,242,60,,4,2,,,protected,tha_luc,thalassoma_lucasanum,1,12.5
gorgona,azufrada,NA,2006,a_alzate,243,243,60,,4,2,,,protected,aro_mel,arothron_meleagris,1,22.5
gorgona,azufrada,NA,2006,a_alzate,243,243,60,,4,2,,,protected,can_pun,canthigaster_punctatissima,4,2.5
gorgona,azufrada,NA,2006,a_alzate,243,243,60,,4,2,,,protected,can_pun,canthigaster_punctatissima,1,7.5
gorgona,azufrada,NA,2006,a_alzate,243,243,60,,4,2,,,protected,cir_oxy,cirrhitichthys_oxycephalus,17,2.5
gorgona,azufrada,NA,2006,a_alzate,243,243,60,,4,2,,,protected,fis_com,fistularia_commersonii,1,17.5
gorgona,azufrada,NA,2006,a_alzate,243,243,60,,4,2,,,protected,fis_com,fistularia_commersonii,1,22.5
gorgona,azufrada,NA,2006,a_alzate,243,243,60,,4,2,,,protected,fis_com,fistularia_commersonii,1,32.5
gorgona,azufrada,NA,2006,a_alzate,243,243,60,,4,2,,,protected,fis_com,fistularia_commersonii,1,47.5
gorgona,azufrada,NA,2006,a_alzate,243,243,60,,4,2,,,protected,joh_nig,johnrandallia_nigrirostris,1,2.5
gorgona,azufrada,NA,2006,a_alzate,243,243,60,,4,2,,,protected,lut_vir,lutjanus_viridis,1,17.5
gorgona,azufrada,NA,2006,a_alzate,243,243,60,,4,2,,,protected,lut_vir,lutjanus_viridis,3,22.5
gorgona,azufrada,NA,2006,a_alzate,243,243,60,,4,2,,,protected,lut_vir,lutjanus_viridis,1,27.5
gorgona,azufrada,NA,2006,a_alzate,243,243,60,,4,2,,,protected,sar_sub,sargocentron_suborbitalis,1,17.5
gorgona,azufrada,NA,2006,a_alzate,243,243,60,,4,2,,,protected,ste_aca,stegastes_acapulcoensis,1,2.5
gorgona,azufrada,NA,2006,a_alzate,243,243,60,,4,2,,,protected,ste_aca,stegastes_acapulcoensis,3,7.5
gorgona,azufrada,NA,2006,a_alzate,243,243,60,,4,2,,,protected,ste_aca,stegastes_acapulcoensis,5,12.5
gorgona,azufrada,NA,2006,a_alzate,243,243,60,,4,2,,,protected,suf_ver,sufflamen_verres,1,2.5
gorgona,azufrada,NA,2006,a_alzate,243,243,60,,4,2,,,protected,tha_luc,thalassoma_lucasanum,4,2.5
gorgona,azufrada,NA,2006,a_alzate,243,243,60,,4,2,,,protected,tha_luc,thalassoma_lucasanum,10,7.5
gorgona,azufrada,NA,2006,a_alzate,243,243,60,,4,2,,,protected,tha_luc,thalassoma_lucasanum,3,12.5
gorgona,azufrada,NA,2006,a_alzate,244,244,60,,4,2,,,protected,aro_mel,arothron_meleagris,2,27.5
gorgona,azufrada,NA,2006,a_alzate,244,244,60,,4,2,,,protected,bod_dip,bodianus_diplotaenia,1,17.5
gorgona,azufrada,NA,2006,a_alzate,244,244,60,,4,2,,,protected,can_pun,canthigaster_punctatissima,2,2.5
gorgona,azufrada,NA,2006,a_alzate,244,244,60,,4,2,,,protected,can_pun,canthigaster_punctatissima,1,7.5
gorgona,azufrada,NA,2006,a_alzate,244,244,60,,4,2,,,protected,cir_oxy,cirrhitichthys_oxycephalus,22,2.5
gorgona,azufrada,NA,2006,a_alzate,244,244,60,,4,2,,,protected,fis_com,fistularia_commersonii,1,22.5
gorgona,azufrada,NA,2006,a_alzate,244,244,60,,4,2,,,protected,fis_com,fistularia_commersonii,1,32.5
gorgona,azufrada,NA,2006,a_alzate,244,244,60,,4,2,,,protected,hol_pas,holacanthus_passer,1,7.5
gorgona,azufrada,NA,2006,a_alzate,244,244,60,,4,2,,,protected,hol_pas,holacanthus_passer,1,12.5
gorgona,azufrada,NA,2006,a_alzate,244,244,60,,4,2,,,protected,sar_sub,sargocentron_suborbitalis,1,22.5
gorgona,azufrada,NA,2006,a_alzate,244,244,60,,4,2,,,protected,ste_aca,stegastes_acapulcoensis,1,2.5
gorgona,azufrada,NA,2006,a_alzate,244,244,60,,4,2,,,protected,ste_aca,stegastes_acapulcoensis,2,7.5
gorgona,azufrada,NA,2006,a_alzate,244,244,60,,4,2,,,protected,ste_aca,stegastes_acapulcoensis,5,12.5
gorgona,azufrada,NA,2006,a_alzate,244,244,60,,4,2,,,protected,suf_ver,sufflamen_verres,2,2.5
gorgona,azufrada,NA,2006,a_alzate,244,244,60,,4,2,,,protected,tha_luc,thalassoma_lucasanum,10,2.5
gorgona,azufrada,NA,2006,a_alzate,244,244,60,,4,2,,,protected,tha_luc,thalassoma_lucasanum,12,7.5
gorgona,azufrada,NA,2006,a_alzate,244,244,60,,4,2,,,protected,tha_luc,thalassoma_lucasanum,1,12.5
gorgona,azufrada,NA,2006,a_alzate,245,245,60,,4,2,,,protected,abu_tro,abudefduf_troschelii,16,7.5
gorgona,azufrada,NA,2006,a_alzate,245,245,60,,4,2,,,protected,abu_tro,abudefduf_troschelii,1,12.5
gorgona,azufrada,NA,2006,a_alzate,245,245,60,,4,2,,,protected,aro_mel,arothron_meleagris,1,12.5
gorgona,azufrada,NA,2006,a_alzate,245,245,60,,4,2,,,protected,aro_mel,arothron_meleagris,1,27.5
gorgona,azufrada,NA,2006,a_alzate,245,245,60,,4,2,,,protected,can_pun,canthigaster_punctatissima,2,2.5
gorgona,azufrada,NA,2006,a_alzate,245,245,60,,4,2,,,protected,car_mel,caranx_melampygus,1,52.5
gorgona,azufrada,NA,2006,a_alzate,245,245,60,,4,2,,,protected,cep_pan,cephalopholis_panamensis,1,12.5
gorgona,azufrada,NA,2006,a_alzate,245,245,60,,4,2,,,protected,joh_nig,johnrandallia_nigrirostris,2,7.5
gorgona,azufrada,NA,2006,a_alzate,245,245,60,,4,2,,,protected,lut_vir,lutjanus_viridis,9,7.5
gorgona,azufrada,NA,2006,a_alzate,245,245,60,,4,2,,,protected,lut_vir,lutjanus_viridis,10,17.5
gorgona,azufrada,NA,2006,a_alzate,245,245,60,,4,2,,,protected,oph_ste,ophioblennius_steindachneri,1,7.5
gorgona,azufrada,NA,2006,a_alzate,245,245,60,,4,2,,,protected,par_col,paranthias_colonus,65,7.5
gorgona,azufrada,NA,2006,a_alzate,245,245,60,,4,2,,,protected,suf_ver,sufflamen_verres,1,2.5
gorgona,azufrada,NA,2006,a_alzate,246,246,60,,4,2,,,protected,abu_tro,abudefduf_troschelii,6,7.5
gorgona,azufrada,NA,2006,a_alzate,246,246,60,,4,2,,,protected,aro_mel,arothron_meleagris,1,17.5
gorgona,azufrada,NA,2006,a_alzate,246,246,60,,4,2,,,protected,aul_chi,aulostomus_chinensis,1,22.5
gorgona,azufrada,NA,2006,a_alzate,246,246,60,,4,2,,,protected,bod_dip,bodianus_diplotaenia,1,2.5
gorgona,azufrada,NA,2006,a_alzate,246,246,60,,4,2,,,protected,bod_dip,bodianus_diplotaenia,2,7.5
gorgona,azufrada,NA,2006,a_alzate,246,246,60,,4,2,,,protected,bod_dip,bodianus_diplotaenia,2,12.5
gorgona,azufrada,NA,2006,a_alzate,246,246,60,,4,2,,,protected,can_pun,canthigaster_punctatissima,1,2.5
gorgona,azufrada,NA,2006,a_alzate,246,246,60,,4,2,,,protected,cep_pan,cephalopholis_panamensis,1,12.5
gorgona,azufrada,NA,2006,a_alzate,246,246,60,,4,2,,,protected,cep_pan,cephalopholis_panamensis,1,17.5
gorgona,azufrada,NA,2006,a_alzate,246,246,60,,4,2,,,protected,cir_oxy,cirrhitichthys_oxycephalus,4,2.5
gorgona,azufrada,NA,2006,a_alzate,246,246,60,,4,2,,,protected,cir_oxy,cirrhitichthys_oxycephalus,1,7.5
gorgona,azufrada,NA,2006,a_alzate,246,246,60,,4,2,,,protected,fis_com,fistularia_commersonii,2,22.5
gorgona,azufrada,NA,2006,a_alzate,246,246,60,,4,2,,,protected,hae_mac,haemulon_maculicauda,37,12.5
gorgona,azufrada,NA,2006,a_alzate,246,246,60,,4,2,,,protected,hol_pas,holacanthus_passer,1,2.5
gorgona,azufrada,NA,2006,a_alzate,246,246,60,,4,2,,,protected,joh_nig,johnrandallia_nigrirostris,1,2.5
gorgona,azufrada,NA,2006,a_alzate,246,246,60,,4,2,,,protected,mul_den,mulloidichthys_dentatus,5,7.5
gorgona,azufrada,NA,2006,a_alzate,246,246,60,,4,2,,,protected,myr_lei,myripristis_leiognathus,11,12.5
gorgona,azufrada,NA,2006,a_alzate,246,246,60,,4,2,,,protected,ost_mel,ostracion_meleagris,1,7.5
gorgona,azufrada,NA,2006,a_alzate,246,246,60,,4,2,,,protected,par_col,paranthias_colonus,1,2.5
gorgona,azufrada,NA,2006,a_alzate,246,246,60,,4,2,,,protected,par_col,paranthias_colonus,4,7.5
gorgona,azufrada,NA,2006,a_alzate,246,246,60,,4,2,,,protected,pla_aza,plagiotremus_azaleus,1,2.5
gorgona,azufrada,NA,2006,a_alzate,246,246,60,,4,2,,,protected,sca_gho,scarus_ghobban,1,22.5
gorgona,azufrada,NA,2006,a_alzate,246,246,60,,4,2,,,protected,ste_aca,stegastes_acapulcoensis,1,2.5
gorgona,azufrada,NA,2006,a_alzate,246,246,60,,4,2,,,protected,ste_aca,stegastes_acapulcoensis,3,7.5
gorgona,azufrada,NA,2006,a_alzate,246,246,60,,4,2,,,protected,suf_ver,sufflamen_verres,2,2.5
gorgona,azufrada,NA,2006,a_alzate,246,246,60,,4,2,,,protected,suf_ver,sufflamen_verres,1,7.5
gorgona,azufrada,NA,2006,a_alzate,246,246,60,,4,2,,,protected,tha_luc,thalassoma_lucasanum,2,7.5
gorgona,azufrada,NA,2006,a_alzate,246,246,60,,4,2,,,protected,zan_cor,zanclus_cornutus,2,7.5
gorgona,el_laberinto,NA,2006,a_alzate,247,247,60,,7,3,,,exposed,aca_xan,acanthurus_xanthopterus,17,27.5
gorgona,el_laberinto,NA,2006,a_alzate,247,247,60,,7,3,,,exposed,aro_mel,arothron_meleagris,1,22.5
gorgona,el_laberinto,NA,2006,a_alzate,247,247,60,,7,3,,,exposed,aro_his,arothron_hispidus,1,27.5
gorgona,el_laberinto,NA,2006,a_alzate,247,247,60,,7,3,,,exposed,bod_dip,bodianus_diplotaenia,3,12.5
gorgona,el_laberinto,NA,2006,a_alzate,247,247,60,,7,3,,,exposed,bod_dip,bodianus_diplotaenia,2,22.5
gorgona,el_laberinto,NA,2006,a_alzate,247,247,60,,7,3,,,exposed,can_pun,canthigaster_punctatissima,12,2.5
gorgona,el_laberinto,NA,2006,a_alzate,247,247,60,,7,3,,,exposed,cep_pan,cephalopholis_panamensis,1,7.5
gorgona,el_laberinto,NA,2006,a_alzate,247,247,60,,7,3,,,exposed,cep_pan,cephalopholis_panamensis,2,12.5
gorgona,el_laberinto,NA,2006,a_alzate,247,247,60,,7,3,,,exposed,cep_pan,cephalopholis_panamensis,2,17.5
gorgona,el_laberinto,NA,2006,a_alzate,247,247,60,,7,3,,,exposed,cep_pan,cephalopholis_panamensis,2,22.5
gorgona,el_laberinto,NA,2006,a_alzate,247,247,60,,7,3,,,exposed,cir_oxy,cirrhitichthys_oxycephalus,3,7.5
gorgona,el_laberinto,NA,2006,a_alzate,247,247,60,,7,3,,,exposed,dio_hys,diodon_hystrix,1,22.5
gorgona,el_laberinto,NA,2006,a_alzate,247,247,60,,7,3,,,exposed,epi_lab,epinephelus_labriformis,1,17.5
gorgona,el_laberinto,NA,2006,a_alzate,247,247,60,,7,3,,,exposed,epi_lab,epinephelus_labriformis,1,22.5
gorgona,el_laberinto,NA,2006,a_alzate,247,247,60,,7,3,,,exposed,epi_lab,epinephelus_labriformis,2,27.5
gorgona,el_laberinto,NA,2006,a_alzate,247,247,60,,7,3,,,exposed,fis_com,fistularia_commersonii,2,27.5
gorgona,el_laberinto,NA,2006,a_alzate,247,247,60,,7,3,,,exposed,hal_nic,halichoeres_nicholsi,1,12.5
gorgona,el_laberinto,NA,2006,a_alzate,247,247,60,,7,3,,,exposed,hal_dis,halichoeres_dispilus,1,12.5
gorgona,el_laberinto,NA,2006,a_alzate,247,247,60,,7,3,,,exposed,hol_pas,holacanthus_passer,1,7.5
gorgona,el_laberinto,NA,2006,a_alzate,247,247,60,,7,3,,,exposed,hol_pas,holacanthus_passer,1,17.5
gorgona,el_laberinto,NA,2006,a_alzate,247,247,60,,7,3,,,exposed,joh_nig,johnrandallia_nigrirostris,1,7.5
gorgona,el_laberinto,NA,2006,a_alzate,247,247,60,,7,3,,,exposed,joh_nig,johnrandallia_nigrirostris,1,12.5
gorgona,el_laberinto,NA,2006,a_alzate,247,247,60,,7,3,,,exposed,mal_bre,malacanthus_brevirostris,1,27.5
gorgona,el_laberinto,NA,2006,a_alzate,247,247,60,,7,3,,,exposed,mul_den,mulloidichthys_dentatus,24,12.5
gorgona,el_laberinto,NA,2006,a_alzate,247,247,60,,7,3,,,exposed,myr_lei,myripristis_leiognathus,5,7.5
gorgona,el_laberinto,NA,2006,a_alzate,247,247,60,,7,3,,,exposed,oph_ste,ophioblennius_steindachneri,3,12.5
gorgona,el_laberinto,NA,2006,a_alzate,247,247,60,,7,3,,,exposed,par_col,paranthias_colonus,2,7.5
gorgona,el_laberinto,NA,2006,a_alzate,247,247,60,,7,3,,,exposed,par_col,paranthias_colonus,1,12.5
gorgona,el_laberinto,NA,2006,a_alzate,247,247,60,,7,3,,,exposed,par_col,paranthias_colonus,24,17.5
gorgona,el_laberinto,NA,2006,a_alzate,247,247,60,,7,3,,,exposed,pla_aza,plagiotremus_azaleus,6,2.5
gorgona,el_laberinto,NA,2006,a_alzate,247,247,60,,7,3,,,exposed,pri_lat,prionurus_laticlavius,3,22.5
gorgona,el_laberinto,NA,2006,a_alzate,247,247,60,,7,3,,,exposed,pse_nau,pseudobalistes_naufragium,1,37.5
gorgona,el_laberinto,NA,2006,a_alzate,247,247,60,,7,3,,,exposed,ste_fla,stegastes_flavilatus,7,7.5
gorgona,el_laberinto,NA,2006,a_alzate,247,247,60,,7,3,,,exposed,ste_fla,stegastes_flavilatus,6,12.5
gorgona,el_laberinto,NA,2006,a_alzate,247,247,60,,7,3,,,exposed,suf_ver,sufflamen_verres,2,7.5
gorgona,el_laberinto,NA,2006,a_alzate,248,248,60,,7,3,,,exposed,aul_chi,aulostomus_chinensis,1,32.5
gorgona,el_laberinto,NA,2006,a_alzate,248,248,60,,7,3,,,exposed,bod_dip,bodianus_diplotaenia,20,2.5
gorgona,el_laberinto,NA,2006,a_alzate,248,248,60,,7,3,,,exposed,bod_dip,bodianus_diplotaenia,1,12.5
gorgona,el_laberinto,NA,2006,a_alzate,248,248,60,,7,3,,,exposed,bod_dip,bodianus_diplotaenia,2,17.5
gorgona,el_laberinto,NA,2006,a_alzate,248,248,60,,7,3,,,exposed,can_pun,canthigaster_punctatissima,1,2.5
gorgona,el_laberinto,NA,2006,a_alzate,248,248,60,,7,3,,,exposed,chr_atr,chromis_atrilobata,6,2.5
gorgona,el_laberinto,NA,2006,a_alzate,248,248,60,,7,3,,,exposed,cir_oxy,cirrhitichthys_oxycephalus,2,7.5
gorgona,el_laberinto,NA,2006,a_alzate,248,248,60,,7,3,,,exposed,cor_uro,coryphopterus_urospilus,1,2.5
gorgona,el_laberinto,NA,2006,a_alzate,248,248,60,,7,3,,,exposed,epi_lab,epinephelus_labriformis,1,22.5
gorgona,el_laberinto,NA,2006,a_alzate,248,248,60,,7,3,,,exposed,epi_lab,epinephelus_labriformis,1,27.5
gorgona,el_laberinto,NA,2006,a_alzate,248,248,60,,7,3,,,exposed,hal_nic,halichoeres_nicholsi,4,7.5
gorgona,el_laberinto,NA,2006,a_alzate,248,248,60,,7,3,,,exposed,hal_dis,halichoeres_dispilus,1,7.5
gorgona,el_laberinto,NA,2006,a_alzate,248,248,60,,7,3,,,exposed,hol_pas,holacanthus_passer,1,12.5
gorgona,el_laberinto,NA,2006,a_alzate,248,248,60,,7,3,,,exposed,joh_nig,johnrandallia_nigrirostris,1,7.5
gorgona,el_laberinto,NA,2006,a_alzate,248,248,60,,7,3,,,exposed,lut_vir,lutjanus_viridis,4,22.5
gorgona,el_laberinto,NA,2006,a_alzate,248,248,60,,7,3,,,exposed,odo_xan,odontoscion_xanthops,2,12.5
gorgona,el_laberinto,NA,2006,a_alzate,248,248,60,,7,3,,,exposed,par_col,paranthias_colonus,1,12.5
gorgona,el_laberinto,NA,2006,a_alzate,248,248,60,,7,3,,,exposed,sca_rub,scarus_rubroviolaceus,1,17.5
gorgona,el_laberinto,NA,2006,a_alzate,248,248,60,,7,3,,,exposed,sca_rub,scarus_rubroviolaceus,1,22.5
gorgona,el_laberinto,NA,2006,a_alzate,248,248,60,,7,3,,,exposed,ste_fla,stegastes_flavilatus,6,7.5
gorgona,el_laberinto,NA,2006,a_alzate,248,248,60,,7,3,,,exposed,suf_ver,sufflamen_verres,2,7.5
gorgona,el_laberinto,NA,2006,a_alzate,248,248,60,,7,3,,,exposed,suf_ver,sufflamen_verres,2,17.5
gorgona,el_laberinto,NA,2006,a_alzate,248,248,60,,7,3,,,exposed,tha_luc,thalassoma_lucasanum,17,2.5
gorgona,el_laberinto,NA,2006,a_alzate,249,249,60,,7,3,,,exposed,ani_tae,anisotremus_taeniatus,1,27.5
gorgona,el_laberinto,NA,2006,a_alzate,249,249,60,,7,3,,,exposed,bod_dip,bodianus_diplotaenia,5,2.5
gorgona,el_laberinto,NA,2006,a_alzate,249,249,60,,7,3,,,exposed,bod_dip,bodianus_diplotaenia,1,17.5
gorgona,el_laberinto,NA,2006,a_alzate,249,249,60,,7,3,,,exposed,bod_dip,bodianus_diplotaenia,1,22.5
gorgona,el_laberinto,NA,2006,a_alzate,249,249,60,,7,3,,,exposed,can_pun,canthigaster_punctatissima,3,2.5
gorgona,el_laberinto,NA,2006,a_alzate,249,249,60,,7,3,,,exposed,cep_pan,cephalopholis_panamensis,2,17.5
gorgona,el_laberinto,NA,2006,a_alzate,249,249,60,,7,3,,,exposed,cep_pan,cephalopholis_panamensis,4,22.5
gorgona,el_laberinto,NA,2006,a_alzate,249,249,60,,7,3,,,exposed,cir_oxy,cirrhitichthys_oxycephalus,1,2.5
gorgona,el_laberinto,NA,2006,a_alzate,249,249,60,,7,3,,,exposed,epi_lab,epinephelus_labriformis,1,12.5
gorgona,el_laberinto,NA,2006,a_alzate,249,249,60,,7,3,,,exposed,hae_mac,haemulon_maculicauda,20,12.5
gorgona,el_laberinto,NA,2006,a_alzate,249,249,60,,7,3,,,exposed,hae_mac,haemulon_maculicauda,17,17.5
gorgona,el_laberinto,NA,2006,a_alzate,249,249,60,,7,3,,,exposed,hol_pas,holacanthus_passer,1,12.5
gorgona,el_laberinto,NA,2006,a_alzate,249,249,60,,7,3,,,exposed,joh_nig,johnrandallia_nigrirostris,1,2.5
gorgona,el_laberinto,NA,2006,a_alzate,249,249,60,,7,3,,,exposed,joh_nig,johnrandallia_nigrirostris,2,7.5
gorgona,el_laberinto,NA,2006,a_alzate,249,249,60,,7,3,,,exposed,lut_vir,lutjanus_viridis,2,12.5
gorgona,el_laberinto,NA,2006,a_alzate,249,249,60,,7,3,,,exposed,lut_vir,lutjanus_viridis,1,22.5
gorgona,el_laberinto,NA,2006,a_alzate,249,249,60,,7,3,,,exposed,lut_arg,lutjanus_argentiventris,2,22.5
gorgona,el_laberinto,NA,2006,a_alzate,249,249,60,,7,3,,,exposed,lut_arg,lutjanus_argentiventris,2,27.5
gorgona,el_laberinto,NA,2006,a_alzate,249,249,60,,7,3,,,exposed,mic_dor,microspathodon_dorsalis,1,12.5
gorgona,el_laberinto,NA,2006,a_alzate,249,249,60,,7,3,,,exposed,myr_lei,myripristis_leiognathus,2,7.5
gorgona,el_laberinto,NA,2006,a_alzate,249,249,60,,7,3,,,exposed,myr_lei,myripristis_leiognathus,1,12.5
gorgona,el_laberinto,NA,2006,a_alzate,249,249,60,,7,3,,,exposed,par_col,paranthias_colonus,4,12.5
gorgona,el_laberinto,NA,2006,a_alzate,249,249,60,,7,3,,,exposed,ste_fla,stegastes_flavilatus,7,7.5
gorgona,el_laberinto,NA,2006,a_alzate,249,249,60,,7,3,,,exposed,suf_ver,sufflamen_verres,3,2.5
gorgona,el_laberinto,NA,2006,a_alzate,249,249,60,,7,3,,,exposed,tha_luc,thalassoma_lucasanum,22,2.5
gorgona,el_laberinto,NA,2006,a_alzate,250,250,60,,7,3,,,exposed,ani_tae,anisotremus_taeniatus,1,32.5
gorgona,el_laberinto,NA,2006,a_alzate,250,250,60,,7,3,,,exposed,bod_dip,bodianus_diplotaenia,31,2.5
gorgona,el_laberinto,NA,2006,a_alzate,250,250,60,,7,3,,,exposed,bod_dip,bodianus_diplotaenia,1,17.5
gorgona,el_laberinto,NA,2006,a_alzate,250,250,60,,7,3,,,exposed,bod_dip,bodianus_diplotaenia,1,22.5
gorgona,el_laberinto,NA,2006,a_alzate,250,250,60,,7,3,,,exposed,can_pun,canthigaster_punctatissima,7,2.5
gorgona,el_laberinto,NA,2006,a_alzate,250,250,60,,7,3,,,exposed,cep_pan,cephalopholis_panamensis,1,12.5
gorgona,el_laberinto,NA,2006,a_alzate,250,250,60,,7,3,,,exposed,cep_pan,cephalopholis_panamensis,3,22.5
gorgona,el_laberinto,NA,2006,a_alzate,250,250,60,,7,3,,,exposed,cep_pan,cephalopholis_panamensis,3,32.5
gorgona,el_laberinto,NA,2006,a_alzate,250,250,60,,7,3,,,exposed,cir_oxy,cirrhitichthys_oxycephalus,2,2.5
gorgona,el_laberinto,NA,2006,a_alzate,250,250,60,,7,3,,,exposed,epi_lab,epinephelus_labriformis,1,37.5
gorgona,el_laberinto,NA,2006,a_alzate,250,250,60,,7,3,,,exposed,hae_mac,haemulon_maculicauda,117,17.5
gorgona,el_laberinto,NA,2006,a_alzate,250,250,60,,7,3,,,exposed,het_cru,heteropriacanthus_cruentatus,2,22.5
gorgona,el_laberinto,NA,2006,a_alzate,250,250,60,,7,3,,,exposed,joh_nig,johnrandallia_nigrirostris,3,7.5
gorgona,el_laberinto,NA,2006,a_alzate,250,250,60,,7,3,,,exposed,joh_nig,johnrandallia_nigrirostris,2,12.5
gorgona,el_laberinto,NA,2006,a_alzate,250,250,60,,7,3,,,exposed,lut_vir,lutjanus_viridis,2,17.5
gorgona,el_laberinto,NA,2006,a_alzate,250,250,60,,7,3,,,exposed,lut_vir,lutjanus_viridis,8,22.5
gorgona,el_laberinto,NA,2006,a_alzate,250,250,60,,7,3,,,exposed,lut_arg,lutjanus_argentiventris,1,17.5
gorgona,el_laberinto,NA,2006,a_alzate,250,250,60,,7,3,,,exposed,lut_arg,lutjanus_argentiventris,2,22.5
gorgona,el_laberinto,NA,2006,a_alzate,250,250,60,,7,3,,,exposed,mic_dor,microspathodon_dorsalis,3,17.5
gorgona,el_laberinto,NA,2006,a_alzate,250,250,60,,7,3,,,exposed,myr_lei,myripristis_leiognathus,11,12.5
gorgona,el_laberinto,NA,2006,a_alzate,250,250,60,,7,3,,,exposed,myr_ber,myripristis_berndti,2,17.5
gorgona,el_laberinto,NA,2006,a_alzate,250,250,60,,7,3,,,exposed,myr_ber,myripristis_berndti,7,22.5
gorgona,el_laberinto,NA,2006,a_alzate,250,250,60,,7,3,,,exposed,mul_den,mulloidichthys_dentatus,4,17.5
gorgona,el_laberinto,NA,2006,a_alzate,250,250,60,,7,3,,,exposed,odo_xan,odontoscion_xanthops,3,17.5
gorgona,el_laberinto,NA,2006,a_alzate,250,250,60,,7,3,,,exposed,oph_ste,ophioblennius_steindachneri,1,7.5
gorgona,el_laberinto,NA,2006,a_alzate,250,250,60,,7,3,,,exposed,oph_ste,ophioblennius_steindachneri,4,12.5
gorgona,el_laberinto,NA,2006,a_alzate,250,250,60,,7,3,,,exposed,ost_mel,ostracion_meleagris,2,2.5
gorgona,el_laberinto,NA,2006,a_alzate,250,250,60,,7,3,,,exposed,par_col,paranthias_colonus,3,12.5
gorgona,el_laberinto,NA,2006,a_alzate,250,250,60,,7,3,,,exposed,pla_aza,plagiotremus_azaleus,6,2.5
gorgona,el_laberinto,NA,2006,a_alzate,250,250,60,,7,3,,,exposed,ste_fla,stegastes_flavilatus,1,7.5
gorgona,el_laberinto,NA,2006,a_alzate,250,250,60,,7,3,,,exposed,ste_fla,stegastes_flavilatus,4,12.5
gorgona,el_laberinto,NA,2006,a_alzate,250,250,60,,7,3,,,exposed,suf_ver,sufflamen_verres,1,7.5
gorgona,el_laberinto,NA,2006,a_alzate,250,250,60,,7,3,,,exposed,tha_luc,thalassoma_lucasanum,2,2.5
gorgona,el_laberinto,NA,2006,a_alzate,251,251,60,,7,3,,,exposed,aca_nig,acanthurus_nigricans,2,17.5
gorgona,el_laberinto,NA,2006,a_alzate,251,251,60,,7,3,,,exposed,aul_chi,aulostomus_chinensis,1,32.5
gorgona,el_laberinto,NA,2006,a_alzate,251,251,60,,7,3,,,exposed,bod_dip,bodianus_diplotaenia,20,2.5
gorgona,el_laberinto,NA,2006,a_alzate,251,251,60,,7,3,,,exposed,bod_dip,bodianus_diplotaenia,1,7.5
gorgona,el_laberinto,NA,2006,a_alzate,251,251,60,,7,3,,,exposed,bod_dip,bodianus_diplotaenia,4,12.5
gorgona,el_laberinto,NA,2006,a_alzate,251,251,60,,7,3,,,exposed,bod_dip,bodianus_diplotaenia,2,22.5
gorgona,el_laberinto,NA,2006,a_alzate,251,251,60,,7,3,,,exposed,can_pun,canthigaster_punctatissima,5,2.5
gorgona,el_laberinto,NA,2006,a_alzate,251,251,60,,7,3,,,exposed,can_pun,canthigaster_punctatissima,4,7.5
gorgona,el_laberinto,NA,2006,a_alzate,251,251,60,,7,3,,,exposed,cep_pan,cephalopholis_panamensis,1,22.5
gorgona,el_laberinto,NA,2006,a_alzate,251,251,60,,7,3,,,exposed,chr_atr,chromis_atrilobata,56,2.5
gorgona,el_laberinto,NA,2006,a_alzate,251,251,60,,7,3,,,exposed,cir_oxy,cirrhitichthys_oxycephalus,2,7.5
gorgona,el_laberinto,NA,2006,a_alzate,251,251,60,,7,3,,,exposed,epi_lab,epinephelus_labriformis,1,12.5
gorgona,el_laberinto,NA,2006,a_alzate,251,251,60,,7,3,,,exposed,epi_lab,epinephelus_labriformis,1,27.5
gorgona,el_laberinto,NA,2006,a_alzate,251,251,60,,7,3,,,exposed,hae_mac,haemulon_maculicauda,22,12.5
gorgona,el_laberinto,NA,2006,a_alzate,251,251,60,,7,3,,,exposed,hae_mac,haemulon_maculicauda,126,17.5
gorgona,el_laberinto,NA,2006,a_alzate,251,251,60,,7,3,,,exposed,hol_pas,holacanthus_passer,1,7.5
gorgona,el_laberinto,NA,2006,a_alzate,251,251,60,,7,3,,,exposed,joh_nig,johnrandallia_nigrirostris,1,7.5
gorgona,el_laberinto,NA,2006,a_alzate,251,251,60,,7,3,,,exposed,lut_vir,lutjanus_viridis,2,12.5
gorgona,el_laberinto,NA,2006,a_alzate,251,251,60,,7,3,,,exposed,lut_vir,lutjanus_viridis,8,17.5
gorgona,el_laberinto,NA,2006,a_alzate,251,251,60,,7,3,,,exposed,lut_vir,lutjanus_viridis,1,22.5
gorgona,el_laberinto,NA,2006,a_alzate,251,251,60,,7,3,,,exposed,lut_arg,lutjanus_argentiventris,1,17.5
gorgona,el_laberinto,NA,2006,a_alzate,251,251,60,,7,3,,,exposed,lut_arg,lutjanus_argentiventris,1,27.5
gorgona,el_laberinto,NA,2006,a_alzate,251,251,60,,7,3,,,exposed,lut_arg,lutjanus_argentiventris,1,52.5
gorgona,el_laberinto,NA,2006,a_alzate,251,251,60,,7,3,,,exposed,mic_dor,microspathodon_dorsalis,1,12.5
gorgona,el_laberinto,NA,2006,a_alzate,251,251,60,,7,3,,,exposed,mic_dor,microspathodon_dorsalis,2,17.5
gorgona,el_laberinto,NA,2006,a_alzate,251,251,60,,7,3,,,exposed,myr_lei,myripristis_leiognathus,38,12.5
gorgona,el_laberinto,NA,2006,a_alzate,251,251,60,,7,3,,,exposed,myr_ber,myripristis_berndti,4,17.5
gorgona,el_laberinto,NA,2006,a_alzate,251,251,60,,7,3,,,exposed,myr_ber,myripristis_berndti,1,32.5
gorgona,el_laberinto,NA,2006,a_alzate,251,251,60,,7,3,,,exposed,odo_xan,odontoscion_xanthops,2,12.5
gorgona,el_laberinto,NA,2006,a_alzate,251,251,60,,7,3,,,exposed,odo_xan,odontoscion_xanthops,1,17.5
gorgona,el_laberinto,NA,2006,a_alzate,251,251,60,,7,3,,,exposed,oph_ste,ophioblennius_steindachneri,1,7.5
gorgona,el_laberinto,NA,2006,a_alzate,251,251,60,,7,3,,,exposed,oph_ste,ophioblennius_steindachneri,6,12.5
gorgona,el_laberinto,NA,2006,a_alzate,251,251,60,,7,3,,,exposed,ost_mel,ostracion_meleagris,1,7.5
gorgona,el_laberinto,NA,2006,a_alzate,251,251,60,,7,3,,,exposed,par_col,paranthias_colonus,1,7.5
gorgona,el_laberinto,NA,2006,a_alzate,251,251,60,,7,3,,,exposed,par_col,paranthias_colonus,1,12.5
gorgona,el_laberinto,NA,2006,a_alzate,251,251,60,,7,3,,,exposed,par_col,paranthias_colonus,6,17.5
gorgona,el_laberinto,NA,2006,a_alzate,251,251,60,,7,3,,,exposed,pla_aza,plagiotremus_azaleus,3,2.5
gorgona,el_laberinto,NA,2006,a_alzate,251,251,60,,7,3,,,exposed,ste_fla,stegastes_flavilatus,2,12.5
gorgona,el_laberinto,NA,2006,a_alzate,251,251,60,,7,3,,,exposed,suf_ver,sufflamen_verres,1,7.5
gorgona,el_laberinto,NA,2006,a_alzate,251,251,60,,7,3,,,exposed,suf_ver,sufflamen_verres,1,12.5
gorgona,el_laberinto,NA,2006,a_alzate,251,251,60,,7,3,,,exposed,suf_ver,sufflamen_verres,1,17.5
gorgona,el_laberinto,NA,2006,a_alzate,251,251,60,,7,3,,,exposed,tha_luc,thalassoma_lucasanum,1,2.5
gorgona,el_laberinto,NA,2006,a_alzate,252,252,60,,7,3,,,exposed,aca_nig,acanthurus_nigricans,1,7.5
gorgona,el_laberinto,NA,2006,a_alzate,252,252,60,,7,3,,,exposed,aca_nig,acanthurus_nigricans,3,12.5
gorgona,el_laberinto,NA,2006,a_alzate,252,252,60,,7,3,,,exposed,aro_mel,arothron_meleagris,1,17.5
gorgona,el_laberinto,NA,2006,a_alzate,252,252,60,,7,3,,,exposed,bod_dip,bodianus_diplotaenia,11,2.5
gorgona,el_laberinto,NA,2006,a_alzate,252,252,60,,7,3,,,exposed,bod_dip,bodianus_diplotaenia,1,7.5
gorgona,el_laberinto,NA,2006,a_alzate,252,252,60,,7,3,,,exposed,can_pun,canthigaster_punctatissima,4,2.5
gorgona,el_laberinto,NA,2006,a_alzate,252,252,60,,7,3,,,exposed,cep_pan,cephalopholis_panamensis,2,12.5
gorgona,el_laberinto,NA,2006,a_alzate,252,252,60,,7,3,,,exposed,chr_atr,chromis_atrilobata,5,2.5
gorgona,el_laberinto,NA,2006,a_alzate,252,252,60,,7,3,,,exposed,cir_oxy,cirrhitichthys_oxycephalus,6,7.5
gorgona,el_laberinto,NA,2006,a_alzate,252,252,60,,7,3,,,exposed,hae_mac,haemulon_maculicauda,53,17.5
gorgona,el_laberinto,NA,2006,a_alzate,252,252,60,,7,3,,,exposed,hol_pas,holacanthus_passer,1,12.5
gorgona,el_laberinto,NA,2006,a_alzate,252,252,60,,7,3,,,exposed,hol_pas,holacanthus_passer,5,17.5
gorgona,el_laberinto,NA,2006,a_alzate,252,252,60,,7,3,,,exposed,joh_nig,johnrandallia_nigrirostris,2,7.5
gorgona,el_laberinto,NA,2006,a_alzate,252,252,60,,7,3,,,exposed,joh_nig,johnrandallia_nigrirostris,1,12.5
gorgona,el_laberinto,NA,2006,a_alzate,252,252,60,,7,3,,,exposed,lut_vir,lutjanus_viridis,3,17.5
gorgona,el_laberinto,NA,2006,a_alzate,252,252,60,,7,3,,,exposed,lut_vir,lutjanus_viridis,6,22.5
gorgona,el_laberinto,NA,2006,a_alzate,252,252,60,,7,3,,,exposed,lut_arg,lutjanus_argentiventris,4,22.5
gorgona,el_laberinto,NA,2006,a_alzate,252,252,60,,7,3,,,exposed,lut_arg,lutjanus_argentiventris,1,42.5
gorgona,el_laberinto,NA,2006,a_alzate,252,252,60,,7,3,,,exposed,mic_dor,microspathodon_dorsalis,1,17.5
gorgona,el_laberinto,NA,2006,a_alzate,252,252,60,,7,3,,,exposed,mic_dor,microspathodon_dorsalis,2,22.5
gorgona,el_laberinto,NA,2006,a_alzate,252,252,60,,7,3,,,exposed,myr_lei,myripristis_leiognathus,66,12.5
gorgona,el_laberinto,NA,2006,a_alzate,252,252,60,,7,3,,,exposed,myr_ber,myripristis_berndti,1,27.5
gorgona,el_laberinto,NA,2006,a_alzate,252,252,60,,7,3,,,exposed,odo_xan,odontoscion_xanthops,2,12.5
gorgona,el_laberinto,NA,2006,a_alzate,252,252,60,,7,3,,,exposed,oph_ste,ophioblennius_steindachneri,1,2.5
gorgona,el_laberinto,NA,2006,a_alzate,252,252,60,,7,3,,,exposed,oph_ste,ophioblennius_steindachneri,1,12.5
gorgona,el_laberinto,NA,2006,a_alzate,252,252,60,,7,3,,,exposed,oph_ste,ophioblennius_steindachneri,2,17.5
gorgona,el_laberinto,NA,2006,a_alzate,252,252,60,,7,3,,,exposed,pla_aza,plagiotremus_azaleus,3,2.5
gorgona,el_laberinto,NA,2006,a_alzate,252,252,60,,7,3,,,exposed,sar_sub,sargocentron_suborbitalis,1,17.5
gorgona,el_laberinto,NA,2006,a_alzate,252,252,60,,7,3,,,exposed,ste_fla,stegastes_flavilatus,1,12.5
gorgona,el_laberinto,NA,2006,a_alzate,252,252,60,,7,3,,,exposed,suf_ver,sufflamen_verres,1,12.5
gorgona,el_laberinto,NA,2006,a_alzate,252,252,60,,7,3,,,exposed,tha_luc,thalassoma_lucasanum,10,2.5
gorgona,el_laberinto,NA,2006,a_alzate,253,253,60,,7,3,,,exposed,aca_nig,acanthurus_nigricans,1,7.5
gorgona,el_laberinto,NA,2006,a_alzate,253,253,60,,7,3,,,exposed,aro_mel,arothron_meleagris,1,22.5
gorgona,el_laberinto,NA,2006,a_alzate,253,253,60,,7,3,,,exposed,bod_dip,bodianus_diplotaenia,16,2.5
gorgona,el_laberinto,NA,2006,a_alzate,253,253,60,,7,3,,,exposed,bod_dip,bodianus_diplotaenia,1,17.5
gorgona,el_laberinto,NA,2006,a_alzate,253,253,60,,7,3,,,exposed,bod_dip,bodianus_diplotaenia,1,27.5
gorgona,el_laberinto,NA,2006,a_alzate,253,253,60,,7,3,,,exposed,can_pun,canthigaster_punctatissima,4,2.5
gorgona,el_laberinto,NA,2006,a_alzate,253,253,60,,7,3,,,exposed,cep_pan,cephalopholis_panamensis,4,22.5
gorgona,el_laberinto,NA,2006,a_alzate,253,253,60,,7,3,,,exposed,cep_pan,cephalopholis_panamensis,1,27.5
gorgona,el_laberinto,NA,2006,a_alzate,253,253,60,,7,3,,,exposed,cir_oxy,cirrhitichthys_oxycephalus,1,2.5
gorgona,el_laberinto,NA,2006,a_alzate,253,253,60,,7,3,,,exposed,epi_lab,epinephelus_labriformis,2,17.5
gorgona,el_laberinto,NA,2006,a_alzate,253,253,60,,7,3,,,exposed,epi_lab,epinephelus_labriformis,1,37.5
gorgona,el_laberinto,NA,2006,a_alzate,253,253,60,,7,3,,,exposed,hae_mac,haemulon_maculicauda,70,12.5
gorgona,el_laberinto,NA,2006,a_alzate,253,253,60,,7,3,,,exposed,hol_pas,holacanthus_passer,1,7.5
gorgona,el_laberinto,NA,2006,a_alzate,253,253,60,,7,3,,,exposed,hol_pas,holacanthus_passer,2,12.5
gorgona,el_laberinto,NA,2006,a_alzate,253,253,60,,7,3,,,exposed,joh_nig,johnrandallia_nigrirostris,2,7.5
gorgona,el_laberinto,NA,2006,a_alzate,253,253,60,,7,3,,,exposed,kyp_ele,kyphosus_elegans,1,22.5
gorgona,el_laberinto,NA,2006,a_alzate,253,253,60,,7,3,,,exposed,mel_nig,melichthys_niger,1,7.5
gorgona,el_laberinto,NA,2006,a_alzate,253,253,60,,7,3,,,exposed,mic_dor,microspathodon_dorsalis,2,12.5
gorgona,el_laberinto,NA,2006,a_alzate,253,253,60,,7,3,,,exposed,myr_lei,myripristis_leiognathus,3,2.5
gorgona,el_laberinto,NA,2006,a_alzate,253,253,60,,7,3,,,exposed,myr_lei,myripristis_leiognathus,17,12.5
gorgona,el_laberinto,NA,2006,a_alzate,253,253,60,,7,3,,,exposed,oph_ste,ophioblennius_steindachneri,4,7.5
gorgona,el_laberinto,NA,2006,a_alzate,253,253,60,,7,3,,,exposed,oph_ste,ophioblennius_steindachneri,7,12.5
gorgona,el_laberinto,NA,2006,a_alzate,253,253,60,,7,3,,,exposed,par_col,paranthias_colonus,55,7.5
gorgona,el_laberinto,NA,2006,a_alzate,253,253,60,,7,3,,,exposed,pla_aza,plagiotremus_azaleus,1,2.5
gorgona,el_laberinto,NA,2006,a_alzate,253,253,60,,7,3,,,exposed,pla_aza,plagiotremus_azaleus,2,7.5
gorgona,el_laberinto,NA,2006,a_alzate,253,253,60,,7,3,,,exposed,pri_lat,prionurus_laticlavius,7,22.5
gorgona,el_laberinto,NA,2006,a_alzate,253,253,60,,7,3,,,exposed,sca_com,scarus_compressus,1,27.5
gorgona,el_laberinto,NA,2006,a_alzate,253,253,60,,7,3,,,exposed,suf_ver,sufflamen_verres,1,17.5
gorgona,el_laberinto,NA,2006,a_alzate,254,254,60,,7,3,,,exposed,abu_tro,abudefduf_troschelii,3,12.5
gorgona,el_laberinto,NA,2006,a_alzate,254,254,60,,7,3,,,exposed,aca_nig,acanthurus_nigricans,1,7.5
gorgona,el_laberinto,NA,2006,a_alzate,254,254,60,,7,3,,,exposed,aca_nig,acanthurus_nigricans,1,22.5
gorgona,el_laberinto,NA,2006,a_alzate,254,254,60,,7,3,,,exposed,bod_dip,bodianus_diplotaenia,12,2.5
gorgona,el_laberinto,NA,2006,a_alzate,254,254,60,,7,3,,,exposed,bod_dip,bodianus_diplotaenia,3,7.5
gorgona,el_laberinto,NA,2006,a_alzate,254,254,60,,7,3,,,exposed,bod_dip,bodianus_diplotaenia,1,12.5
gorgona,el_laberinto,NA,2006,a_alzate,254,254,60,,7,3,,,exposed,bod_dip,bodianus_diplotaenia,1,17.5
gorgona,el_laberinto,NA,2006,a_alzate,254,254,60,,7,3,,,exposed,can_pun,canthigaster_punctatissima,2,2.5
gorgona,el_laberinto,NA,2006,a_alzate,254,254,60,,7,3,,,exposed,cep_pan,cephalopholis_panamensis,1,22.5
gorgona,el_laberinto,NA,2006,a_alzate,254,254,60,,7,3,,,exposed,cep_pan,cephalopholis_panamensis,1,27.5
gorgona,el_laberinto,NA,2006,a_alzate,254,254,60,,7,3,,,exposed,chr_atr,chromis_atrilobata,55,2.5
gorgona,el_laberinto,NA,2006,a_alzate,254,254,60,,7,3,,,exposed,cir_oxy,cirrhitichthys_oxycephalus,6,2.5
gorgona,el_laberinto,NA,2006,a_alzate,254,254,60,,7,3,,,exposed,cir_riv,cirrhitus_rivulatus,1,32.5
gorgona,el_laberinto,NA,2006,a_alzate,254,254,60,,7,3,,,exposed,epi_lab,epinephelus_labriformis,1,17.5
gorgona,el_laberinto,NA,2006,a_alzate,254,254,60,,7,3,,,exposed,epi_lab,epinephelus_labriformis,1,22.5
gorgona,el_laberinto,NA,2006,a_alzate,254,254,60,,7,3,,,exposed,epi_lab,epinephelus_labriformis,1,27.5
gorgona,el_laberinto,NA,2006,a_alzate,254,254,60,,7,3,,,exposed,hae_mac,haemulon_maculicauda,88,17.5
gorgona,el_laberinto,NA,2006,a_alzate,254,254,60,,7,3,,,exposed,hae_mac,haemulon_maculicauda,3,22.5
gorgona,el_laberinto,NA,2006,a_alzate,254,254,60,,7,3,,,exposed,het_cru,heteropriacanthus_cruentatus,1,22.5
gorgona,el_laberinto,NA,2006,a_alzate,254,254,60,,7,3,,,exposed,hol_pas,holacanthus_passer,1,2.5
gorgona,el_laberinto,NA,2006,a_alzate,254,254,60,,7,3,,,exposed,hol_pas,holacanthus_passer,1,7.5
gorgona,el_laberinto,NA,2006,a_alzate,254,254,60,,7,3,,,exposed,hol_pas,holacanthus_passer,2,12.5
gorgona,el_laberinto,NA,2006,a_alzate,254,254,60,,7,3,,,exposed,joh_nig,johnrandallia_nigrirostris,1,7.5
gorgona,el_laberinto,NA,2006,a_alzate,254,254,60,,7,3,,,exposed,joh_nig,johnrandallia_nigrirostris,1,12.5
gorgona,el_laberinto,NA,2006,a_alzate,254,254,60,,7,3,,,exposed,lut_vir,lutjanus_viridis,6,22.5
gorgona,el_laberinto,NA,2006,a_alzate,254,254,60,,7,3,,,exposed,lut_vir,lutjanus_viridis,5,27.5
gorgona,el_laberinto,NA,2006,a_alzate,254,254,60,,7,3,,,exposed,lut_arg,lutjanus_argentiventris,1,27.5
gorgona,el_laberinto,NA,2006,a_alzate,254,254,60,,7,3,,,exposed,lut_arg,lutjanus_argentiventris,1,32.5
gorgona,el_laberinto,NA,2006,a_alzate,254,254,60,,7,3,,,exposed,myr_lei,myripristis_leiognathus,4,7.5
gorgona,el_laberinto,NA,2006,a_alzate,254,254,60,,7,3,,,exposed,myr_lei,myripristis_leiognathus,42,12.5
gorgona,el_laberinto,NA,2006,a_alzate,254,254,60,,7,3,,,exposed,myr_ber,myripristis_berndti,3,22.5
gorgona,el_laberinto,NA,2006,a_alzate,254,254,60,,7,3,,,exposed,myr_ber,myripristis_berndti,2,27.5
gorgona,el_laberinto,NA,2006,a_alzate,254,254,60,,7,3,,,exposed,myc_xen,mycteroperca_xenarcha,1,52.5
gorgona,el_laberinto,NA,2006,a_alzate,254,254,60,,7,3,,,exposed,odo_xan,odontoscion_xanthops,3,17.5
gorgona,el_laberinto,NA,2006,a_alzate,254,254,60,,7,3,,,exposed,oph_ste,ophioblennius_steindachneri,2,7.5
gorgona,el_laberinto,NA,2006,a_alzate,254,254,60,,7,3,,,exposed,oph_ste,ophioblennius_steindachneri,2,12.5
gorgona,el_laberinto,NA,2006,a_alzate,254,254,60,,7,3,,,exposed,par_col,paranthias_colonus,86,7.5
gorgona,el_laberinto,NA,2006,a_alzate,254,254,60,,7,3,,,exposed,par_col,paranthias_colonus,4,12.5
gorgona,el_laberinto,NA,2006,a_alzate,254,254,60,,7,3,,,exposed,pla_aza,plagiotremus_azaleus,9,2.5
gorgona,el_laberinto,NA,2006,a_alzate,254,254,60,,7,3,,,exposed,pri_lat,prionurus_laticlavius,4,27.5
gorgona,el_laberinto,NA,2006,a_alzate,254,254,60,,7,3,,,exposed,sar_sub,sargocentron_suborbitalis,8,17.5
gorgona,el_laberinto,NA,2006,a_alzate,254,254,60,,7,3,,,exposed,sca_per,scarus_perrico,26,52.5
gorgona,el_laberinto,NA,2006,a_alzate,254,254,60,,7,3,,,exposed,ste_fla,stegastes_flavilatus,4,12.5
gorgona,el_laberinto,NA,2006,a_alzate,254,254,60,,7,3,,,exposed,suf_ver,sufflamen_verres,1,7.5
gorgona,el_laberinto,NA,2006,a_alzate,254,254,60,,7,3,,,exposed,suf_ver,sufflamen_verres,1,27.5
gorgona,el_laberinto,NA,2006,a_alzate,254,254,60,,7,3,,,exposed,tha_luc,thalassoma_lucasanum,25,2.5
gorgona,el_laberinto,NA,2006,a_alzate,254,254,60,,7,3,,,exposed,tha_luc,thalassoma_lucasanum,3,7.5
gorgona,el_laberinto,NA,2006,a_alzate,255,255,60,,7,3,,,exposed,bod_dip,bodianus_diplotaenia,2,2.5
gorgona,el_laberinto,NA,2006,a_alzate,255,255,60,,7,3,,,exposed,bod_dip,bodianus_diplotaenia,1,7.5
gorgona,el_laberinto,NA,2006,a_alzate,255,255,60,,7,3,,,exposed,bod_dip,bodianus_diplotaenia,1,12.5
gorgona,el_laberinto,NA,2006,a_alzate,255,255,60,,7,3,,,exposed,can_pun,canthigaster_punctatissima,3,2.5
gorgona,el_laberinto,NA,2006,a_alzate,255,255,60,,7,3,,,exposed,can_pun,canthigaster_punctatissima,2,7.5
gorgona,el_laberinto,NA,2006,a_alzate,255,255,60,,7,3,,,exposed,cep_pan,cephalopholis_panamensis,2,27.5
gorgona,el_laberinto,NA,2006,a_alzate,255,255,60,,7,3,,,exposed,chr_atr,chromis_atrilobata,35,2.5
gorgona,el_laberinto,NA,2006,a_alzate,255,255,60,,7,3,,,exposed,cir_oxy,cirrhitichthys_oxycephalus,2,2.5
gorgona,el_laberinto,NA,2006,a_alzate,255,255,60,,7,3,,,exposed,epi_lab,epinephelus_labriformis,1,22.5
gorgona,el_laberinto,NA,2006,a_alzate,255,255,60,,7,3,,,exposed,epi_lab,epinephelus_labriformis,3,27.5
gorgona,el_laberinto,NA,2006,a_alzate,255,255,60,,7,3,,,exposed,hae_mac,haemulon_maculicauda,1,12.5
gorgona,el_laberinto,NA,2006,a_alzate,255,255,60,,7,3,,,exposed,hae_mac,haemulon_maculicauda,56,17.5
gorgona,el_laberinto,NA,2006,a_alzate,255,255,60,,7,3,,,exposed,hae_mac,haemulon_maculicauda,2,22.5
gorgona,el_laberinto,NA,2006,a_alzate,255,255,60,,7,3,,,exposed,hal_nic,halichoeres_nicholsi,2,2.5
gorgona,el_laberinto,NA,2006,a_alzate,255,255,60,,7,3,,,exposed,hol_pas,holacanthus_passer,1,12.5
gorgona,el_laberinto,NA,2006,a_alzate,255,255,60,,7,3,,,exposed,joh_nig,johnrandallia_nigrirostris,1,7.5
gorgona,el_laberinto,NA,2006,a_alzate,255,255,60,,7,3,,,exposed,joh_nig,johnrandallia_nigrirostris,1,12.5
gorgona,el_laberinto,NA,2006,a_alzate,255,255,60,,7,3,,,exposed,lut_vir,lutjanus_viridis,2,22.5
gorgona,el_laberinto,NA,2006,a_alzate,255,255,60,,7,3,,,exposed,lut_ine,lutjanus_inermis,1,12.5
gorgona,el_laberinto,NA,2006,a_alzate,255,255,60,,7,3,,,exposed,lut_ine,lutjanus_inermis,1,22.5
gorgona,el_laberinto,NA,2006,a_alzate,255,255,60,,7,3,,,exposed,lut_arg,lutjanus_argentiventris,1,22.5
gorgona,el_laberinto,NA,2006,a_alzate,255,255,60,,7,3,,,exposed,mic_dor,microspathodon_dorsalis,1,12.5
gorgona,el_laberinto,NA,2006,a_alzate,255,255,60,,7,3,,,exposed,myr_lei,myripristis_leiognathus,8,12.5
gorgona,el_laberinto,NA,2006,a_alzate,255,255,60,,7,3,,,exposed,oph_ste,ophioblennius_steindachneri,1,7.5
gorgona,el_laberinto,NA,2006,a_alzate,255,255,60,,7,3,,,exposed,ost_mel,ostracion_meleagris,1,2.5
gorgona,el_laberinto,NA,2006,a_alzate,255,255,60,,7,3,,,exposed,par_col,paranthias_colonus,3,2.5
gorgona,el_laberinto,NA,2006,a_alzate,255,255,60,,7,3,,,exposed,par_col,paranthias_colonus,13,7.5
gorgona,el_laberinto,NA,2006,a_alzate,255,255,60,,7,3,,,exposed,pla_aza,plagiotremus_azaleus,4,2.5
gorgona,el_laberinto,NA,2006,a_alzate,255,255,60,,7,3,,,exposed,sca_com,scarus_compressus,1,52.5
gorgona,el_laberinto,NA,2006,a_alzate,255,255,60,,7,3,,,exposed,ste_fla,stegastes_flavilatus,2,2.5
gorgona,el_laberinto,NA,2006,a_alzate,255,255,60,,7,3,,,exposed,ste_fla,stegastes_flavilatus,6,12.5
gorgona,el_laberinto,NA,2006,a_alzate,255,255,60,,7,3,,,exposed,suf_ver,sufflamen_verres,1,2.5
gorgona,el_laberinto,NA,2006,a_alzate,255,255,60,,7,3,,,exposed,suf_ver,sufflamen_verres,5,7.5
gorgona,el_laberinto,NA,2006,a_alzate,255,255,60,,7,3,,,exposed,tha_luc,thalassoma_lucasanum,27,2.5
gorgona,el_laberinto,NA,2006,a_alzate,256,256,60,,7,3,,,exposed,aro_mel,arothron_meleagris,1,17.5
gorgona,el_laberinto,NA,2006,a_alzate,256,256,60,,7,3,,,exposed,aul_chi,aulostomus_chinensis,1,22.5
gorgona,el_laberinto,NA,2006,a_alzate,256,256,60,,7,3,,,exposed,bod_dip,bodianus_diplotaenia,33,2.5
gorgona,el_laberinto,NA,2006,a_alzate,256,256,60,,7,3,,,exposed,bod_dip,bodianus_diplotaenia,5,7.5
gorgona,el_laberinto,NA,2006,a_alzate,256,256,60,,7,3,,,exposed,bod_dip,bodianus_diplotaenia,2,12.5
gorgona,el_laberinto,NA,2006,a_alzate,256,256,60,,7,3,,,exposed,can_pun,canthigaster_punctatissima,6,2.5
gorgona,el_laberinto,NA,2006,a_alzate,256,256,60,,7,3,,,exposed,can_pun,canthigaster_punctatissima,1,7.5
gorgona,el_laberinto,NA,2006,a_alzate,256,256,60,,7,3,,,exposed,cep_pan,cephalopholis_panamensis,1,17.5
gorgona,el_laberinto,NA,2006,a_alzate,256,256,60,,7,3,,,exposed,cep_pan,cephalopholis_panamensis,1,27.5
gorgona,el_laberinto,NA,2006,a_alzate,256,256,60,,7,3,,,exposed,cir_oxy,cirrhitichthys_oxycephalus,1,2.5
gorgona,el_laberinto,NA,2006,a_alzate,256,256,60,,7,3,,,exposed,cir_oxy,cirrhitichthys_oxycephalus,1,7.5
gorgona,el_laberinto,NA,2006,a_alzate,256,256,60,,7,3,,,exposed,cir_riv,cirrhitus_rivulatus,1,27.5
gorgona,el_laberinto,NA,2006,a_alzate,256,256,60,,7,3,,,exposed,epi_lab,epinephelus_labriformis,1,22.5
gorgona,el_laberinto,NA,2006,a_alzate,256,256,60,,7,3,,,exposed,epi_lab,epinephelus_labriformis,1,27.5
gorgona,el_laberinto,NA,2006,a_alzate,256,256,60,,7,3,,,exposed,hae_mac,haemulon_maculicauda,5,12.5
gorgona,el_laberinto,NA,2006,a_alzate,256,256,60,,7,3,,,exposed,hae_mac,haemulon_maculicauda,19,17.5
gorgona,el_laberinto,NA,2006,a_alzate,256,256,60,,7,3,,,exposed,hol_pas,holacanthus_passer,1,7.5
gorgona,el_laberinto,NA,2006,a_alzate,256,256,60,,7,3,,,exposed,hol_pas,holacanthus_passer,1,17.5
gorgona,el_laberinto,NA,2006,a_alzate,256,256,60,,7,3,,,exposed,joh_nig,johnrandallia_nigrirostris,1,7.5
gorgona,el_laberinto,NA,2006,a_alzate,256,256,60,,7,3,,,exposed,joh_nig,johnrandallia_nigrirostris,2,12.5
gorgona,el_laberinto,NA,2006,a_alzate,256,256,60,,7,3,,,exposed,lut_vir,lutjanus_viridis,3,17.5
gorgona,el_laberinto,NA,2006,a_alzate,256,256,60,,7,3,,,exposed,myr_lei,myripristis_leiognathus,3,12.5
gorgona,el_laberinto,NA,2006,a_alzate,256,256,60,,7,3,,,exposed,odo_xan,odontoscion_xanthops,1,12.5
gorgona,el_laberinto,NA,2006,a_alzate,256,256,60,,7,3,,,exposed,odo_xan,odontoscion_xanthops,1,17.5
gorgona,el_laberinto,NA,2006,a_alzate,256,256,60,,7,3,,,exposed,oph_ste,ophioblennius_steindachneri,3,7.5
gorgona,el_laberinto,NA,2006,a_alzate,256,256,60,,7,3,,,exposed,ost_mel,ostracion_meleagris,1,2.5
gorgona,el_laberinto,NA,2006,a_alzate,256,256,60,,7,3,,,exposed,par_col,paranthias_colonus,1,2.5
gorgona,el_laberinto,NA,2006,a_alzate,256,256,60,,7,3,,,exposed,par_col,paranthias_colonus,11,7.5
gorgona,el_laberinto,NA,2006,a_alzate,256,256,60,,7,3,,,exposed,par_col,paranthias_colonus,8,12.5
gorgona,el_laberinto,NA,2006,a_alzate,256,256,60,,7,3,,,exposed,pla_aza,plagiotremus_azaleus,6,2.5
gorgona,el_laberinto,NA,2006,a_alzate,256,256,60,,7,3,,,exposed,sca_com,scarus_compressus,1,17.5
gorgona,el_laberinto,NA,2006,a_alzate,256,256,60,,7,3,,,exposed,ste_fla,stegastes_flavilatus,3,12.5
gorgona,el_laberinto,NA,2006,a_alzate,256,256,60,,7,3,,,exposed,suf_ver,sufflamen_verres,2,7.5
gorgona,el_laberinto,NA,2006,a_alzate,256,256,60,,7,3,,,exposed,tha_luc,thalassoma_lucasanum,21,2.5
gorgona,el_muelle,12,2016,luis_chasqui,257,257,60,27,3,2,10,ninguna,exposed,chr_atr,chromis_atrilobata,30,3
gorgona,el_muelle,12,2016,luis_chasqui,257,257,60,27,3,2,10,ninguna,exposed,hol_pas,holacanthus_passer,5,8
gorgona,el_muelle,12,2016,luis_chasqui,257,257,60,27,3,2,10,ninguna,exposed,hol_pas,holacanthus_passer,1,13
gorgona,el_muelle,12,2016,luis_chasqui,257,257,60,27,3,2,10,ninguna,exposed,aca_xan,acanthurus_xanthopterus,1,13
gorgona,el_muelle,12,2016,luis_chasqui,257,257,60,27,3,2,10,ninguna,exposed,aca_xan,acanthurus_xanthopterus,2,18
gorgona,el_muelle,12,2016,luis_chasqui,257,257,60,27,3,2,10,ninguna,exposed,joh_nig,johnrandallia_nigrirostris,2,8
gorgona,el_muelle,12,2016,luis_chasqui,257,257,60,27,3,2,10,ninguna,exposed,myr_lei,myripristis_leiognathus,9,8
gorgona,el_muelle,12,2016,luis_chasqui,257,257,60,27,3,2,10,ninguna,exposed,myr_lei,myripristis_leiognathus,4,13
gorgona,el_muelle,12,2016,luis_chasqui,257,257,60,27,3,2,10,ninguna,exposed,suf_ver,sufflamen_verres,2,8
gorgona,el_muelle,12,2016,luis_chasqui,257,257,60,27,3,2,10,ninguna,exposed,par_col,paranthias_colonus,52,8
gorgona,el_muelle,12,2016,luis_chasqui,257,257,60,27,3,2,10,ninguna,exposed,cep_pan,cephalopholis_panamensis,1,18
gorgona,el_muelle,12,2016,luis_chasqui,257,257,60,27,3,2,10,ninguna,exposed,tha_luc,thalassoma_lucasanum,9,8
gorgona,el_muelle,12,2016,luis_chasqui,257,257,60,27,3,2,10,ninguna,exposed,tha_luc,thalassoma_lucasanum,2,3
gorgona,el_muelle,12,2016,luis_chasqui,257,257,60,27,3,2,10,ninguna,exposed,cir_oxy,cirrhitichthys_oxycephalus,12,3
gorgona,el_muelle,12,2016,luis_chasqui,257,257,60,27,3,2,10,ninguna,exposed,lut_nov,lutjanus_novemfasciatus,1,35
gorgona,el_muelle,12,2016,luis_chasqui,257,257,60,27,3,2,10,ninguna,exposed,aro_mel,arothron_meleagris,1,25
gorgona,el_muelle,12,2016,luis_chasqui,257,257,60,27,3,2,10,ninguna,exposed,gym_fla,gymnothorax_flavimarginatus,1,75
gorgona,el_muelle,12,2016,luis_chasqui,257,257,60,27,3,2,10,ninguna,exposed,hal_chi,halichoeres_chierchiae,1,13
gorgona,el_muelle,12,2016,luis_chasqui,257,257,60,27,3,2,10,ninguna,exposed,ste_fla,stegastes_flavilatus,1,3
gorgona,el_muelle,12,2016,luis_chasqui,257,257,60,27,3,2,10,ninguna,exposed,oph_ste,ophioblennius_steindachneri,1,8
gorgona,el_muelle,12,2016,luis_chasqui,257,257,60,27,3,2,10,ninguna,exposed,ser_psi,serranus_psittacinus,4,8
gorgona,el_muelle,12,2016,luis_chasqui,257,257,60,27,3,2,10,ninguna,exposed,ste_aca,stegastes_acapulcoensis,1,8
gorgona,el_muelle,12,2016,luis_chasqui,257,257,60,27,3,2,10,ninguna,exposed,aca_xan,acanthurus_xanthopterus,11,35
gorgona,el_muelle,12,2016,luis_chasqui,257,257,60,27,3,2,10,ninguna,exposed,hae_mac,haemulon_maculicauda,50,8
gorgona,el_muelle,12,2016,luis_chasqui,258,258,60,27,3,2,10,ninguna,exposed,tha_luc,thalassoma_lucasanum,20,8
gorgona,el_muelle,12,2016,luis_chasqui,258,258,60,27,3,2,10,ninguna,exposed,par_col,paranthias_colonus,110,8
gorgona,el_muelle,12,2016,luis_chasqui,258,258,60,27,3,2,10,ninguna,exposed,suf_ver,sufflamen_verres,2,8
gorgona,el_muelle,12,2016,luis_chasqui,258,258,60,27,3,2,10,ninguna,exposed,suf_ver,sufflamen_verres,1,18
gorgona,el_muelle,12,2016,luis_chasqui,258,258,60,27,3,2,10,ninguna,exposed,cir_oxy,cirrhitichthys_oxycephalus,2,3
gorgona,el_muelle,12,2016,luis_chasqui,258,258,60,27,3,2,10,ninguna,exposed,hol_pas,holacanthus_passer,1,3
gorgona,el_muelle,12,2016,luis_chasqui,258,258,60,27,3,2,10,ninguna,exposed,hol_pas,holacanthus_passer,1,13
gorgona,el_muelle,12,2016,luis_chasqui,258,258,60,27,3,2,10,ninguna,exposed,can_pun,canthigaster_punctatissima,1,25
gorgona,el_muelle,12,2016,luis_chasqui,258,258,60,27,3,2,10,ninguna,exposed,aca_xan,acanthurus_xanthopterus,3,18
gorgona,el_muelle,12,2016,luis_chasqui,258,258,60,27,3,2,10,ninguna,exposed,chr_atr,chromis_atrilobata,50,3
gorgona,el_muelle,12,2016,luis_chasqui,258,258,60,27,3,2,10,ninguna,exposed,ste_fla,stegastes_flavilatus,1,3
gorgona,el_muelle,12,2016,luis_chasqui,258,258,60,27,3,2,10,ninguna,exposed,ste_fla,stegastes_flavilatus,1,8
gorgona,el_muelle,12,2016,luis_chasqui,258,258,60,27,3,2,10,ninguna,exposed,lut_arg,lutjanus_argentiventris,1,35
gorgona,el_muelle,12,2016,luis_chasqui,258,258,60,27,3,2,10,ninguna,exposed,joh_nig,johnrandallia_nigrirostris,2,8
gorgona,el_muelle,12,2016,luis_chasqui,258,258,60,27,3,2,10,ninguna,exposed,epi_lab,epinephelus_labriformis,1,25
gorgona,el_muelle,12,2016,luis_chasqui,258,258,60,27,3,2,10,ninguna,exposed,epi_lab,epinephelus_labriformis,1,18
gorgona,el_muelle,12,2016,luis_chasqui,258,258,60,27,3,2,10,ninguna,exposed,epi_lab,epinephelus_labriformis,1,13
gorgona,el_muelle,12,2016,luis_chasqui,258,258,60,27,3,2,10,ninguna,exposed,hal_dis,halichoeres_dispilus,5,8
gorgona,el_muelle,12,2016,luis_chasqui,258,258,60,27,3,2,10,ninguna,exposed,ser_psi,serranus_psittacinus,1,8
gorgona,el_muelle,12,2016,luis_chasqui,258,258,60,27,3,2,10,ninguna,exposed,ser_psi,serranus_psittacinus,2,3
gorgona,el_muelle,12,2016,luis_chasqui,258,258,60,27,3,2,10,ninguna,exposed,pte_car,ptereleotris_carinata,1,8
gorgona,el_muelle,12,2016,luis_chasqui,258,258,60,27,3,2,10,ninguna,exposed,het_kla,heteroconger_klausewitzi,50,25
gorgona,el_muelle,12,2016,luis_chasqui,258,258,60,27,3,2,10,ninguna,exposed,cor_uro,coryphopterus_urospilus,4,3
gorgona,el_muelle,12,2016,luis_chasqui,258,258,60,27,3,2,10,ninguna,exposed,pse_nau,pseudobalistes_naufragium,3,35
gorgona,el_muelle,12,2016,luis_chasqui,258,258,60,27,3,2,10,ninguna,exposed,ste_aca,stegastes_acapulcoensis,1,8
gorgona,el_muelle,12,2016,luis_chasqui,258,258,60,27,3,2,10,ninguna,exposed,hal_chi,halichoeres_chierchiae,1,13
gorgona,el_muelle,12,2016,luis_chasqui,258,258,60,27,3,2,10,ninguna,exposed,myr_lei,myripristis_leiognathus,10,8
gorgona,el_muelle,12,2016,luis_chasqui,259,259,60,27,5,2,10,ninguna,exposed,ser_psi,serranus_psittacinus,10,8
gorgona,el_muelle,12,2016,luis_chasqui,259,259,60,27,5,2,10,ninguna,exposed,hal_dis,halichoeres_dispilus,1,8
gorgona,el_muelle,12,2016,luis_chasqui,259,259,60,27,5,2,10,ninguna,exposed,cir_oxy,cirrhitichthys_oxycephalus,100,3
gorgona,el_muelle,12,2016,luis_chasqui,259,259,60,27,5,2,10,ninguna,exposed,aca_xan,acanthurus_xanthopterus,1,13
gorgona,el_muelle,12,2016,luis_chasqui,259,259,60,27,5,2,10,ninguna,exposed,suf_ver,sufflamen_verres,1,25
gorgona,el_muelle,12,2016,luis_chasqui,259,259,60,27,5,2,10,ninguna,exposed,suf_ver,sufflamen_verres,1,8
gorgona,el_muelle,12,2016,luis_chasqui,259,259,60,27,5,2,10,ninguna,exposed,suf_ver,sufflamen_verres,1,13
gorgona,el_muelle,12,2016,luis_chasqui,259,259,60,27,5,2,10,ninguna,exposed,suf_ver,sufflamen_verres,1,18
gorgona,el_muelle,12,2016,luis_chasqui,259,259,60,27,5,2,10,ninguna,exposed,tha_luc,thalassoma_lucasanum,20,8
gorgona,el_muelle,12,2016,luis_chasqui,259,259,60,27,5,2,10,ninguna,exposed,par_col,paranthias_colonus,100,8
gorgona,el_muelle,12,2016,luis_chasqui,259,259,60,27,5,2,10,ninguna,exposed,hol_pas,holacanthus_passer,2,13
gorgona,el_muelle,12,2016,luis_chasqui,259,259,60,27,5,2,10,ninguna,exposed,epi_lab,epinephelus_labriformis,1,18
gorgona,el_muelle,12,2016,luis_chasqui,259,259,60,27,5,2,10,ninguna,exposed,ste_fla,stegastes_flavilatus,1,8
gorgona,el_muelle,12,2016,luis_chasqui,259,259,60,27,5,2,10,ninguna,exposed,cha_hum,chaetodon_humeralis,1,3
gorgona,el_muelle,12,2016,luis_chasqui,259,259,60,27,5,2,10,ninguna,exposed,joh_nig,johnrandallia_nigrirostris,1,8
gorgona,el_muelle,12,2016,luis_chasqui,259,259,60,27,5,2,10,ninguna,exposed,gym_und,gymnothorax_undulatus,1,85
gorgona,el_muelle,12,2016,luis_chasqui,259,259,60,27,5,2,10,ninguna,exposed,lut_arg,lutjanus_argentiventris,2,35
gorgona,el_muelle,12,2016,luis_chasqui,259,259,60,27,5,2,10,ninguna,exposed,aca_xan,acanthurus_xanthopterus,3,35
gorgona,el_muelle,12,2016,luis_chasqui,259,259,60,27,5,2,10,ninguna,exposed,can_pun,canthigaster_punctatissima,2,3
gorgona,el_muelle,12,2016,luis_chasqui,259,259,60,27,5,2,10,ninguna,exposed,car_mel,caranx_melampygus,1,35
gorgona,el_muelle,12,2016,luis_chasqui,260,260,60,27,5,2,10,ninguna,exposed,pse_nau,pseudobalistes_naufragium,1,35
gorgona,el_muelle,12,2016,luis_chasqui,260,260,60,27,5,2,10,ninguna,exposed,pse_nau,pseudobalistes_naufragium,1,45
gorgona,el_muelle,12,2016,luis_chasqui,260,260,60,27,5,2,10,ninguna,exposed,aca_xan,acanthurus_xanthopterus,5,35
gorgona,el_muelle,12,2016,luis_chasqui,260,260,60,27,5,2,10,ninguna,exposed,can_pun,canthigaster_punctatissima,10,3
gorgona,el_muelle,12,2016,luis_chasqui,260,260,60,27,5,2,10,ninguna,exposed,ser_psi,serranus_psittacinus,18,3
gorgona,el_muelle,12,2016,luis_chasqui,260,260,60,27,5,2,10,ninguna,exposed,cir_oxy,cirrhitichthys_oxycephalus,2,3
gorgona,el_muelle,12,2016,luis_chasqui,260,260,60,27,5,2,10,ninguna,exposed,suf_ver,sufflamen_verres,2,3
gorgona,el_muelle,12,2016,luis_chasqui,260,260,60,27,5,2,10,ninguna,exposed,ste_fla,stegastes_flavilatus,2,3
gorgona,el_muelle,12,2016,luis_chasqui,261,261,60,27,6,2,10,ninguna,exposed,apo_dov,apogon_dovii,4,3
gorgona,el_muelle,12,2016,luis_chasqui,261,261,60,27,6,2,10,ninguna,exposed,ste_fla,stegastes_flavilatus,1,3
gorgona,el_muelle,12,2016,luis_chasqui,261,261,60,27,6,2,10,ninguna,exposed,cir_oxy,cirrhitichthys_oxycephalus,2,3
gorgona,el_muelle,12,2016,luis_chasqui,261,261,60,27,6,2,10,ninguna,exposed,par_col,paranthias_colonus,30,3
gorgona,el_muelle,12,2016,luis_chasqui,261,261,60,27,6,2,10,ninguna,exposed,hal_dis,halichoeres_dispilus,20,8
gorgona,el_muelle,12,2016,luis_chasqui,261,261,60,27,6,2,10,ninguna,exposed,ser_psi,serranus_psittacinus,7,8
gorgona,el_muelle,12,2016,luis_chasqui,261,261,60,27,6,2,10,ninguna,exposed,can_pun,canthigaster_punctatissima,5,3
gorgona,el_muelle,12,2016,luis_chasqui,261,261,60,27,6,2,10,ninguna,exposed,suf_ver,sufflamen_verres,3,25
gorgona,el_muelle,12,2016,luis_chasqui,261,261,60,27,6,2,10,ninguna,exposed,mal_bre,malacanthus_brevirostris,2,25
gorgona,el_muelle,12,2016,luis_chasqui,261,261,60,27,6,2,10,ninguna,exposed,aro_mel,arothron_meleagris,1,13
gorgona,el_muelle,12,2016,luis_chasqui,261,261,60,27,6,2,10,ninguna,exposed,hae_fla,haemulon_flaviguttatum,2,3
gorgona,el_muelle,12,2016,luis_chasqui,261,261,60,27,6,2,10,ninguna,exposed,gym_cas,gymnothorax_castaneus,1,75
gorgona,el_muelle,12,2016,luis_chasqui,262,262,60,27,4,2,10,ninguna,exposed,car_mel,caranx_melampygus,5,35
gorgona,el_muelle,12,2016,luis_chasqui,262,262,60,27,4,2,10,ninguna,exposed,car_mel,caranx_melampygus,1,45
gorgona,el_muelle,12,2016,luis_chasqui,262,262,60,27,4,2,10,ninguna,exposed,gym_cas,gymnothorax_castaneus,1,85
gorgona,el_muelle,12,2016,luis_chasqui,262,262,60,27,4,2,10,ninguna,exposed,can_pun,canthigaster_punctatissima,3,3
gorgona,el_muelle,12,2016,luis_chasqui,262,262,60,27,4,2,10,ninguna,exposed,par_col,paranthias_colonus,105,3
gorgona,el_muelle,12,2016,luis_chasqui,262,262,60,27,4,2,10,ninguna,exposed,ser_psi,serranus_psittacinus,10,3
gorgona,el_muelle,12,2016,luis_chasqui,262,262,60,27,4,2,10,ninguna,exposed,ste_fla,stegastes_flavilatus,2,3
gorgona,el_muelle,12,2016,luis_chasqui,262,262,60,27,4,2,10,ninguna,exposed,suf_ver,sufflamen_verres,5,3
gorgona,el_muelle,12,2016,luis_chasqui,262,262,60,27,4,2,10,ninguna,exposed,cir_oxy,cirrhitichthys_oxycephalus,15,3
gorgona,el_muelle,12,2016,luis_chasqui,262,262,60,27,4,2,10,ninguna,exposed,tha_luc,thalassoma_lucasanum,100,3
gorgona,el_muelle,12,2016,luis_chasqui,262,262,60,27,4,2,10,ninguna,exposed,hol_pas,holacanthus_passer,2,3
gorgona,el_muelle,12,2016,luis_chasqui,262,262,60,27,4,2,10,ninguna,exposed,par_col,paranthias_colonus,100,8
gorgona,el_muelle,12,2016,luis_chasqui,262,262,60,27,4,2,10,ninguna,exposed,chr_atr,chromis_atrilobata,100,3
gorgona,el_muelle,12,2016,luis_chasqui,262,262,60,27,4,2,10,ninguna,exposed,aca_xan,acanthurus_xanthopterus,3,13
gorgona,el_muelle,12,2016,luis_chasqui,262,262,60,27,4,2,10,ninguna,exposed,cha_hum,chaetodon_humeralis,2,3
gorgona,el_muelle,12,2016,luis_chasqui,262,262,60,27,4,2,10,ninguna,exposed,aro_mel,arothron_meleagris,2,18
gorgona,el_muelle,12,2016,luis_chasqui,262,262,60,27,4,2,10,ninguna,exposed,suf_ver,sufflamen_verres,2,18
gorgona,el_muelle,12,2016,luis_chasqui,263,263,60,27,3,2,10,ninguna,exposed,suf_ver,sufflamen_verres,2,3
gorgona,el_muelle,12,2016,luis_chasqui,263,263,60,27,3,2,10,ninguna,exposed,suf_ver,sufflamen_verres,2,18
gorgona,el_muelle,12,2016,luis_chasqui,263,263,60,27,3,2,10,ninguna,exposed,ser_psi,serranus_psittacinus,1,8
gorgona,el_muelle,12,2016,luis_chasqui,263,263,60,27,3,2,10,ninguna,exposed,cir_oxy,cirrhitichthys_oxycephalus,2,3
gorgona,el_muelle,12,2016,luis_chasqui,263,263,60,27,3,2,10,ninguna,exposed,aca_xan,acanthurus_xanthopterus,2,35
gorgona,el_muelle,12,2016,luis_chasqui,263,263,60,27,3,2,10,ninguna,exposed,epi_lab,epinephelus_labriformis,2,13
gorgona,el_muelle,12,2016,luis_chasqui,263,263,60,27,3,2,10,ninguna,exposed,epi_lab,epinephelus_labriformis,1,18
gorgona,el_muelle,12,2016,luis_chasqui,263,263,60,27,3,2,10,ninguna,exposed,ste_fla,stegastes_flavilatus,1,3
gorgona,el_muelle,12,2016,luis_chasqui,263,263,60,27,3,2,10,ninguna,exposed,lut_gut,lutjanus_guttatus,4,13
gorgona,el_muelle,12,2016,luis_chasqui,263,263,60,27,3,2,10,ninguna,exposed,joh_nig,johnrandallia_nigrirostris,3,8
gorgona,el_muelle,12,2016,luis_chasqui,263,263,60,27,3,2,10,ninguna,exposed,hal_dis,halichoeres_dispilus,1,8
gorgona,el_muelle,12,2016,luis_chasqui,263,263,60,27,3,2,10,ninguna,exposed,hol_pas,holacanthus_passer,1,8
gorgona,el_muelle,12,2016,luis_chasqui,263,263,60,27,3,2,10,ninguna,exposed,hae_mac,haemulon_maculicauda,3,13
gorgona,el_muelle,12,2016,luis_chasqui,263,263,60,27,3,2,10,ninguna,exposed,zan_cor,zanclus_cornutus,1,18
gorgona,el_muelle,12,2016,luis_chasqui,263,263,60,27,3,2,10,ninguna,exposed,cep_pan,cephalopholis_panamensis,2,25
gorgona,el_muelle,12,2016,luis_chasqui,263,263,60,27,3,2,10,ninguna,exposed,myr_ber,myripristis_berndti,7,25
gorgona,el_muelle,12,2016,luis_chasqui,263,263,60,27,3,2,10,ninguna,exposed,myr_lei,myripristis_leiognathus,20,13
gorgona,el_muelle,12,2016,luis_chasqui,263,263,60,27,3,2,10,ninguna,exposed,hae_ste,haemulon_steindachneri,10,13
gorgona,el_muelle,12,2016,luis_chasqui,263,263,60,27,3,2,10,ninguna,exposed,cha_hum,chaetodon_humeralis,15,8
gorgona,el_muelle,12,2016,luis_chasqui,263,263,60,27,3,2,10,ninguna,exposed,gym_fla,gymnothorax_flavimarginatus,1,95
gorgona,el_muelle,12,2016,luis_chasqui,263,263,60,27,3,2,10,ninguna,exposed,lut_vir,lutjanus_viridis,30,25
gorgona,el_muelle,12,2016,luis_chasqui,263,263,60,27,3,2,10,ninguna,exposed,aca_xan,acanthurus_xanthopterus,4,35
gorgona,el_muelle,12,2016,luis_chasqui,263,263,60,27,3,2,10,ninguna,exposed,lut_arg,lutjanus_argentiventris,1,45
gorgona,el_muelle,12,2016,luis_chasqui,263,263,60,27,3,2,10,ninguna,exposed,dio_hys,diodon_hystrix,1,35
gorgona,el_muelle,12,2016,luis_chasqui,263,263,60,27,3,2,10,ninguna,exposed,aro_his,arothron_hispidus,2,25
gorgona,el_muelle,12,2016,luis_chasqui,263,263,60,27,3,2,10,ninguna,exposed,chr_atr,chromis_atrilobata,100,3
gorgona,el_muelle,12,2016,luis_chasqui,263,263,60,27,3,2,10,ninguna,exposed,tha_luc,thalassoma_lucasanum,20,8
gorgona,el_muelle,12,2016,luis_chasqui,263,263,60,27,3,2,10,ninguna,exposed,lut_gut,lutjanus_guttatus,20,8
gorgona,el_muelle,12,2016,luis_chasqui,263,263,60,27,3,2,10,ninguna,exposed,aro_mel,arothron_meleagris,4,18
gorgona,el_muelle,12,2016,luis_chasqui,263,263,60,27,3,2,10,ninguna,exposed,cep_pan,cephalopholis_panamensis,1,18
gorgona,el_muelle,12,2016,luis_chasqui,263,263,60,27,3,2,10,ninguna,exposed,hae_fla,haemulon_flaviguttatum,20,13
gorgona,el_muelle,12,2016,luis_chasqui,263,263,60,27,3,2,10,ninguna,exposed,mul_den,mulloidichthys_dentatus,2,13
gorgona,el_muelle,12,2016,luis_chasqui,263,263,60,27,3,2,10,ninguna,exposed,abu_tro,abudefduf_troschelii,30,13
gorgona,el_muelle,12,2016,luis_chasqui,263,263,60,27,3,2,10,ninguna,exposed,gym_cas,gymnothorax_castaneus,1,85
gorgona,el_muelle,12,2016,luis_chasqui,263,263,60,27,3,2,10,ninguna,exposed,aro_his,arothron_hispidus,1,35
gorgona,el_muelle,12,2016,luis_chasqui,263,263,60,27,3,2,10,ninguna,exposed,lut_arg,lutjanus_argentiventris,50,35
gorgona,el_muelle,12,2016,luis_chasqui,264,264,60,27,6,1,10,ninguna,exposed,cor_uro,coryphopterus_urospilus,1,3
gorgona,el_muelle,12,2016,luis_chasqui,264,264,60,27,6,1,10,ninguna,exposed,het_kla,heteroconger_klausewitzi,130,25
gorgona,el_muelle,12,2016,luis_chasqui,264,264,60,27,6,1,10,ninguna,exposed,aca_xan,acanthurus_xanthopterus,1,25
gorgona,el_muelle,12,2016,luis_chasqui,264,264,60,27,6,1,10,ninguna,exposed,hemirramphus,hemiramphus_saltator,50,25
gorgona,el_muelle,12,2016,luis_chasqui,264,264,60,27,6,1,10,ninguna,exposed,pse_nau,pseudobalistes_naufragium,1,35
gorgona,el_muelle,12,2016,luis_chasqui,264,264,60,27,6,1,10,ninguna,exposed,lut_gut,lutjanus_guttatus,1,3
gorgona,el_muelle,12,2016,luis_chasqui,264,264,60,27,6,1,10,ninguna,exposed,apo_dov,apogon_dovii,20,3
gorgona,el_muelle,12,2016,luis_chasqui,265,265,60,27,10,1,10,ninguna,exposed,het_kla,heteroconger_klausewitzi,100,25
gorgona,el_muelle,12,2016,luis_chasqui,265,265,60,27,10,1,10,ninguna,exposed,cha_del,chaenopsis_deltarrhis,1,3
gorgona,el_muelle,12,2016,luis_chasqui,265,265,60,27,10,1,10,ninguna,exposed,cor_uro,coryphopterus_urospilus,3,3
gorgona,el_muelle,12,2016,luis_chasqui,265,265,60,27,10,1,10,ninguna,exposed,sph_ens,sphyraena_ensis,6,55
gorgona,el_muelle,12,2016,luis_chasqui,265,265,60,27,10,1,10,ninguna,exposed,aca_xan,acanthurus_xanthopterus,2,35
gorgona,el_muelle,12,2016,luis_chasqui,266,266,60,27,6,1,10,ninguna,exposed,ser_psi,serranus_psittacinus,5,3
gorgona,el_muelle,12,2016,luis_chasqui,266,266,60,27,6,1,10,ninguna,exposed,can_pun,canthigaster_punctatissima,2,3
gorgona,el_muelle,12,2016,luis_chasqui,266,266,60,27,6,1,10,ninguna,exposed,het_kla,heteroconger_klausewitzi,2,25
gorgona,el_muelle,12,2016,luis_chasqui,266,266,60,27,6,1,10,ninguna,exposed,hemirramphus,hemiramphus_saltator,100,25
gorgona,el_muelle,12,2016,luis_chasqui,266,266,60,27,6,1,10,ninguna,exposed,pla_aza,plagiotremus_azaleus,2,3
gorgona,el_muelle,12,2016,luis_chasqui,266,266,60,27,6,1,10,ninguna,exposed,cor_uro,coryphopterus_urospilus,1,3
gorgona,el_muelle,12,2016,luis_chasqui,266,266,60,27,6,1,10,ninguna,exposed,aca_xan,acanthurus_xanthopterus,2,25
gorgona,el_muelle,12,2016,luis_chasqui,266,266,60,27,6,1,10,ninguna,exposed,aro_mel,arothron_meleagris,1,18
gorgona,el_muelle,12,2016,luis_chasqui,266,266,60,27,6,1,10,ninguna,exposed,aro_his,arothron_hispidus,1,18
gorgona,el_muelle,12,2016,luis_chasqui,266,266,60,27,6,1,10,ninguna,exposed,pse_nau,pseudobalistes_naufragium,1,45
gorgona,el_muelle,12,2016,luis_chasqui,266,266,60,27,6,1,10,ninguna,exposed,hal_dis,halichoeres_dispilus,1,3
gorgona,el_muelle,12,2016,luis_chasqui,267,267,60,27,3,1,10,ninguna,exposed,aca_xan,acanthurus_xanthopterus,1,3
gorgona,el_muelle,12,2016,luis_chasqui,267,267,60,27,3,1,10,ninguna,exposed,hal_dis,halichoeres_dispilus,3,3
gorgona,el_muelle,12,2016,luis_chasqui,267,267,60,27,3,1,10,ninguna,exposed,ser_psi,serranus_psittacinus,6,3
gorgona,el_muelle,12,2016,luis_chasqui,267,267,60,27,3,1,10,ninguna,exposed,can_pun,canthigaster_punctatissima,1,3
gorgona,el_muelle,12,2016,luis_chasqui,267,267,60,27,3,1,10,ninguna,exposed,aro_his,arothron_hispidus,1,25
gorgona,el_muelle,12,2016,luis_chasqui,267,267,60,27,3,1,10,ninguna,exposed,pla_aza,plagiotremus_azaleus,1,3
gorgona,el_muelle,12,2016,luis_chasqui,268,268,60,27,3,2,10,ninguna,exposed,hae_fla,haemulon_flaviguttatum,80,3
gorgona,el_muelle,12,2016,luis_chasqui,268,268,60,27,3,2,10,ninguna,exposed,pla_aza,plagiotremus_azaleus,5,3
gorgona,el_muelle,12,2016,luis_chasqui,268,268,60,27,3,2,10,ninguna,exposed,tha_luc,thalassoma_lucasanum,1,8
gorgona,el_muelle,12,2016,luis_chasqui,268,268,60,27,3,2,10,ninguna,exposed,ser_psi,serranus_psittacinus,2,3
gorgona,el_muelle,12,2016,luis_chasqui,268,268,60,27,3,2,10,ninguna,exposed,aca_xan,acanthurus_xanthopterus,2,8
gorgona,el_muelle,12,2016,luis_chasqui,268,268,60,27,3,2,10,ninguna,exposed,cir_oxy,cirrhitichthys_oxycephalus,20,3
gorgona,el_muelle,12,2016,luis_chasqui,268,268,60,27,3,2,10,ninguna,exposed,hal_dis,halichoeres_dispilus,1,8
gorgona,el_muelle,12,2016,luis_chasqui,268,268,60,27,3,2,10,ninguna,exposed,can_pun,canthigaster_punctatissima,5,3
gorgona,el_muelle,12,2016,luis_chasqui,268,268,60,27,3,2,10,ninguna,exposed,par_col,paranthias_colonus,5,8
gorgona,el_muelle,12,2016,luis_chasqui,268,268,60,27,3,2,10,ninguna,exposed,par_col,paranthias_colonus,100,3
gorgona,el_muelle,12,2016,luis_chasqui,268,268,60,27,3,2,10,ninguna,exposed,hol_pas,holacanthus_passer,1,3
gorgona,el_muelle,12,2016,luis_chasqui,268,268,60,27,3,2,10,ninguna,exposed,ste_fla,stegastes_flavilatus,2,3
gorgona,el_muelle,12,2016,luis_chasqui,268,268,60,27,3,2,10,ninguna,exposed,lut_vir,lutjanus_viridis,70,3
gorgona,el_muelle,12,2016,luis_chasqui,268,268,60,27,3,2,10,ninguna,exposed,lut_gut,lutjanus_guttatus,1,8
gorgona,el_muelle,12,2016,luis_chasqui,268,268,60,27,3,2,10,ninguna,exposed,aro_mel,arothron_meleagris,1,25
gorgona,el_muelle,12,2016,luis_chasqui,268,268,60,27,3,2,10,ninguna,exposed,dio_hol,diodon_holocanthus,1,18
gorgona,el_muelle,12,2016,luis_chasqui,268,268,60,27,3,2,10,ninguna,exposed,suf_ver,sufflamen_verres,8,3
gorgona,el_muelle,12,2016,luis_chasqui,268,268,60,27,3,2,10,ninguna,exposed,pse_nau,pseudobalistes_naufragium,1,45
gorgona,el_muelle,12,2016,luis_chasqui,268,268,60,27,3,2,10,ninguna,exposed,het_kla,heteroconger_klausewitzi,10,25
gorgona,el_muelle,12,2016,luis_chasqui,268,268,60,27,3,2,10,ninguna,exposed,dio_hol,diodon_holocanthus,2,13
gorgona,el_muelle,12,2016,luis_chasqui,269,269,60,27,4,1,10,ninguna,exposed,ser_psi,serranus_psittacinus,5,3
gorgona,el_muelle,12,2016,luis_chasqui,269,269,60,27,4,1,10,ninguna,exposed,cir_oxy,cirrhitichthys_oxycephalus,5,3
gorgona,el_muelle,12,2016,luis_chasqui,269,269,60,27,4,1,10,ninguna,exposed,het_kla,heteroconger_klausewitzi,100,25
gorgona,el_muelle,12,2016,luis_chasqui,269,269,60,27,4,1,10,ninguna,exposed,dio_hol,diodon_holocanthus,3,18
gorgona,el_muelle,12,2016,luis_chasqui,269,269,60,27,4,1,10,ninguna,exposed,gna_spe,gnathanodon_speciosus,1,45
gorgona,el_muelle,12,2016,luis_chasqui,269,269,60,27,4,1,10,ninguna,exposed,aca_xan,acanthurus_xanthopterus,4,35
gorgona,el_muelle,12,2016,luis_chasqui,269,269,60,27,4,1,10,ninguna,exposed,pse_nau,pseudobalistes_naufragium,1,35
gorgona,el_muelle,12,2016,luis_chasqui,269,269,60,27,4,1,10,ninguna,exposed,aro_his,arothron_hispidus,1,25
gorgona,el_muelle,12,2016,luis_chasqui,269,269,60,27,4,1,10,ninguna,exposed,aro_mel,arothron_meleagris,1,25
gorgona,el_muelle,12,2016,luis_chasqui,269,269,60,27,4,1,10,ninguna,exposed,car_cab,caranx_caballus,4,35
gorgona,el_muelle,12,2016,luis_chasqui,269,269,60,27,4,1,10,ninguna,exposed,sco_his,scorpaena_histrio,2,3
gorgona,el_muelle,12,2016,luis_chasqui,269,269,60,27,4,1,10,ninguna,exposed,cor_uro,coryphopterus_urospilus,1,3
gorgona,el_muelle,12,2016,luis_chasqui,270,270,60,27,7,1,10,ninguna,exposed,het_kla,heteroconger_klausewitzi,100,25
gorgona,el_muelle,12,2016,luis_chasqui,270,270,60,27,7,1,10,ninguna,exposed,pla_aza,plagiotremus_azaleus,6,3
gorgona,el_muelle,12,2016,luis_chasqui,270,270,60,27,7,1,10,ninguna,exposed,lut_gut,lutjanus_guttatus,1,3
gorgona,el_muelle,12,2016,luis_chasqui,270,270,60,27,7,1,10,ninguna,exposed,cor_uro,coryphopterus_urospilus,30,3
gorgona,el_muelle,12,2016,luis_chasqui,270,270,60,27,7,1,10,ninguna,exposed,ela_ino,tigrigobius_inornatus,12,3
gorgona,el_muelle,12,2016,luis_chasqui,270,270,60,27,7,1,10,ninguna,exposed,apo_dov,apogon_dovii,30,3
gorgona,el_muelle,12,2016,luis_chasqui,270,270,60,27,7,1,10,ninguna,exposed,suf_ver,sufflamen_verres,1,35
gorgona,el_muelle,12,2016,luis_chasqui,270,270,60,27,7,1,10,ninguna,exposed,gna_spe,gnathanodon_speciosus,1,45
gorgona,el_muelle,12,2016,luis_chasqui,270,270,60,27,7,1,10,ninguna,exposed,suf_ver,sufflamen_verres,3,8
gorgona,el_muelle,12,2016,luis_chasqui,270,270,60,27,7,1,10,ninguna,exposed,lut_gut,lutjanus_guttatus,10,3
gorgona,el_muelle,12,2016,luis_chasqui,270,270,60,27,7,1,10,ninguna,exposed,hae_fla,haemulon_flaviguttatum,10,3
gorgona,el_muelle,12,2016,luis_chasqui,270,270,60,27,7,1,10,ninguna,exposed,par_col,paranthias_colonus,5,3
gorgona,el_muelle,12,2016,luis_chasqui,270,270,60,27,7,1,10,ninguna,exposed,apo_dov,apogon_dovii,12,8
gorgona,el_muelle,12,2016,luis_chasqui,270,270,60,27,7,1,10,ninguna,exposed,aro_his,arothron_hispidus,1,25
golfo_tribuga,morromico,4,2016,luis_chasqui,27,5,50,27,10,2,10,suave,exposed,ste_fla,stegastes_flavilatus,20,8
golfo_tribuga,morromico,4,2016,luis_chasqui,27,5,50,27,10,2,10,suave,exposed,cep_pan,cephalopholis_panamensis,2,18
golfo_tribuga,morromico,4,2016,luis_chasqui,27,5,50,27,10,2,10,suave,exposed,par_col,paranthias_colonus,10,3
golfo_tribuga,morromico,4,2016,luis_chasqui,27,5,50,27,10,2,10,suave,exposed,tha_luc,thalassoma_lucasanum,20,3
golfo_tribuga,morromico,4,2016,luis_chasqui,27,5,50,27,10,2,10,suave,exposed,pla_aza,plagiotremus_azaleus,5,3
golfo_tribuga,morromico,4,2016,luis_chasqui,27,5,50,27,10,2,10,suave,exposed,hal_dis,halichoeres_dispilus,70,3
golfo_tribuga,morromico,4,2016,luis_chasqui,27,5,50,27,10,2,10,suave,exposed,epi_lab,epinephelus_labriformis,5,18
golfo_tribuga,morromico,4,2016,luis_chasqui,27,5,50,27,10,2,10,suave,exposed,hal_nic,halichoeres_nicholsi,7,8
golfo_tribuga,morromico,4,2016,luis_chasqui,27,5,50,27,10,2,10,suave,exposed,hol_pas,holacanthus_passer,1,18
golfo_tribuga,morromico,4,2016,luis_chasqui,27,5,50,27,10,2,10,suave,exposed,mul_den,mulloidichthys_dentatus,1,13
golfo_tribuga,morromico,4,2016,luis_chasqui,27,5,50,27,10,2,10,suave,exposed,sca_gho,scarus_ghobban,5,35
golfo_tribuga,morromico,4,2016,luis_chasqui,27,5,50,27,10,2,10,suave,exposed,sca_per,scarus_perrico,1,45
golfo_tribuga,morromico,4,2016,luis_chasqui,27,5,50,27,10,2,10,suave,exposed,lut_arg,lutjanus_argentiventris,2,18
golfo_tribuga,morromico,4,2016,luis_chasqui,27,5,50,27,10,2,10,suave,exposed,suf_ver,sufflamen_verres,2,18
golfo_tribuga,morromico,4,2016,luis_chasqui,27,5,50,27,10,2,10,suave,exposed,chi_ret,chilomycterus_reticulatus,1,25
golfo_tribuga,morromico,4,2016,luis_chasqui,27,5,50,27,10,2,10,suave,exposed,bod_dip,bodianus_diplotaenia,3,18
golfo_tribuga,morromico,4,2016,luis_chasqui,27,5,50,27,10,2,10,suave,exposed,par_col,paranthias_colonus,20,18
golfo_tribuga,morromico,4,2016,luis_chasqui,27,5,50,27,10,2,10,suave,exposed,joh_nig,johnrandallia_nigrirostris,5,8
golfo_tribuga,morromico,4,2016,luis_chasqui,27,5,50,27,10,2,10,suave,exposed,can_pun,canthigaster_punctatissima,5,3
golfo_tribuga,morromico,4,2016,luis_chasqui,27,5,50,27,10,2,10,suave,exposed,nov_tae,novaculichthys_taeniourus,1,8
golfo_tribuga,morromico,4,2016,luis_chasqui,27,5,50,27,10,2,10,suave,exposed,nov_tae,novaculichthys_taeniourus,1,13
golfo_tribuga,morromico,4,2016,luis_chasqui,27,5,50,27,10,2,10,suave,exposed,ser_psi,serranus_psittacinus,5,8
golfo_tribuga,morromico,4,2016,luis_chasqui,27,5,50,27,10,2,10,suave,exposed,hal_dis,halichoeres_dispilus,3,13
golfo_tribuga,morromico,4,2016,luis_chasqui,28,5,50,27,10,2,10,suave,exposed,ste_fla,stegastes_flavilatus,7,8
golfo_tribuga,morromico,4,2016,luis_chasqui,28,5,50,27,10,2,10,suave,exposed,mic_dor,microspathodon_dorsalis,1,13
golfo_tribuga,morromico,4,2016,luis_chasqui,28,5,50,27,10,2,10,suave,exposed,hol_pas,holacanthus_passer,1,18
golfo_tribuga,morromico,4,2016,luis_chasqui,28,5,50,27,10,2,10,suave,exposed,myr_lei,myripristis_leiognathus,1,18
golfo_tribuga,morromico,4,2016,luis_chasqui,28,5,50,27,10,2,10,suave,exposed,epi_lab,epinephelus_labriformis,3,25
golfo_tribuga,morromico,4,2016,luis_chasqui,28,5,50,27,10,2,10,suave,exposed,can_pun,canthigaster_punctatissima,7,3
golfo_tribuga,morromico,4,2016,luis_chasqui,28,5,50,27,10,2,10,suave,exposed,hal_nic,halichoeres_nicholsi,3,18
golfo_tribuga,morromico,4,2016,luis_chasqui,28,5,50,27,10,2,10,suave,exposed,mul_den,mulloidichthys_dentatus,2,18
golfo_tribuga,morromico,4,2016,luis_chasqui,28,5,50,27,10,2,10,suave,exposed,joh_nig,johnrandallia_nigrirostris,1,8
golfo_tribuga,morromico,4,2016,luis_chasqui,28,5,50,27,10,2,10,suave,exposed,tha_luc,thalassoma_lucasanum,50,3
golfo_tribuga,morromico,4,2016,luis_chasqui,28,5,50,27,10,2,10,suave,exposed,cha_hum,chaetodon_humeralis,2,8
golfo_tribuga,morromico,4,2016,luis_chasqui,28,5,50,27,10,2,10,suave,exposed,hal_dis,halichoeres_dispilus,50,8
golfo_tribuga,morromico,4,2016,luis_chasqui,28,5,50,27,10,2,10,suave,exposed,lut_gut,lutjanus_guttatus,2,18
golfo_tribuga,morromico,4,2016,luis_chasqui,28,5,50,27,10,2,10,suave,exposed,ser_psi,serranus_psittacinus,3,3
golfo_tribuga,morromico,4,2016,luis_chasqui,28,5,50,27,10,2,10,suave,exposed,pla_aza,plagiotremus_azaleus,10,3
golfo_tribuga,morromico,4,2016,luis_chasqui,28,5,50,27,10,2,10,suave,exposed,cir_oxy,cirrhitichthys_oxycephalus,1,3
golfo_tribuga,morromico,4,2016,luis_chasqui,28,5,50,27,10,2,10,suave,exposed,par_col,paranthias_colonus,10,8
golfo_tribuga,morromico,4,2016,luis_chasqui,28,5,50,27,10,2,10,suave,exposed,myr_lei,myripristis_leiognathus,3,13
golfo_tribuga,morromico,4,2016,luis_chasqui,28,5,50,27,10,2,10,suave,exposed,sar_sub,sargocentron_suborbitalis,1,18
golfo_tribuga,morromico,4,2016,luis_chasqui,28,5,50,27,10,2,10,suave,exposed,hal_chi,halichoeres_chierchiae,1,18
golfo_tribuga,morromico,4,2016,luis_chasqui,28,5,50,27,10,2,10,suave,exposed,hal_nic,halichoeres_nicholsi,1,18
golfo_tribuga,morromico,4,2016,luis_chasqui,29,5,50,27,9,2,10,suave,exposed,hae_ste,haemulon_steindachneri,10,18
golfo_tribuga,morromico,4,2016,luis_chasqui,29,5,50,27,9,2,10,suave,exposed,joh_nig,johnrandallia_nigrirostris,43,8
golfo_tribuga,morromico,4,2016,luis_chasqui,29,5,50,27,9,2,10,suave,exposed,can_pun,canthigaster_punctatissima,4,3
golfo_tribuga,morromico,4,2016,luis_chasqui,29,5,50,27,9,2,10,suave,exposed,mic_dor,microspathodon_dorsalis,1,18
golfo_tribuga,morromico,4,2016,luis_chasqui,29,5,50,27,9,2,10,suave,exposed,epi_lab,epinephelus_labriformis,4,13
golfo_tribuga,morromico,4,2016,luis_chasqui,29,5,50,27,9,2,10,suave,exposed,epi_lab,epinephelus_labriformis,5,18
golfo_tribuga,morromico,4,2016,luis_chasqui,29,5,50,27,9,2,10,suave,exposed,ste_fla,stegastes_flavilatus,3,8
golfo_tribuga,morromico,4,2016,luis_chasqui,29,5,50,27,9,2,10,suave,exposed,hol_pas,holacanthus_passer,2,13
golfo_tribuga,morromico,4,2016,luis_chasqui,29,5,50,27,9,2,10,suave,exposed,bod_dip,bodianus_diplotaenia,1,13
golfo_tribuga,morromico,4,2016,luis_chasqui,29,5,50,27,9,2,10,suave,exposed,myr_tig,myrichthys_tigrinus,1,45
golfo_tribuga,morromico,4,2016,luis_chasqui,29,5,50,27,9,2,10,suave,exposed,cha_hum,chaetodon_humeralis,25,8
golfo_tribuga,morromico,4,2016,luis_chasqui,29,5,50,27,9,2,10,suave,exposed,cep_pan,cephalopholis_panamensis,2,25
golfo_tribuga,morromico,4,2016,luis_chasqui,29,5,50,27,9,2,10,suave,exposed,hol_pas,holacanthus_passer,2,25
golfo_tribuga,morromico,4,2016,luis_chasqui,29,5,50,27,9,2,10,suave,exposed,hal_nic,halichoeres_nicholsi,1,18
golfo_tribuga,morromico,4,2016,luis_chasqui,29,5,50,27,9,2,10,suave,exposed,gym_cas,gymnothorax_castaneus,1,55
golfo_tribuga,morromico,4,2016,luis_chasqui,29,5,50,27,9,2,10,suave,exposed,sca_gho,scarus_ghobban,3,35
golfo_tribuga,morromico,4,2016,luis_chasqui,29,5,50,27,9,2,10,suave,exposed,hal_dis,halichoeres_dispilus,100,3
golfo_tribuga,morromico,4,2016,luis_chasqui,29,5,50,27,9,2,10,suave,exposed,sec_ocy,kyphosus_ocyurus,20,35
golfo_tribuga,morromico,4,2016,luis_chasqui,29,5,50,27,9,2,10,suave,exposed,ser_psi,serranus_psittacinus,5,3
golfo_tribuga,morromico,4,2016,luis_chasqui,29,5,50,27,9,2,10,suave,exposed,fis_com,fistularia_commersonii,5,45
golfo_tribuga,morromico,4,2016,luis_chasqui,29,5,50,27,9,2,10,suave,exposed,cir_oxy,cirrhitichthys_oxycephalus,1,3
golfo_tribuga,morromico,4,2016,luis_chasqui,29,5,50,27,9,2,10,suave,exposed,aca_xan,acanthurus_xanthopterus,20,25
golfo_tribuga,morromico,4,2016,luis_chasqui,29,5,50,27,9,2,10,suave,exposed,lut_arg,lutjanus_argentiventris,1,18
golfo_tribuga,morromico,4,2016,luis_chasqui,29,5,50,27,9,2,10,suave,exposed,lut_ine,lutjanus_inermis,2,18
golfo_tribuga,morromico,4,2016,luis_chasqui,29,5,50,27,9,2,10,suave,exposed,cha_zon,chaetodipterus_zonatus,3,35
golfo_tribuga,morromico,4,2016,luis_chasqui,30,5,50,27,9,2,10,suave,exposed,zan_cor,zanclus_cornutus,3,18
golfo_tribuga,morromico,4,2016,luis_chasqui,30,5,50,27,9,2,10,suave,exposed,pri_lat,prionurus_laticlavius,1,35
golfo_tribuga,morromico,4,2016,luis_chasqui,30,5,50,27,9,2,10,suave,exposed,lut_arg,lutjanus_argentiventris,11,18
golfo_tribuga,morromico,4,2016,luis_chasqui,30,5,50,27,9,2,10,suave,exposed,lut_arg,lutjanus_argentiventris,2,45
golfo_tribuga,morromico,4,2016,luis_chasqui,30,5,50,27,9,2,10,suave,exposed,par_col,paranthias_colonus,10,22
golfo_tribuga,morromico,4,2016,luis_chasqui,30,5,50,27,9,2,10,suave,exposed,mul_den,mulloidichthys_dentatus,3,18
golfo_tribuga,morromico,4,2016,luis_chasqui,30,5,50,27,9,2,10,suave,exposed,bod_dip,bodianus_diplotaenia,4,18
golfo_tribuga,morromico,4,2016,luis_chasqui,30,5,50,27,9,2,10,suave,exposed,aro_mel,arothron_meleagris,2,25
golfo_tribuga,morromico,4,2016,luis_chasqui,30,5,50,27,9,2,10,suave,exposed,sar_sub,sargocentron_suborbitalis,3,18
golfo_tribuga,morromico,4,2016,luis_chasqui,30,5,50,27,9,2,10,suave,exposed,mic_dor,microspathodon_dorsalis,4,25
golfo_tribuga,morromico,4,2016,luis_chasqui,30,5,50,27,9,2,10,suave,exposed,myr_lei,myripristis_leiognathus,9,13
golfo_tribuga,morromico,4,2016,luis_chasqui,30,5,50,27,9,2,10,suave,exposed,sca_per,scarus_perrico,2,35
golfo_tribuga,morromico,4,2016,luis_chasqui,30,5,50,27,9,2,10,suave,exposed,kyp_ana,kyphosus_vaigiensis,3,18
golfo_tribuga,morromico,4,2016,luis_chasqui,30,5,50,27,9,2,10,suave,exposed,aul_chi,aulostomus_chinensis,1,25
golfo_tribuga,morromico,4,2016,luis_chasqui,30,5,50,27,9,2,10,suave,exposed,cep_pan,cephalopholis_panamensis,4,18
golfo_tribuga,morromico,4,2016,luis_chasqui,30,5,50,27,9,2,10,suave,exposed,can_pun,canthigaster_punctatissima,2,3
golfo_tribuga,morromico,4,2016,luis_chasqui,30,5,50,27,9,2,10,suave,exposed,chr_atr,chromis_atrilobata,100,3
golfo_tribuga,morromico,4,2016,luis_chasqui,30,5,50,27,9,2,10,suave,exposed,tha_luc,thalassoma_lucasanum,50,3
golfo_tribuga,morromico,4,2016,luis_chasqui,30,5,50,27,9,2,10,suave,exposed,par_col,paranthias_colonus,20,8
golfo_tribuga,morromico,4,2016,luis_chasqui,30,5,50,27,9,2,10,suave,exposed,par_col,paranthias_colonus,50,3
golfo_tribuga,morromico,4,2016,luis_chasqui,31,5,50,27,10,2,10,suave,exposed,lut_arg,lutjanus_argentiventris,5,18
golfo_tribuga,morromico,4,2016,luis_chasqui,31,5,50,27,10,2,10,suave,exposed,can_pun,canthigaster_punctatissima,20,3
golfo_tribuga,morromico,4,2016,luis_chasqui,31,5,50,27,10,2,10,suave,exposed,ste_fla,stegastes_flavilatus,25,8
golfo_tribuga,morromico,4,2016,luis_chasqui,31,5,50,27,10,2,10,suave,exposed,cir_riv,cirrhitus_rivulatus,1,18
golfo_tribuga,morromico,4,2016,luis_chasqui,31,5,50,27,10,2,10,suave,exposed,hal_nic,halichoeres_nicholsi,3,13
golfo_tribuga,morromico,4,2016,luis_chasqui,31,5,50,27,10,2,10,suave,exposed,gym_cas,gymnothorax_castaneus,1,35
golfo_tribuga,morromico,4,2016,luis_chasqui,31,5,50,27,10,2,10,suave,exposed,gym_cas,gymnothorax_castaneus,1,25
golfo_tribuga,morromico,4,2016,luis_chasqui,31,5,50,27,10,2,10,suave,exposed,epi_lab,epinephelus_labriformis,4,18
golfo_tribuga,morromico,4,2016,luis_chasqui,31,5,50,27,10,2,10,suave,exposed,epi_lab,epinephelus_labriformis,2,13
golfo_tribuga,morromico,4,2016,luis_chasqui,31,5,50,27,10,2,10,suave,exposed,epi_lab,epinephelus_labriformis,3,25
golfo_tribuga,morromico,4,2016,luis_chasqui,31,5,50,27,10,2,10,suave,exposed,pla_aza,plagiotremus_azaleus,2,3
golfo_tribuga,morromico,4,2016,luis_chasqui,31,5,50,27,10,2,10,suave,exposed,lut_vir,lutjanus_viridis,2,13
golfo_tribuga,morromico,4,2016,luis_chasqui,31,5,50,27,10,2,10,suave,exposed,joh_nig,johnrandallia_nigrirostris,1,3
golfo_tribuga,morromico,4,2016,luis_chasqui,31,5,50,27,10,2,10,suave,exposed,hal_dis,halichoeres_dispilus,80,3
golfo_tribuga,morromico,4,2016,luis_chasqui,31,5,50,27,10,2,10,suave,exposed,hae_ste,haemulon_steindachneri,100,18
golfo_tribuga,morromico,4,2016,luis_chasqui,31,5,50,27,10,2,10,suave,exposed,ser_psi,serranus_psittacinus,25,3
golfo_tribuga,morromico,4,2016,luis_chasqui,31,5,50,27,10,2,10,suave,exposed,ser_psi,serranus_psittacinus,5,8
golfo_tribuga,morromico,4,2016,luis_chasqui,31,5,50,27,10,2,10,suave,exposed,sec_ocy,kyphosus_ocyurus,30,35
golfo_tribuga,morromico,4,2016,luis_chasqui,32,5,50,27,10,2,10,suave,exposed,pse_nau,pseudobalistes_naufragium,3,35
golfo_tribuga,morromico,4,2016,luis_chasqui,32,5,50,27,10,2,10,suave,exposed,cep_pan,cephalopholis_panamensis,1,35
golfo_tribuga,morromico,4,2016,luis_chasqui,32,5,50,27,10,2,10,suave,exposed,hae_mac,haemulon_maculicauda,60,18
golfo_tribuga,morromico,4,2016,luis_chasqui,32,5,50,27,10,2,10,suave,exposed,hae_fla,haemulon_flaviguttatum,1,18
golfo_tribuga,morromico,4,2016,luis_chasqui,32,5,50,27,10,2,10,suave,exposed,lut_ine,lutjanus_inermis,7,18
golfo_tribuga,morromico,4,2016,luis_chasqui,32,5,50,27,10,2,10,suave,exposed,lut_arg,lutjanus_argentiventris,5,18
golfo_tribuga,morromico,4,2016,luis_chasqui,32,5,50,27,10,2,10,suave,exposed,lut_vir,lutjanus_viridis,2,13
golfo_tribuga,morromico,4,2016,luis_chasqui,32,5,50,27,10,2,10,suave,exposed,bod_dip,bodianus_diplotaenia,1,13
golfo_tribuga,morromico,4,2016,luis_chasqui,32,5,50,27,10,2,10,suave,exposed,ste_fla,stegastes_flavilatus,25,8
golfo_tribuga,morromico,4,2016,luis_chasqui,32,5,50,27,10,2,10,suave,exposed,hal_nic,halichoeres_nicholsi,3,13
golfo_tribuga,morromico,4,2016,luis_chasqui,32,5,50,27,10,2,10,suave,exposed,epi_lab,epinephelus_labriformis,3,13
golfo_tribuga,morromico,4,2016,luis_chasqui,32,5,50,27,10,2,10,suave,exposed,epi_lab,epinephelus_labriformis,1,18
golfo_tribuga,morromico,4,2016,luis_chasqui,32,5,50,27,10,2,10,suave,exposed,cep_pan,cephalopholis_panamensis,3,13
golfo_tribuga,morromico,4,2016,luis_chasqui,32,5,50,27,10,2,10,suave,exposed,hae_fla,haemulon_flaviguttatum,50,18
golfo_tribuga,morromico,4,2016,luis_chasqui,32,5,50,27,10,2,10,suave,exposed,hae_fla,haemulon_flaviguttatum,5,25
golfo_tribuga,morromico,4,2016,luis_chasqui,32,5,50,27,10,2,10,suave,exposed,par_col,paranthias_colonus,20,8
golfo_tribuga,morromico,4,2016,luis_chasqui,32,5,50,27,10,2,10,suave,exposed,par_col,paranthias_colonus,5,25
golfo_tribuga,morromico,4,2016,luis_chasqui,32,5,50,27,10,2,10,suave,exposed,joh_nig,johnrandallia_nigrirostris,20,8
golfo_tribuga,morromico,4,2016,luis_chasqui,32,5,50,27,10,2,10,suave,exposed,can_pun,canthigaster_punctatissima,5,3
golfo_tribuga,morromico,4,2016,luis_chasqui,32,5,50,27,10,2,10,suave,exposed,ser_psi,serranus_psittacinus,5,3
golfo_tribuga,morromico,4,2016,luis_chasqui,32,5,50,27,10,2,10,suave,exposed,mul_den,mulloidichthys_dentatus,30,18
golfo_tribuga,morros_jurubida,4,2016,natalia_rincon,33,6,50,28,7,2,1,media,exposed,ste_fla,stegastes_flavilatus,9,8
golfo_tribuga,morros_jurubida,4,2016,natalia_rincon,33,6,50,28,7,2,1,media,exposed,cep_pan,cephalopholis_panamensis,1,18
golfo_tribuga,morros_jurubida,4,2016,natalia_rincon,33,6,50,28,7,2,1,media,exposed,hol_pas,holacanthus_passer,1,13
golfo_tribuga,morros_jurubida,4,2016,natalia_rincon,33,6,50,28,7,2,1,media,exposed,joh_nig,johnrandallia_nigrirostris,1,8
golfo_tribuga,morros_jurubida,4,2016,natalia_rincon,33,6,50,28,7,2,1,media,exposed,bod_dip,bodianus_diplotaenia,3,18
golfo_tribuga,morros_jurubida,4,2016,natalia_rincon,33,6,50,28,7,2,1,media,exposed,cha_hum,chaetodon_humeralis,3,8
golfo_tribuga,morros_jurubida,4,2016,natalia_rincon,33,6,50,28,7,2,1,media,exposed,lut_arg,lutjanus_argentiventris,1,13
golfo_tribuga,morros_jurubida,4,2016,natalia_rincon,33,6,50,28,7,2,1,media,exposed,chr_atr,chromis_atrilobata,50,3
golfo_tribuga,morros_jurubida,4,2016,natalia_rincon,33,6,50,28,7,2,1,media,exposed,aro_his,arothron_hispidus,1,18
golfo_tribuga,morros_jurubida,4,2016,natalia_rincon,33,6,50,28,7,2,1,media,exposed,cep_pan,cephalopholis_panamensis,1,18
golfo_tribuga,morros_jurubida,4,2016,natalia_rincon,33,6,50,28,7,2,1,media,exposed,hal_dis,halichoeres_dispilus,41,3
golfo_tribuga,morros_jurubida,4,2016,natalia_rincon,33,6,50,28,7,2,1,media,exposed,hal_not,halichoeres_notospilus,2,8
golfo_tribuga,morros_jurubida,4,2016,natalia_rincon,33,6,50,28,7,2,1,media,exposed,can_pun,canthigaster_punctatissima,2,3
golfo_tribuga,morros_jurubida,4,2016,natalia_rincon,33,6,50,28,7,2,1,media,exposed,ste_fla,stegastes_flavilatus,1,8
golfo_tribuga,morros_jurubida,4,2016,natalia_rincon,33,6,50,28,7,2,1,media,exposed,suf_ver,sufflamen_verres,1,13
golfo_tribuga,morros_jurubida,4,2016,natalia_rincon,33,6,50,28,7,2,1,media,exposed,epi_lab,epinephelus_labriformis,1,13
golfo_tribuga,morros_jurubida,4,2016,natalia_rincon,34,6,50,28,4,2,2,media,exposed,epi_lab,epinephelus_labriformis,2,13
golfo_tribuga,morros_jurubida,4,2016,natalia_rincon,34,6,50,28,4,2,2,media,exposed,joh_nig,johnrandallia_nigrirostris,3,8
golfo_tribuga,morros_jurubida,4,2016,natalia_rincon,34,6,50,28,4,2,2,media,exposed,aro_mel,arothron_meleagris,1,18
golfo_tribuga,morros_jurubida,4,2016,natalia_rincon,34,6,50,28,4,2,2,media,exposed,ste_fla,stegastes_flavilatus,11,13
golfo_tribuga,morros_jurubida,4,2016,natalia_rincon,34,6,50,28,4,2,2,media,exposed,can_pun,canthigaster_punctatissima,2,3
golfo_tribuga,morros_jurubida,4,2016,natalia_rincon,34,6,50,28,4,2,2,media,exposed,hal_dis,halichoeres_dispilus,19,3
golfo_tribuga,morros_jurubida,4,2016,natalia_rincon,34,6,50,28,4,2,2,media,exposed,hal_nic,halichoeres_nicholsi,1,18
golfo_tribuga,morros_jurubida,4,2016,natalia_rincon,34,6,50,28,4,2,2,media,exposed,ste_fla,stegastes_flavilatus,2,3
golfo_tribuga,morros_jurubida,4,2016,natalia_rincon,34,6,50,28,4,2,2,media,exposed,joh_nig,johnrandallia_nigrirostris,1,13
golfo_tribuga,morros_jurubida,4,2016,natalia_rincon,34,6,50,28,4,2,2,media,exposed,hol_pas,holacanthus_passer,1,13
golfo_tribuga,morros_jurubida,4,2016,natalia_rincon,34,6,50,28,4,2,2,media,exposed,hol_pas,holacanthus_passer,1,18
golfo_tribuga,morros_jurubida,4,2016,natalia_rincon,34,6,50,28,4,2,2,media,exposed,aro_mel,arothron_meleagris,1,18
golfo_tribuga,morros_jurubida,4,2016,natalia_rincon,34,6,50,28,4,2,2,media,exposed,cep_pan,cephalopholis_panamensis,1,13
golfo_tribuga,morros_jurubida,4,2016,natalia_rincon,34,6,50,28,4,2,2,media,exposed,bod_dip,bodianus_diplotaenia,1,13
golfo_tribuga,morros_jurubida,4,2016,natalia_rincon,34,6,50,28,4,2,2,media,exposed,ste_fla,stegastes_flavilatus,1,8
golfo_tribuga,morros_jurubida,4,2016,natalia_rincon,34,6,50,28,4,2,2,media,exposed,hal_chi,halichoeres_chierchiae,2,13
golfo_tribuga,morros_jurubida,4,2016,natalia_rincon,34,6,50,28,4,2,2,media,exposed,aro_his,arothron_hispidus,1,13
golfo_tribuga,morros_jurubida,4,2016,natalia_rincon,34,6,50,28,4,2,2,media,exposed,cir_riv,cirrhitus_rivulatus,1,13
golfo_tribuga,morros_jurubida,4,2016,natalia_rincon,35,6,50,28,4,2,2,media,exposed,ste_fla,stegastes_flavilatus,2,3
golfo_tribuga,morros_jurubida,4,2016,natalia_rincon,35,6,50,28,4,2,2,media,exposed,hol_pas,holacanthus_passer,1,18
golfo_tribuga,morros_jurubida,4,2016,natalia_rincon,35,6,50,28,4,2,2,media,exposed,hol_pas,holacanthus_passer,1,13
golfo_tribuga,morros_jurubida,4,2016,natalia_rincon,35,6,50,28,4,2,2,media,exposed,bod_dip,bodianus_diplotaenia,2,8
golfo_tribuga,morros_jurubida,4,2016,natalia_rincon,35,6,50,28,4,2,2,media,exposed,bod_dip,bodianus_diplotaenia,5,3
golfo_tribuga,morros_jurubida,4,2016,natalia_rincon,35,6,50,28,4,2,2,media,exposed,chr_atr,chromis_atrilobata,8,3
golfo_tribuga,morros_jurubida,4,2016,natalia_rincon,35,6,50,28,4,2,2,media,exposed,tha_luc,thalassoma_lucasanum,2,8
golfo_tribuga,morros_jurubida,4,2016,natalia_rincon,35,6,50,28,4,2,2,media,exposed,mic_dor,microspathodon_dorsalis,4,18
golfo_tribuga,morros_jurubida,4,2016,natalia_rincon,35,6,50,28,4,2,2,media,exposed,abu_tro,abudefduf_troschelii,19,13
golfo_tribuga,morros_jurubida,4,2016,natalia_rincon,35,6,50,28,4,2,2,media,exposed,joh_nig,johnrandallia_nigrirostris,4,8
golfo_tribuga,morros_jurubida,4,2016,natalia_rincon,35,6,50,28,4,2,2,media,exposed,hol_pas,holacanthus_passer,1,18
golfo_tribuga,morros_jurubida,4,2016,natalia_rincon,35,6,50,28,4,2,2,media,exposed,ste_fla,stegastes_flavilatus,12,13
golfo_tribuga,morros_jurubida,4,2016,natalia_rincon,35,6,50,28,4,2,2,media,exposed,aro_his,arothron_hispidus,1,13
golfo_tribuga,morros_jurubida,4,2016,natalia_rincon,35,6,50,28,4,2,2,media,exposed,lut_arg,lutjanus_argentiventris,1,13
golfo_tribuga,morros_jurubida,4,2016,natalia_rincon,35,6,50,28,4,2,2,media,exposed,sca_per,scarus_perrico,1,45
golfo_tribuga,morros_jurubida,4,2016,natalia_rincon,35,6,50,28,4,2,2,media,exposed,hae_fla,haemulon_flaviguttatum,17,8
golfo_tribuga,morros_jurubida,4,2016,natalia_rincon,35,6,50,28,4,2,2,media,exposed,joh_nig,johnrandallia_nigrirostris,3,8
golfo_tribuga,morros_jurubida,4,2016,natalia_rincon,35,6,50,28,4,2,2,media,exposed,cep_pan,cephalopholis_panamensis,1,18
golfo_tribuga,morros_jurubida,4,2016,natalia_rincon,35,6,50,28,4,2,2,media,exposed,chr_atr,chromis_atrilobata,46,3
golfo_tribuga,morros_jurubida,4,2016,natalia_rincon,35,6,50,28,4,2,2,media,exposed,epi_lab,epinephelus_labriformis,1,13
golfo_tribuga,morros_jurubida,4,2016,natalia_rincon,35,6,50,28,4,2,2,media,exposed,bod_dip,bodianus_diplotaenia,1,18
golfo_tribuga,morros_jurubida,4,2016,natalia_rincon,35,6,50,28,4,2,2,media,exposed,aro_mel,arothron_meleagris,1,18
golfo_tribuga,morros_jurubida,4,2016,natalia_rincon,35,6,50,28,4,2,2,media,exposed,aro_mel,arothron_meleagris,1,25
golfo_tribuga,morros_jurubida,4,2016,natalia_rincon,35,6,50,28,4,2,2,media,exposed,mul_den,mulloidichthys_dentatus,2,18
golfo_tribuga,morros_jurubida,4,2016,natalia_rincon,35,6,50,28,4,2,2,media,exposed,hol_pas,holacanthus_passer,1,25
golfo_tribuga,morros_jurubida,4,2016,natalia_rincon,35,6,50,28,4,2,2,media,exposed,cha_hum,chaetodon_humeralis,2,8
golfo_tribuga,morros_jurubida,4,2016,natalia_rincon,35,6,50,28,4,2,2,media,exposed,suf_ver,sufflamen_verres,1,13
golfo_tribuga,morros_jurubida,4,2016,natalia_rincon,35,6,50,28,4,2,2,media,exposed,hal_not,halichoeres_notospilus,1,13
golfo_tribuga,morros_jurubida,4,2016,natalia_rincon,35,6,50,28,4,2,2,media,exposed,ser_psi,serranus_psittacinus,2,8
golfo_tribuga,morros_jurubida,4,2016,luis_chasqui,36,6,50,27,8,2,2,media,exposed,lut_gut,lutjanus_guttatus,2,13
golfo_tribuga,morros_jurubida,4,2016,luis_chasqui,36,6,50,27,8,2,2,media,exposed,ste_fla,stegastes_flavilatus,10,13
golfo_tribuga,morros_jurubida,4,2016,luis_chasqui,36,6,50,27,8,2,2,media,exposed,ste_fla,stegastes_flavilatus,1,3
golfo_tribuga,morros_jurubida,4,2016,luis_chasqui,36,6,50,27,8,2,2,media,exposed,bod_dip,bodianus_diplotaenia,1,18
golfo_tribuga,morros_jurubida,4,2016,luis_chasqui,36,6,50,27,8,2,2,media,exposed,cep_pan,cephalopholis_panamensis,1,18
golfo_tribuga,morros_jurubida,4,2016,luis_chasqui,36,6,50,27,8,2,2,media,exposed,cha_hum,chaetodon_humeralis,1,8
golfo_tribuga,morros_jurubida,4,2016,luis_chasqui,36,6,50,27,8,2,2,media,exposed,joh_nig,johnrandallia_nigrirostris,1,8
golfo_tribuga,morros_jurubida,4,2016,luis_chasqui,36,6,50,27,8,2,2,media,exposed,aca_xan,acanthurus_xanthopterus,2,18
golfo_tribuga,morros_jurubida,4,2016,luis_chasqui,36,6,50,27,8,2,2,media,exposed,suf_ver,sufflamen_verres,1,18
golfo_tribuga,morros_jurubida,4,2016,luis_chasqui,36,6,50,27,8,2,2,media,exposed,bod_dip,bodianus_diplotaenia,1,18
golfo_tribuga,morros_jurubida,4,2016,luis_chasqui,36,6,50,27,8,2,2,media,exposed,hal_dis,halichoeres_dispilus,1,13
golfo_tribuga,morros_jurubida,4,2016,luis_chasqui,36,6,50,27,8,2,2,media,exposed,gym_zeb,gymnomuraena_zebra,1,45
golfo_tribuga,morros_jurubida,4,2016,luis_chasqui,36,6,50,27,8,2,2,media,exposed,hal_dis,halichoeres_dispilus,10,3
golfo_tribuga,morros_jurubida,4,2016,luis_chasqui,36,6,50,27,8,2,2,media,exposed,cep_pan,cephalopholis_panamensis,1,25
golfo_tribuga,morros_jurubida,4,2016,luis_chasqui,36,6,50,27,8,2,2,media,exposed,alp_mul,alphestes_multiguttatus,1,13
golfo_tribuga,morros_jurubida,4,2016,luis_chasqui,37,6,50,27,8,2,2,media,exposed,ste_fla,stegastes_flavilatus,10,8
golfo_tribuga,morros_jurubida,4,2016,luis_chasqui,37,6,50,27,8,2,2,media,exposed,aca_xan,acanthurus_xanthopterus,2,35
golfo_tribuga,morros_jurubida,4,2016,luis_chasqui,37,6,50,27,8,2,2,media,exposed,lut_arg,lutjanus_argentiventris,1,18
golfo_tribuga,morros_jurubida,4,2016,luis_chasqui,37,6,50,27,8,2,2,media,exposed,suf_ver,sufflamen_verres,2,18
golfo_tribuga,morros_jurubida,4,2016,luis_chasqui,37,6,50,27,8,2,2,media,exposed,lut_gut,lutjanus_guttatus,1,18
golfo_tribuga,morros_jurubida,4,2016,luis_chasqui,37,6,50,27,8,2,2,media,exposed,hal_dis,halichoeres_dispilus,1,13
golfo_tribuga,morros_jurubida,4,2016,luis_chasqui,38,6,50,27,9,2,2,media,exposed,chr_atr,chromis_atrilobata,10,3
golfo_tribuga,morros_jurubida,4,2016,luis_chasqui,38,6,50,27,9,2,2,media,exposed,bod_dip,bodianus_diplotaenia,1,8
golfo_tribuga,morros_jurubida,4,2016,luis_chasqui,38,6,50,27,9,2,2,media,exposed,epi_lab,epinephelus_labriformis,1,18
golfo_tribuga,morros_jurubida,4,2016,luis_chasqui,38,6,50,27,9,2,2,media,exposed,joh_nig,johnrandallia_nigrirostris,2,8
golfo_tribuga,morros_jurubida,4,2016,luis_chasqui,38,6,50,27,9,2,2,media,exposed,pom_zon,pomacanthus_zonipectus,1,35
golfo_tribuga,morros_jurubida,4,2016,luis_chasqui,38,6,50,27,9,2,2,media,exposed,ani_cae,anisotremus_caesius,1,25
golfo_tribuga,morros_jurubida,4,2016,luis_chasqui,38,6,50,27,9,2,2,media,exposed,alp_mul,alphestes_multiguttatus,2,18
golfo_tribuga,morros_jurubida,4,2016,luis_chasqui,38,6,50,27,9,2,2,media,exposed,ste_fla,stegastes_flavilatus,2,3
golfo_tribuga,morros_jurubida,4,2016,luis_chasqui,38,6,50,27,9,2,2,media,exposed,lut_arg,lutjanus_argentiventris,1,35
golfo_tribuga,morros_jurubida,4,2016,luis_chasqui,38,6,50,27,9,2,2,media,exposed,aro_his,arothron_hispidus,1,18
golfo_tribuga,morros_jurubida,4,2016,luis_chasqui,38,6,50,27,9,2,2,media,exposed,cha_hum,chaetodon_humeralis,1,8
golfo_tribuga,morros_jurubida,4,2016,luis_chasqui,38,6,50,27,9,2,2,media,exposed,hae_fla,haemulon_flaviguttatum,30,8
golfo_tribuga,morros_jurubida,4,2016,luis_chasqui,38,6,50,27,9,2,2,media,exposed,lut_gut,lutjanus_guttatus,3,18
golfo_tribuga,morros_jurubida,4,2016,luis_chasqui,38,6,50,27,9,2,2,media,exposed,hae_fla,haemulon_flaviguttatum,1,25
golfo_tribuga,morros_jurubida,4,2016,luis_chasqui,38,6,50,27,9,2,2,media,exposed,lut_gut,lutjanus_guttatus,20,25
golfo_tribuga,morros_jurubida,4,2016,luis_chasqui,39,6,50,27,9,2,2,media,exposed,lut_arg,lutjanus_argentiventris,1,35
golfo_tribuga,morros_jurubida,4,2016,luis_chasqui,39,6,50,27,9,2,2,media,exposed,ste_fla,stegastes_flavilatus,3,8
golfo_tribuga,morros_jurubida,4,2016,luis_chasqui,39,6,50,27,9,2,2,media,exposed,joh_nig,johnrandallia_nigrirostris,6,8
golfo_tribuga,morros_jurubida,4,2016,luis_chasqui,39,6,50,27,9,2,2,media,exposed,can_pun,canthigaster_punctatissima,2,3
golfo_tribuga,morros_jurubida,4,2016,luis_chasqui,39,6,50,27,9,2,2,media,exposed,myr_lei,myripristis_leiognathus,15,18
golfo_tribuga,morros_jurubida,4,2016,luis_chasqui,39,6,50,27,9,2,2,media,exposed,hol_pas,holacanthus_passer,1,35
golfo_tribuga,morros_jurubida,4,2016,luis_chasqui,39,6,50,27,9,2,2,media,exposed,hol_pas,holacanthus_passer,1,13
golfo_tribuga,morros_jurubida,4,2016,luis_chasqui,39,6,50,27,9,2,2,media,exposed,cep_pan,cephalopholis_panamensis,2,25
golfo_tribuga,morros_jurubida,4,2016,luis_chasqui,39,6,50,27,9,2,2,media,exposed,chr_atr,chromis_atrilobata,50,3
golfo_tribuga,morros_jurubida,4,2016,luis_chasqui,39,6,50,27,9,2,2,media,exposed,suf_ver,sufflamen_verres,1,13
golfo_tribuga,morros_jurubida,4,2016,luis_chasqui,39,6,50,27,9,2,2,media,exposed,pse_nau,pseudobalistes_naufragium,2,45
golfo_tribuga,morros_jurubida,4,2016,luis_chasqui,39,6,50,27,9,2,2,media,exposed,cha_hum,chaetodon_humeralis,4,8
golfo_tribuga,morros_jurubida,4,2016,luis_chasqui,39,6,50,27,9,2,2,media,exposed,abu_tro,abudefduf_troschelii,30,13
golfo_tribuga,morros_jurubida,4,2016,luis_chasqui,39,6,50,27,9,2,2,media,exposed,sar_sub,sargocentron_suborbitalis,1,18
golfo_tribuga,morros_jurubida,4,2016,luis_chasqui,39,6,50,27,9,2,2,media,exposed,hal_dis,halichoeres_dispilus,20,3
golfo_tribuga,morros_jurubida,4,2016,luis_chasqui,39,6,50,27,9,2,2,media,exposed,cep_pan,cephalopholis_panamensis,1,18
golfo_tribuga,morros_jurubida,4,2016,luis_chasqui,39,6,50,27,9,2,2,media,exposed,epi_lab,epinephelus_labriformis,1,25
golfo_tribuga,morros_jurubida,4,2016,luis_chasqui,39,6,50,27,9,2,2,media,exposed,aro_mel,arothron_meleagris,2,35
golfo_tribuga,morros_jurubida,4,2016,luis_chasqui,39,6,50,27,9,2,2,media,exposed,kyp_ana,kyphosus_vaigiensis,1,25
golfo_tribuga,morros_jurubida,4,2016,luis_chasqui,39,6,50,27,9,2,2,media,exposed,aca_xan,acanthurus_xanthopterus,1,25
golfo_tribuga,morros_jurubida,4,2016,luis_chasqui,39,6,50,27,9,2,2,media,exposed,ani_cae,anisotremus_caesius,1,18
golfo_tribuga,morros_jurubida,4,2016,luis_chasqui,39,6,50,27,9,2,2,media,exposed,apo_dov,apogon_dovii,100,3
golfo_tribuga,morros_jurubida,4,2016,luis_chasqui,40,6,50,27,8,2,2,media,exposed,lut_arg,lutjanus_argentiventris,1,25
golfo_tribuga,morros_jurubida,4,2016,luis_chasqui,40,6,50,27,8,2,2,media,exposed,cep_pan,cephalopholis_panamensis,1,18
golfo_tribuga,morros_jurubida,4,2016,luis_chasqui,40,6,50,27,8,2,2,media,exposed,joh_nig,johnrandallia_nigrirostris,2,8
golfo_tribuga,morros_jurubida,4,2016,luis_chasqui,40,6,50,27,8,2,2,media,exposed,bod_dip,bodianus_diplotaenia,1,18
golfo_tribuga,morros_jurubida,4,2016,luis_chasqui,40,6,50,27,8,2,2,media,exposed,ani_cae,anisotremus_caesius,1,25
golfo_tribuga,morros_jurubida,4,2016,luis_chasqui,40,6,50,27,8,2,2,media,exposed,lut_arg,lutjanus_argentiventris,6,18
golfo_tribuga,morros_jurubida,4,2016,luis_chasqui,40,6,50,27,8,2,2,media,exposed,cha_hum,chaetodon_humeralis,1,8
golfo_tribuga,morros_jurubida,4,2016,luis_chasqui,40,6,50,27,8,2,2,media,exposed,ste_fla,stegastes_flavilatus,3,8
golfo_tribuga,morros_jurubida,4,2016,luis_chasqui,40,6,50,27,8,2,2,media,exposed,hol_pas,holacanthus_passer,1,18
golfo_tribuga,morros_jurubida,4,2016,luis_chasqui,40,6,50,27,8,2,2,media,exposed,suf_ver,sufflamen_verres,2,8
golfo_tribuga,morros_jurubida,4,2016,luis_chasqui,40,6,50,27,8,2,2,media,exposed,hal_dis,halichoeres_dispilus,1,13
golfo_tribuga,morros_jurubida,4,2016,luis_chasqui,40,6,50,27,8,2,2,media,exposed,epi_lab,epinephelus_labriformis,1,18
golfo_tribuga,morros_jurubida,4,2016,luis_chasqui,40,6,50,27,8,2,2,media,exposed,hal_dis,halichoeres_dispilus,10,3
golfo_tribuga,morros_jurubida,4,2016,luis_chasqui,41,6,50,27,8,2,2,media,exposed,lut_gut,lutjanus_guttatus,1,18
golfo_tribuga,morros_jurubida,4,2016,luis_chasqui,41,6,50,27,8,2,2,media,exposed,ste_fla,stegastes_flavilatus,20,8
golfo_tribuga,morros_jurubida,4,2016,luis_chasqui,41,6,50,27,8,2,2,media,exposed,can_pun,canthigaster_punctatissima,3,3
golfo_tribuga,morros_jurubida,4,2016,luis_chasqui,41,6,50,27,8,2,2,media,exposed,hal_dis,halichoeres_dispilus,2,13
golfo_tribuga,morros_jurubida,4,2016,luis_chasqui,41,6,50,27,8,2,2,media,exposed,epi_lab,epinephelus_labriformis,1,25
golfo_tribuga,morros_jurubida,4,2016,luis_chasqui,41,6,50,27,8,2,2,media,exposed,aro_mel,arothron_meleagris,2,35
golfo_tribuga,morros_jurubida,4,2016,luis_chasqui,41,6,50,27,8,2,2,media,exposed,mic_dor,microspathodon_dorsalis,1,25
golfo_tribuga,morros_jurubida,4,2016,luis_chasqui,41,6,50,27,8,2,2,media,exposed,joh_nig,johnrandallia_nigrirostris,5,8
golfo_tribuga,morros_jurubida,4,2016,luis_chasqui,41,6,50,27,8,2,2,media,exposed,ani_cae,anisotremus_caesius,1,25
golfo_tribuga,morros_jurubida,4,2016,luis_chasqui,41,6,50,27,8,2,2,media,exposed,lut_arg,lutjanus_argentiventris,3,25
golfo_tribuga,morros_jurubida,4,2016,luis_chasqui,41,6,50,27,8,2,2,media,exposed,aca_xan,acanthurus_xanthopterus,1,35
golfo_tribuga,morros_jurubida,4,2016,luis_chasqui,41,6,50,27,8,2,2,media,exposed,hol_pas,holacanthus_passer,1,25
golfo_tribuga,morros_jurubida,4,2016,luis_chasqui,41,6,50,27,8,2,2,media,exposed,sca_gho,scarus_ghobban,1,35
golfo_tribuga,morros_jurubida,4,2016,luis_chasqui,41,6,50,27,8,2,2,media,exposed,ser_psi,serranus_psittacinus,2,3
golfo_tribuga,morros_jurubida,4,2016,luis_chasqui,41,6,50,27,8,2,2,media,exposed,lut_gut,lutjanus_guttatus,2,13
golfo_tribuga,morros_jurubida,4,2016,luis_chasqui,41,6,50,27,8,2,2,media,exposed,epi_lab,epinephelus_labriformis,3,25
golfo_tribuga,morros_jurubida,4,2016,luis_chasqui,41,6,50,27,8,2,2,media,exposed,aro_his,arothron_hispidus,1,25
golfo_tribuga,morros_jurubida,4,2016,luis_chasqui,41,6,50,27,8,2,2,media,exposed,aca_xan,acanthurus_xanthopterus,10,35
golfo_tribuga,punta_orion,4,2016,natalia_rincon,42,7,50,27,6,2,10,suave,exposed,lut_arg,lutjanus_argentiventris,2,13
golfo_tribuga,punta_orion,4,2016,natalia_rincon,42,7,50,27,6,2,10,suave,exposed,bod_dip,bodianus_diplotaenia,4,3
golfo_tribuga,punta_orion,4,2016,natalia_rincon,42,7,50,27,6,2,10,suave,exposed,chr_atr,chromis_atrilobata,79,3
golfo_tribuga,punta_orion,4,2016,natalia_rincon,42,7,50,27,6,2,10,suave,exposed,abu_tro,abudefduf_troschelii,33,13
golfo_tribuga,punta_orion,4,2016,natalia_rincon,42,7,50,27,6,2,10,suave,exposed,odo_xan,odontoscion_xanthops,2,13
golfo_tribuga,punta_orion,4,2016,natalia_rincon,42,7,50,27,6,2,10,suave,exposed,sar_sub,sargocentron_suborbitalis,3,13
golfo_tribuga,punta_orion,4,2016,natalia_rincon,42,7,50,27,6,2,10,suave,exposed,joh_nig,johnrandallia_nigrirostris,3,8
golfo_tribuga,punta_orion,4,2016,natalia_rincon,42,7,50,27,6,2,10,suave,exposed,can_pun,canthigaster_punctatissima,1,3
golfo_tribuga,punta_orion,4,2016,natalia_rincon,42,7,50,27,6,2,10,suave,exposed,myr_ber,myripristis_berndti,1,13
golfo_tribuga,punta_orion,4,2016,natalia_rincon,42,7,50,27,6,2,10,suave,exposed,ste_fla,stegastes_flavilatus,3,8
golfo_tribuga,punta_orion,4,2016,natalia_rincon,42,7,50,27,6,2,10,suave,exposed,zan_cor,zanclus_cornutus,3,13
golfo_tribuga,punta_orion,4,2016,natalia_rincon,42,7,50,27,6,2,10,suave,exposed,epi_lab,epinephelus_labriformis,2,18
golfo_tribuga,punta_orion,4,2016,natalia_rincon,42,7,50,27,6,2,10,suave,exposed,cep_pan,cephalopholis_panamensis,1,13
golfo_tribuga,punta_orion,4,2016,natalia_rincon,42,7,50,27,6,2,10,suave,exposed,mic_dor,microspathodon_dorsalis,2,18
golfo_tribuga,punta_orion,4,2016,natalia_rincon,42,7,50,27,6,2,10,suave,exposed,cep_pan,cephalopholis_panamensis,2,13
golfo_tribuga,punta_orion,4,2016,natalia_rincon,42,7,50,27,6,2,10,suave,exposed,myr_lei,myripristis_leiognathus,2,13
golfo_tribuga,punta_orion,4,2016,natalia_rincon,42,7,50,27,6,2,10,suave,exposed,cha_hum,chaetodon_humeralis,1,8
golfo_tribuga,punta_orion,4,2016,natalia_rincon,42,7,50,27,6,2,10,suave,exposed,mul_den,mulloidichthys_dentatus,15,18
golfo_tribuga,punta_orion,4,2016,natalia_rincon,42,7,50,27,6,2,10,suave,exposed,lut_gut,lutjanus_guttatus,1,13
golfo_tribuga,punta_orion,4,2016,natalia_rincon,42,7,50,27,6,2,10,suave,exposed,bod_dip,bodianus_diplotaenia,1,25
golfo_tribuga,punta_orion,4,2016,natalia_rincon,42,7,50,27,6,2,10,suave,exposed,cep_pan,cephalopholis_panamensis,3,25
golfo_tribuga,punta_orion,4,2016,natalia_rincon,42,7,50,27,6,2,10,suave,exposed,ste_aca,stegastes_acapulcoensis,3,13
golfo_tribuga,punta_orion,4,2016,natalia_rincon,42,7,50,27,6,2,10,suave,exposed,tha_luc,thalassoma_lucasanum,30,3
golfo_tribuga,punta_orion,4,2016,natalia_rincon,42,7,50,27,6,2,10,suave,exposed,epi_lab,epinephelus_labriformis,3,13
golfo_tribuga,punta_orion,4,2016,natalia_rincon,42,7,50,27,6,2,10,suave,exposed,suf_ver,sufflamen_verres,1,8
golfo_tribuga,punta_orion,4,2016,natalia_rincon,43,7,50,27,9,2,10,suave,exposed,lut_arg,lutjanus_argentiventris,8,8
golfo_tribuga,punta_orion,4,2016,natalia_rincon,43,7,50,27,9,2,10,suave,exposed,lut_gut,lutjanus_guttatus,12,13
golfo_tribuga,punta_orion,4,2016,natalia_rincon,43,7,50,27,9,2,10,suave,exposed,epi_lab,epinephelus_labriformis,2,13
golfo_tribuga,punta_orion,4,2016,natalia_rincon,43,7,50,27,9,2,10,suave,exposed,aca_xan,acanthurus_xanthopterus,11,18
golfo_tribuga,punta_orion,4,2016,natalia_rincon,43,7,50,27,9,2,10,suave,exposed,abu_tro,abudefduf_troschelii,6,13
golfo_tribuga,punta_orion,4,2016,natalia_rincon,43,7,50,27,9,2,10,suave,exposed,joh_nig,johnrandallia_nigrirostris,2,8
golfo_tribuga,punta_orion,4,2016,natalia_rincon,43,7,50,27,9,2,10,suave,exposed,hae_fla,haemulon_flaviguttatum,51,3
golfo_tribuga,punta_orion,4,2016,natalia_rincon,43,7,50,27,9,2,10,suave,exposed,hal_chi,halichoeres_chierchiae,3,8
golfo_tribuga,punta_orion,4,2016,natalia_rincon,43,7,50,27,9,2,10,suave,exposed,hal_dis,halichoeres_dispilus,2,3
golfo_tribuga,punta_orion,4,2016,natalia_rincon,43,7,50,27,9,2,10,suave,exposed,ste_fla,stegastes_flavilatus,1,13
golfo_tribuga,punta_orion,4,2016,natalia_rincon,43,7,50,27,9,2,10,suave,exposed,chr_atr,chromis_atrilobata,9,3
golfo_tribuga,punta_orion,4,2016,natalia_rincon,43,7,50,27,9,2,10,suave,exposed,suf_ver,sufflamen_verres,1,8
golfo_tribuga,punta_orion,4,2016,natalia_rincon,43,7,50,27,9,2,10,suave,exposed,suf_ver,sufflamen_verres,2,13
golfo_tribuga,punta_orion,4,2016,natalia_rincon,43,7,50,27,9,2,10,suave,exposed,hal_not,halichoeres_notospilus,1,13
golfo_tribuga,punta_orion,4,2016,natalia_rincon,43,7,50,27,9,2,10,suave,exposed,cep_pan,cephalopholis_panamensis,1,13
golfo_tribuga,punta_orion,4,2016,natalia_rincon,43,7,50,27,9,2,10,suave,exposed,cir_riv,cirrhitus_rivulatus,1,18
golfo_tribuga,punta_orion,4,2016,natalia_rincon,43,7,50,27,9,2,10,suave,exposed,can_pun,canthigaster_punctatissima,2,3
golfo_tribuga,punta_orion,4,2016,natalia_rincon,43,7,50,27,9,2,10,suave,exposed,bod_dip,bodianus_diplotaenia,1,8
golfo_tribuga,punta_orion,4,2016,natalia_rincon,43,7,50,27,9,2,10,suave,exposed,suf_ver,sufflamen_verres,1,3
golfo_tribuga,punta_orion,4,2016,natalia_rincon,44,7,50,27,8,2,10,suave,exposed,hae_mac,haemulon_maculicauda,12,13
golfo_tribuga,punta_orion,4,2016,natalia_rincon,44,7,50,27,8,2,10,suave,exposed,can_pun,canthigaster_punctatissima,1,3
golfo_tribuga,punta_orion,4,2016,natalia_rincon,44,7,50,27,8,2,10,suave,exposed,hal_dis,halichoeres_dispilus,13,3
golfo_tribuga,punta_orion,4,2016,natalia_rincon,44,7,50,27,8,2,10,suave,exposed,pla_aza,plagiotremus_azaleus,1,3
golfo_tribuga,punta_orion,4,2016,natalia_rincon,44,7,50,27,8,2,10,suave,exposed,mul_den,mulloidichthys_dentatus,4,25
golfo_tribuga,punta_orion,4,2016,natalia_rincon,44,7,50,27,8,2,10,suave,exposed,ser_psi,serranus_psittacinus,2,8
golfo_tribuga,punta_orion,4,2016,natalia_rincon,44,7,50,27,8,2,10,suave,exposed,lut_arg,lutjanus_argentiventris,1,45
golfo_tribuga,punta_orion,4,2016,natalia_rincon,44,7,50,27,8,2,10,suave,exposed,aca_xan,acanthurus_xanthopterus,12,18
golfo_tribuga,punta_orion,4,2016,natalia_rincon,44,7,50,27,8,2,10,suave,exposed,aca_xan,acanthurus_xanthopterus,5,13
golfo_tribuga,punta_orion,4,2016,natalia_rincon,44,7,50,27,8,2,10,suave,exposed,abu_tro,abudefduf_troschelii,4,13
golfo_tribuga,punta_orion,4,2016,natalia_rincon,44,7,50,27,8,2,10,suave,exposed,cha_hum,chaetodon_humeralis,2,8
golfo_tribuga,punta_orion,4,2016,natalia_rincon,44,7,50,27,8,2,10,suave,exposed,lut_gut,lutjanus_guttatus,4,25
golfo_tribuga,punta_orion,4,2016,natalia_rincon,44,7,50,27,8,2,10,suave,exposed,lut_arg,lutjanus_argentiventris,26,25
golfo_tribuga,punta_orion,4,2016,natalia_rincon,44,7,50,27,8,2,10,suave,exposed,hal_nic,halichoeres_nicholsi,1,13
golfo_tribuga,punta_orion,4,2016,natalia_rincon,44,7,50,27,8,2,10,suave,exposed,mul_den,mulloidichthys_dentatus,9,13
golfo_tribuga,punta_orion,4,2016,natalia_rincon,44,7,50,27,8,2,10,suave,exposed,hol_pas,holacanthus_passer,2,18
golfo_tribuga,punta_orion,4,2016,natalia_rincon,44,7,50,27,8,2,10,suave,exposed,myc_xen,mycteroperca_xenarcha,1,25
golfo_tribuga,punta_orion,4,2016,natalia_rincon,44,7,50,27,8,2,10,suave,exposed,can_pun,canthigaster_punctatissima,1,3
golfo_tribuga,punta_orion,4,2016,natalia_rincon,44,7,50,27,8,2,10,suave,exposed,dio_hol,diodon_holocanthus,1,35
golfo_tribuga,punta_orion,4,2016,luis_chasqui,45,7,50,27,10,2,10,suave,exposed,ste_fla,stegastes_flavilatus,12,8
golfo_tribuga,punta_orion,4,2016,luis_chasqui,45,7,50,27,10,2,10,suave,exposed,lut_gut,lutjanus_guttatus,12,13
golfo_tribuga,punta_orion,4,2016,luis_chasqui,45,7,50,27,10,2,10,suave,exposed,hae_mac,haemulon_maculicauda,50,18
golfo_tribuga,punta_orion,4,2016,luis_chasqui,45,7,50,27,10,2,10,suave,exposed,hae_fla,haemulon_flaviguttatum,3,18
golfo_tribuga,punta_orion,4,2016,luis_chasqui,45,7,50,27,10,2,10,suave,exposed,hae_fla,haemulon_flaviguttatum,10,8
golfo_tribuga,punta_orion,4,2016,luis_chasqui,45,7,50,27,10,2,10,suave,exposed,cha_hum,chaetodon_humeralis,2,8
golfo_tribuga,punta_orion,4,2016,luis_chasqui,45,7,50,27,10,2,10,suave,exposed,lut_gut,lutjanus_guttatus,2,18
golfo_tribuga,punta_orion,4,2016,luis_chasqui,45,7,50,27,10,2,10,suave,exposed,chr_atr,chromis_atrilobata,20,3
golfo_tribuga,punta_orion,4,2016,luis_chasqui,45,7,50,27,10,2,10,suave,exposed,epi_lab,epinephelus_labriformis,2,18
golfo_tribuga,punta_orion,4,2016,luis_chasqui,45,7,50,27,10,2,10,suave,exposed,epi_lab,epinephelus_labriformis,1,13
golfo_tribuga,punta_orion,4,2016,luis_chasqui,45,7,50,27,10,2,10,suave,exposed,cep_pan,cephalopholis_panamensis,3,35
golfo_tribuga,punta_orion,4,2016,luis_chasqui,45,7,50,27,10,2,10,suave,exposed,cep_pan,cephalopholis_panamensis,2,25
golfo_tribuga,punta_orion,4,2016,luis_chasqui,45,7,50,27,10,2,10,suave,exposed,cir_oxy,cirrhitichthys_oxycephalus,1,3
golfo_tribuga,punta_orion,4,2016,luis_chasqui,45,7,50,27,10,2,10,suave,exposed,can_pun,canthigaster_punctatissima,6,3
golfo_tribuga,punta_orion,4,2016,luis_chasqui,45,7,50,27,10,2,10,suave,exposed,apo_pac,apogon_pacificus,10,3
golfo_tribuga,punta_orion,4,2016,luis_chasqui,45,7,50,27,10,2,10,suave,exposed,tha_luc,thalassoma_lucasanum,20,3
golfo_tribuga,punta_orion,4,2016,luis_chasqui,45,7,50,27,10,2,10,suave,exposed,tha_luc,thalassoma_lucasanum,5,8
golfo_tribuga,punta_orion,4,2016,luis_chasqui,45,7,50,27,10,2,10,suave,exposed,bod_dip,bodianus_diplotaenia,60,3
golfo_tribuga,punta_orion,4,2016,luis_chasqui,45,7,50,27,10,2,10,suave,exposed,par_col,paranthias_colonus,10,3
golfo_tribuga,punta_orion,4,2016,luis_chasqui,45,7,50,27,10,2,10,suave,exposed,pla_aza,plagiotremus_azaleus,6,3
golfo_tribuga,punta_orion,4,2016,luis_chasqui,45,7,50,27,10,2,10,suave,exposed,hal_dis,halichoeres_dispilus,1,13
golfo_tribuga,punta_orion,4,2016,luis_chasqui,46,7,50,27,10,2,10,suave,exposed,ste_fla,stegastes_flavilatus,5,8
golfo_tribuga,punta_orion,4,2016,luis_chasqui,46,7,50,27,10,2,10,suave,exposed,lut_gut,lutjanus_guttatus,15,18
golfo_tribuga,punta_orion,4,2016,luis_chasqui,46,7,50,27,10,2,10,suave,exposed,joh_nig,johnrandallia_nigrirostris,1,8
golfo_tribuga,punta_orion,4,2016,luis_chasqui,46,7,50,27,10,2,10,suave,exposed,apo_dov,apogon_dovii,100,3
golfo_tribuga,punta_orion,4,2016,luis_chasqui,46,7,50,27,10,2,10,suave,exposed,apo_pac,apogon_pacificus,15,3
golfo_tribuga,punta_orion,4,2016,luis_chasqui,46,7,50,27,10,2,10,suave,exposed,can_pun,canthigaster_punctatissima,8,3
golfo_tribuga,punta_orion,4,2016,luis_chasqui,46,7,50,27,10,2,10,suave,exposed,cep_pan,cephalopholis_panamensis,4,25
golfo_tribuga,punta_orion,4,2016,luis_chasqui,46,7,50,27,10,2,10,suave,exposed,cep_pan,cephalopholis_panamensis,4,18
golfo_tribuga,punta_orion,4,2016,luis_chasqui,46,7,50,27,10,2,10,suave,exposed,aro_mel,arothron_meleagris,2,25
golfo_tribuga,punta_orion,4,2016,luis_chasqui,46,7,50,27,10,2,10,suave,exposed,myr_lei,myripristis_leiognathus,5,18
golfo_tribuga,punta_orion,4,2016,luis_chasqui,46,7,50,27,10,2,10,suave,exposed,hol_pas,holacanthus_passer,1,25
golfo_tribuga,punta_orion,4,2016,luis_chasqui,46,7,50,27,10,2,10,suave,exposed,kyp_ana,kyphosus_vaigiensis,7,25
golfo_tribuga,punta_orion,4,2016,luis_chasqui,46,7,50,27,10,2,10,suave,exposed,lut_arg,lutjanus_argentiventris,5,18
golfo_tribuga,punta_orion,4,2016,luis_chasqui,46,7,50,27,10,2,10,suave,exposed,mul_den,mulloidichthys_dentatus,5,13
golfo_tribuga,punta_orion,4,2016,luis_chasqui,46,7,50,27,10,2,10,suave,exposed,epi_lab,epinephelus_labriformis,1,13
golfo_tribuga,punta_orion,4,2016,luis_chasqui,46,7,50,27,10,2,10,suave,exposed,ser_psi,serranus_psittacinus,3,3
golfo_tribuga,punta_orion,4,2016,luis_chasqui,46,7,50,27,10,2,10,suave,exposed,tha_luc,thalassoma_lucasanum,30,3
golfo_tribuga,punta_orion,4,2016,luis_chasqui,46,7,50,27,10,2,10,suave,exposed,pla_aza,plagiotremus_azaleus,16,3
golfo_tribuga,punta_orion,4,2016,luis_chasqui,46,7,50,27,10,2,10,suave,exposed,hal_dis,halichoeres_dispilus,50,3
golfo_tribuga,punta_orion,4,2016,luis_chasqui,46,7,50,27,10,2,10,suave,exposed,hal_dis,halichoeres_dispilus,20,8
golfo_tribuga,punta_orion,4,2016,luis_chasqui,46,7,50,27,10,2,10,suave,exposed,chr_atr,chromis_atrilobata,50,3
golfo_tribuga,punta_orion,4,2016,luis_chasqui,47,7,50,27,8,2,10,suave,exposed,lut_gut,lutjanus_guttatus,17,18
golfo_tribuga,punta_orion,4,2016,luis_chasqui,47,7,50,27,8,2,10,suave,exposed,cep_pan,cephalopholis_panamensis,8,13
golfo_tribuga,punta_orion,4,2016,luis_chasqui,47,7,50,27,8,2,10,suave,exposed,cep_pan,cephalopholis_panamensis,5,18
golfo_tribuga,punta_orion,4,2016,luis_chasqui,47,7,50,27,8,2,10,suave,exposed,cep_pan,cephalopholis_panamensis,1,25
golfo_tribuga,punta_orion,4,2016,luis_chasqui,47,7,50,27,8,2,10,suave,exposed,can_pun,canthigaster_punctatissima,8,3
golfo_tribuga,punta_orion,4,2016,luis_chasqui,47,7,50,27,8,2,10,suave,exposed,ste_fla,stegastes_flavilatus,13,8
golfo_tribuga,punta_orion,4,2016,luis_chasqui,47,7,50,27,8,2,10,suave,exposed,hal_dis,halichoeres_dispilus,1,8
golfo_tribuga,punta_orion,4,2016,luis_chasqui,47,7,50,27,8,2,10,suave,exposed,epi_lab,epinephelus_labriformis,3,13
golfo_tribuga,punta_orion,4,2016,luis_chasqui,47,7,50,27,8,2,10,suave,exposed,epi_lab,epinephelus_labriformis,3,25
golfo_tribuga,punta_orion,4,2016,luis_chasqui,47,7,50,27,8,2,10,suave,exposed,mul_den,mulloidichthys_dentatus,4,35
golfo_tribuga,punta_orion,4,2016,luis_chasqui,47,7,50,27,8,2,10,suave,exposed,alp_mul,alphestes_multiguttatus,1,18
golfo_tribuga,punta_orion,4,2016,luis_chasqui,47,7,50,27,8,2,10,suave,exposed,lut_arg,lutjanus_argentiventris,10,18
golfo_tribuga,punta_orion,4,2016,luis_chasqui,47,7,50,27,8,2,10,suave,exposed,lut_arg,lutjanus_argentiventris,15,13
golfo_tribuga,punta_orion,4,2016,luis_chasqui,47,7,50,27,8,2,10,suave,exposed,hae_mac,haemulon_maculicauda,100,18
golfo_tribuga,punta_orion,4,2016,luis_chasqui,47,7,50,27,8,2,10,suave,exposed,hae_mac,haemulon_maculicauda,1,25
golfo_tribuga,punta_orion,4,2016,luis_chasqui,47,7,50,27,8,2,10,suave,exposed,mul_den,mulloidichthys_dentatus,20,18
golfo_tribuga,punta_orion,4,2016,luis_chasqui,47,7,50,27,8,2,10,suave,exposed,lut_gut,lutjanus_guttatus,5,13
golfo_tribuga,punta_orion,4,2016,luis_chasqui,47,7,50,27,8,2,10,suave,exposed,cha_hum,chaetodon_humeralis,2,8
golfo_tribuga,punta_orion,4,2016,luis_chasqui,47,7,50,27,8,2,10,suave,exposed,gym_cas,gymnothorax_castaneus,1,65
golfo_tribuga,punta_orion,4,2016,luis_chasqui,47,7,50,27,8,2,10,suave,exposed,pla_aza,plagiotremus_azaleus,3,3
golfo_tribuga,punta_orion,4,2016,luis_chasqui,47,7,50,27,8,2,10,suave,exposed,chr_atr,chromis_atrilobata,50,3
golfo_tribuga,punta_orion,4,2016,luis_chasqui,48,7,50,27,8,2,10,suave,exposed,cep_pan,cephalopholis_panamensis,4,8
golfo_tribuga,punta_orion,4,2016,luis_chasqui,48,7,50,27,8,2,10,suave,exposed,cep_pan,cephalopholis_panamensis,3,13
golfo_tribuga,punta_orion,4,2016,luis_chasqui,48,7,50,27,8,2,10,suave,exposed,can_pun,canthigaster_punctatissima,8,3
golfo_tribuga,punta_orion,4,2016,luis_chasqui,48,7,50,27,8,2,10,suave,exposed,ste_fla,stegastes_flavilatus,14,8
golfo_tribuga,punta_orion,4,2016,luis_chasqui,48,7,50,27,8,2,10,suave,exposed,cha_hum,chaetodon_humeralis,3,8
golfo_tribuga,punta_orion,4,2016,luis_chasqui,48,7,50,27,8,2,10,suave,exposed,lut_gut,lutjanus_guttatus,6,18
golfo_tribuga,punta_orion,4,2016,luis_chasqui,48,7,50,27,8,2,10,suave,exposed,lut_gut,lutjanus_guttatus,4,13
golfo_tribuga,punta_orion,4,2016,luis_chasqui,48,7,50,27,8,2,10,suave,exposed,hae_mac,haemulon_maculicauda,36,18
golfo_tribuga,punta_orion,4,2016,luis_chasqui,48,7,50,27,8,2,10,suave,exposed,epi_lab,epinephelus_labriformis,3,13
golfo_tribuga,punta_orion,4,2016,luis_chasqui,48,7,50,27,8,2,10,suave,exposed,epi_lab,epinephelus_labriformis,2,25
golfo_tribuga,punta_orion,4,2016,luis_chasqui,48,7,50,27,8,2,10,suave,exposed,abu_tro,abudefduf_troschelii,1,13
golfo_tribuga,punta_orion,4,2016,luis_chasqui,48,7,50,27,8,2,10,suave,exposed,mul_den,mulloidichthys_dentatus,6,13
golfo_tribuga,punta_orion,4,2016,luis_chasqui,48,7,50,27,8,2,10,suave,exposed,chr_atr,chromis_atrilobata,100,3
golfo_tribuga,punta_orion,4,2016,luis_chasqui,48,7,50,27,8,2,10,suave,exposed,par_col,paranthias_colonus,2,3
golfo_tribuga,punta_orion,4,2016,luis_chasqui,48,7,50,27,8,2,10,suave,exposed,pla_aza,plagiotremus_azaleus,10,8
golfo_tribuga,punta_orion,4,2016,luis_chasqui,48,7,50,27,8,2,10,suave,exposed,hal_dis,halichoeres_dispilus,10,8
golfo_tribuga,punta_orion,4,2016,luis_chasqui,48,7,50,27,8,2,10,suave,exposed,hal_dis,halichoeres_dispilus,30,3
golfo_tribuga,punta_orion,4,2016,luis_chasqui,48,7,50,27,8,2,10,suave,exposed,lut_gut,lutjanus_guttatus,3,8
golfo_tribuga,punta_orion,4,2016,luis_chasqui,48,7,50,27,8,2,10,suave,exposed,bod_dip,bodianus_diplotaenia,1,13
golfo_tribuga,punta_orion,4,2016,luis_chasqui,48,7,50,27,8,2,10,suave,exposed,mur_len,muraena_lentiginosa,1,35
golfo_tribuga,punta_orion,4,2016,luis_chasqui,49,7,50,27,6,2,10,suave,exposed,ani_cae,anisotremus_caesius,35,18
golfo_tribuga,punta_orion,4,2016,luis_chasqui,49,7,50,27,6,2,10,suave,exposed,sar_sub,sargocentron_suborbitalis,10,18
golfo_tribuga,punta_orion,4,2016,luis_chasqui,49,7,50,27,6,2,10,suave,exposed,myr_lei,myripristis_leiognathus,11,18
golfo_tribuga,punta_orion,4,2016,luis_chasqui,49,7,50,27,6,2,10,suave,exposed,ste_aca,stegastes_acapulcoensis,4,18
golfo_tribuga,punta_orion,4,2016,luis_chasqui,49,7,50,27,6,2,10,suave,exposed,ste_aca,stegastes_acapulcoensis,5,13
golfo_tribuga,punta_orion,4,2016,luis_chasqui,49,7,50,27,6,2,10,suave,exposed,cep_pan,cephalopholis_panamensis,3,25
golfo_tribuga,punta_orion,4,2016,luis_chasqui,49,7,50,27,6,2,10,suave,exposed,cep_pan,cephalopholis_panamensis,6,13
golfo_tribuga,punta_orion,4,2016,luis_chasqui,49,7,50,27,6,2,10,suave,exposed,hol_pas,holacanthus_passer,3,18
golfo_tribuga,punta_orion,4,2016,luis_chasqui,49,7,50,27,6,2,10,suave,exposed,bod_dip,bodianus_diplotaenia,1,18
golfo_tribuga,punta_orion,4,2016,luis_chasqui,49,7,50,27,6,2,10,suave,exposed,abu_tro,abudefduf_troschelii,6,13
golfo_tribuga,punta_orion,4,2016,luis_chasqui,49,7,50,27,6,2,10,suave,exposed,zan_cor,zanclus_cornutus,1,13
golfo_tribuga,punta_orion,4,2016,luis_chasqui,49,7,50,27,6,2,10,suave,exposed,hae_mac,haemulon_maculicauda,10,18
golfo_tribuga,punta_orion,4,2016,luis_chasqui,49,7,50,27,6,2,10,suave,exposed,suf_ver,sufflamen_verres,1,18
golfo_tribuga,punta_orion,4,2016,luis_chasqui,49,7,50,27,6,2,10,suave,exposed,cha_hum,chaetodon_humeralis,3,8
golfo_tribuga,punta_orion,4,2016,luis_chasqui,49,7,50,27,6,2,10,suave,exposed,ste_fla,stegastes_flavilatus,2,8
golfo_tribuga,punta_orion,4,2016,luis_chasqui,49,7,50,27,6,2,10,suave,exposed,lut_arg,lutjanus_argentiventris,6,13
golfo_tribuga,punta_orion,4,2016,luis_chasqui,49,7,50,27,6,2,10,suave,exposed,epi_lab,epinephelus_labriformis,3,13
golfo_tribuga,punta_orion,4,2016,luis_chasqui,49,7,50,27,6,2,10,suave,exposed,epi_lab,epinephelus_labriformis,5,18
golfo_tribuga,punta_orion,4,2016,luis_chasqui,49,7,50,27,6,2,10,suave,exposed,epi_lab,epinephelus_labriformis,1,25
golfo_tribuga,punta_orion,4,2016,luis_chasqui,49,7,50,27,6,2,10,suave,exposed,can_pun,canthigaster_punctatissima,2,3
golfo_tribuga,punta_orion,4,2016,luis_chasqui,49,7,50,27,6,2,10,suave,exposed,lut_arg,lutjanus_argentiventris,1,25
golfo_tribuga,punta_orion,4,2016,luis_chasqui,49,7,50,27,6,2,10,suave,exposed,tha_luc,thalassoma_lucasanum,50,3
golfo_tribuga,punta_orion,4,2016,luis_chasqui,49,7,50,27,6,2,10,suave,exposed,pla_aza,plagiotremus_azaleus,10,3
golfo_tribuga,punta_orion,4,2016,luis_chasqui,50,7,50,27,6,2,10,suave,exposed,ani_cae,anisotremus_caesius,7,18
golfo_tribuga,punta_orion,4,2016,luis_chasqui,50,7,50,27,6,2,10,suave,exposed,lut_arg,lutjanus_argentiventris,14,13
golfo_tribuga,punta_orion,4,2016,luis_chasqui,50,7,50,27,6,2,10,suave,exposed,epi_lab,epinephelus_labriformis,1,13
golfo_tribuga,punta_orion,4,2016,luis_chasqui,50,7,50,27,6,2,10,suave,exposed,epi_lab,epinephelus_labriformis,4,18
golfo_tribuga,punta_orion,4,2016,luis_chasqui,50,7,50,27,6,2,10,suave,exposed,epi_lab,epinephelus_labriformis,2,35
golfo_tribuga,punta_orion,4,2016,luis_chasqui,50,7,50,27,6,2,10,suave,exposed,abu_tro,abudefduf_troschelii,5,8
golfo_tribuga,punta_orion,4,2016,luis_chasqui,50,7,50,27,6,2,10,suave,exposed,abu_tro,abudefduf_troschelii,26,13
golfo_tribuga,punta_orion,4,2016,luis_chasqui,50,7,50,27,6,2,10,suave,exposed,mul_den,mulloidichthys_dentatus,20,13
golfo_tribuga,punta_orion,4,2016,luis_chasqui,50,7,50,27,6,2,10,suave,exposed,aca_xan,acanthurus_xanthopterus,1,18
golfo_tribuga,punta_orion,4,2016,luis_chasqui,50,7,50,27,6,2,10,suave,exposed,hae_mac,haemulon_maculicauda,12,18
golfo_tribuga,punta_orion,4,2016,luis_chasqui,50,7,50,27,6,2,10,suave,exposed,cep_pan,cephalopholis_panamensis,10,13
golfo_tribuga,punta_orion,4,2016,luis_chasqui,50,7,50,27,6,2,10,suave,exposed,cep_pan,cephalopholis_panamensis,1,8
golfo_tribuga,punta_orion,4,2016,luis_chasqui,50,7,50,27,6,2,10,suave,exposed,ste_aca,stegastes_acapulcoensis,4,8
golfo_tribuga,punta_orion,4,2016,luis_chasqui,50,7,50,27,6,2,10,suave,exposed,ste_aca,stegastes_acapulcoensis,1,13
golfo_tribuga,punta_orion,4,2016,luis_chasqui,50,7,50,27,6,2,10,suave,exposed,ste_aca,stegastes_acapulcoensis,5,18
golfo_tribuga,punta_orion,4,2016,luis_chasqui,50,7,50,27,6,2,10,suave,exposed,epi_lab,epinephelus_labriformis,1,8
golfo_tribuga,punta_orion,4,2016,luis_chasqui,50,7,50,27,6,2,10,suave,exposed,kyp_ana,kyphosus_vaigiensis,50,18
golfo_tribuga,punta_orion,4,2016,luis_chasqui,50,7,50,27,6,2,10,suave,exposed,ste_fla,stegastes_flavilatus,9,8
golfo_tribuga,punta_orion,4,2016,luis_chasqui,50,7,50,27,6,2,10,suave,exposed,cep_pan,cephalopholis_panamensis,8,25
golfo_tribuga,punta_orion,4,2016,luis_chasqui,50,7,50,27,6,2,10,suave,exposed,can_pun,canthigaster_punctatissima,13,3
golfo_tribuga,punta_orion,4,2016,luis_chasqui,50,7,50,27,6,2,10,suave,exposed,lut_gut,lutjanus_guttatus,1,13
golfo_tribuga,punta_orion,4,2016,luis_chasqui,50,7,50,27,6,2,10,suave,exposed,pse_nau,pseudobalistes_naufragium,1,25
golfo_tribuga,punta_orion,4,2016,luis_chasqui,50,7,50,27,6,2,10,suave,exposed,lut_arg,lutjanus_argentiventris,4,18
golfo_tribuga,punta_orion,4,2016,luis_chasqui,50,7,50,27,6,2,10,suave,exposed,sar_sub,sargocentron_suborbitalis,1,18
golfo_tribuga,punta_orion,4,2016,luis_chasqui,50,7,50,27,6,2,10,suave,exposed,hal_nic,halichoeres_nicholsi,1,13
golfo_tribuga,punta_orion,4,2016,luis_chasqui,50,7,50,27,6,2,10,suave,exposed,cir_riv,cirrhitus_rivulatus,1,18
golfo_tribuga,punta_orion,4,2016,luis_chasqui,50,7,50,27,6,2,10,suave,exposed,ani_cae,anisotremus_caesius,2,25
cupica,la_viuda,4,2016,luis_chasqui,74,11,50,26,16,2,10,suave,protected,joh_nig,johnrandallia_nigrirostris,5,8
cupica,la_viuda,4,2016,luis_chasqui,74,11,50,26,16,2,10,suave,protected,cep_pan,cephalopholis_panamensis,3,18
cupica,la_viuda,4,2016,luis_chasqui,74,11,50,26,16,2,10,suave,protected,epi_lab,epinephelus_labriformis,2,18
cupica,la_viuda,4,2016,luis_chasqui,74,11,50,26,16,2,10,suave,protected,sca_rub,scarus_rubroviolaceus,2,25
cupica,la_viuda,4,2016,luis_chasqui,74,11,50,26,16,2,10,suave,protected,ste_fla,stegastes_flavilatus,17,8
cupica,la_viuda,4,2016,luis_chasqui,74,11,50,26,16,2,10,suave,protected,hal_nic,halichoeres_nicholsi,1,18
cupica,la_viuda,4,2016,luis_chasqui,74,11,50,26,16,2,10,suave,protected,bod_dip,bodianus_diplotaenia,1,18
cupica,la_viuda,4,2016,luis_chasqui,74,11,50,26,16,2,10,suave,protected,mic_dor,microspathodon_dorsalis,2,18
cupica,la_viuda,4,2016,luis_chasqui,74,11,50,26,16,2,10,suave,protected,epi_lab,epinephelus_labriformis,2,25
cupica,la_viuda,4,2016,luis_chasqui,74,11,50,26,16,2,10,suave,protected,chr_atr,chromis_atrilobata,20,3
cupica,la_viuda,4,2016,luis_chasqui,74,11,50,26,16,2,10,suave,protected,cep_pan,cephalopholis_panamensis,1,8
cupica,la_viuda,4,2016,luis_chasqui,74,11,50,26,16,2,10,suave,protected,can_pun,canthigaster_punctatissima,5,3
cupica,la_viuda,4,2016,luis_chasqui,74,11,50,26,16,2,10,suave,protected,hol_pas,holacanthus_passer,6,13
cupica,la_viuda,4,2016,luis_chasqui,74,11,50,26,16,2,10,suave,protected,hol_pas,holacanthus_passer,1,8
cupica,la_viuda,4,2016,luis_chasqui,74,11,50,26,16,2,10,suave,protected,pse_nau,pseudobalistes_naufragium,1,25
cupica,la_viuda,4,2016,luis_chasqui,74,11,50,26,16,2,10,suave,protected,par_col,paranthias_colonus,1,18
cupica,la_viuda,4,2016,luis_chasqui,74,11,50,26,16,2,10,suave,protected,suf_ver,sufflamen_verres,1,18
cupica,la_viuda,4,2016,luis_chasqui,74,11,50,26,16,2,10,suave,protected,bod_dip,bodianus_diplotaenia,1,13
cupica,la_viuda,4,2016,luis_chasqui,74,11,50,26,16,2,10,suave,protected,sec_ocy,kyphosus_ocyurus,30,35
cupica,la_viuda,4,2016,luis_chasqui,74,11,50,26,16,2,10,suave,protected,hal_dis,halichoeres_dispilus,1,8
cupica,la_viuda,4,2016,luis_chasqui,74,11,50,26,16,2,10,suave,protected,hal_dis,halichoeres_dispilus,30,3
cupica,la_viuda,4,2016,luis_chasqui,74,11,50,26,16,2,10,suave,protected,lut_arg,lutjanus_argentiventris,1,25
cupica,la_viuda,4,2016,luis_chasqui,74,11,50,26,16,2,10,suave,protected,bod_dip,bodianus_diplotaenia,1,3
cupica,la_viuda,4,2016,luis_chasqui,75,11,50,26,16,2,10,suave,protected,myr_lei,myripristis_leiognathus,8,13
cupica,la_viuda,4,2016,luis_chasqui,75,11,50,26,16,2,10,suave,protected,par_col,paranthias_colonus,10,18
cupica,la_viuda,4,2016,luis_chasqui,75,11,50,26,16,2,10,suave,protected,par_col,paranthias_colonus,1,25
cupica,la_viuda,4,2016,luis_chasqui,75,11,50,26,16,2,10,suave,protected,bod_dip,bodianus_diplotaenia,1,8
cupica,la_viuda,4,2016,luis_chasqui,75,11,50,26,16,2,10,suave,protected,ste_aca,stegastes_acapulcoensis,1,8
cupica,la_viuda,4,2016,luis_chasqui,75,11,50,26,16,2,10,suave,protected,cep_pan,cephalopholis_panamensis,1,13
cupica,la_viuda,4,2016,luis_chasqui,75,11,50,26,16,2,10,suave,protected,cep_pan,cephalopholis_panamensis,1,18
cupica,la_viuda,4,2016,luis_chasqui,75,11,50,26,16,2,10,suave,protected,epi_lab,epinephelus_labriformis,4,18
cupica,la_viuda,4,2016,luis_chasqui,75,11,50,26,16,2,10,suave,protected,epi_lab,epinephelus_labriformis,1,13
cupica,la_viuda,4,2016,luis_chasqui,75,11,50,26,16,2,10,suave,protected,epi_lab,epinephelus_labriformis,1,25
cupica,la_viuda,4,2016,luis_chasqui,75,11,50,26,16,2,10,suave,protected,cir_riv,cirrhitus_rivulatus,1,18
cupica,la_viuda,4,2016,luis_chasqui,75,11,50,26,16,2,10,suave,protected,can_pun,canthigaster_punctatissima,5,3
cupica,la_viuda,4,2016,luis_chasqui,75,11,50,26,16,2,10,suave,protected,chr_atr,chromis_atrilobata,40,3
cupica,la_viuda,4,2016,luis_chasqui,75,11,50,26,16,2,10,suave,protected,tha_luc,thalassoma_lucasanum,30,3
cupica,la_viuda,4,2016,luis_chasqui,75,11,50,26,16,2,10,suave,protected,hol_pas,holacanthus_passer,1,18
cupica,la_viuda,4,2016,luis_chasqui,75,11,50,26,16,2,10,suave,protected,suf_ver,sufflamen_verres,1,13
cupica,la_viuda,4,2016,luis_chasqui,75,11,50,26,16,2,10,suave,protected,suf_ver,sufflamen_verres,1,18
cupica,la_viuda,4,2016,luis_chasqui,75,11,50,26,16,2,10,suave,protected,ste_fla,stegastes_flavilatus,10,8
cupica,la_viuda,4,2016,luis_chasqui,75,11,50,26,16,2,10,suave,protected,aca_xan,acanthurus_xanthopterus,1,18
cupica,la_viuda,4,2016,luis_chasqui,75,11,50,26,16,2,10,suave,protected,pse_nau,pseudobalistes_naufragium,1,35
cupica,la_viuda,4,2016,luis_chasqui,75,11,50,26,16,2,10,suave,protected,sca_rub,scarus_rubroviolaceus,1,35
cupica,la_viuda,4,2016,luis_chasqui,75,11,50,26,16,2,10,suave,protected,joh_nig,johnrandallia_nigrirostris,2,8
cupica,la_viuda,4,2016,luis_chasqui,75,11,50,26,16,2,10,suave,protected,car_cab,caranx_caballus,8,25
cupica,la_viuda,4,2016,luis_chasqui,76,11,50,26,16,2,10,suave,protected,hal_dis,halichoeres_dispilus,10,8
cupica,la_viuda,4,2016,luis_chasqui,76,11,50,26,16,2,10,suave,protected,hal_dis,halichoeres_dispilus,60,3
cupica,la_viuda,4,2016,luis_chasqui,76,11,50,26,16,2,10,suave,protected,suf_ver,sufflamen_verres,1,18
cupica,la_viuda,4,2016,luis_chasqui,76,11,50,26,16,2,10,suave,protected,sca_rub,scarus_rubroviolaceus,2,35
cupica,la_viuda,4,2016,luis_chasqui,76,11,50,26,16,2,10,suave,protected,sca_rub,scarus_rubroviolaceus,1,25
cupica,la_viuda,4,2016,luis_chasqui,76,11,50,26,16,2,10,suave,protected,aro_his,arothron_hispidus,2,25
cupica,la_viuda,4,2016,luis_chasqui,76,11,50,26,16,2,10,suave,protected,hol_pas,holacanthus_passer,1,18
cupica,la_viuda,4,2016,luis_chasqui,76,11,50,26,16,2,10,suave,protected,ste_fla,stegastes_flavilatus,1,3
cupica,la_viuda,4,2016,luis_chasqui,76,11,50,26,16,2,10,suave,protected,ste_fla,stegastes_flavilatus,1,8
cupica,la_viuda,4,2016,luis_chasqui,76,11,50,26,16,2,10,suave,protected,suf_ver,sufflamen_verres,5,18
cupica,la_viuda,4,2016,luis_chasqui,76,11,50,26,16,2,10,suave,protected,cep_pan,cephalopholis_panamensis,1,18
cupica,la_viuda,4,2016,luis_chasqui,76,11,50,26,16,2,10,suave,protected,can_pun,canthigaster_punctatissima,4,3
cupica,la_viuda,4,2016,luis_chasqui,76,11,50,26,16,2,10,suave,protected,bod_dip,bodianus_diplotaenia,2,18
cupica,la_viuda,4,2016,luis_chasqui,76,11,50,26,16,2,10,suave,protected,tha_luc,thalassoma_lucasanum,10,3
cupica,la_viuda,4,2016,luis_chasqui,76,11,50,26,16,2,10,suave,protected,pse_nau,pseudobalistes_naufragium,1,35
cupica,la_viuda,4,2016,luis_chasqui,77,11,50,26,16,2,10,suave,protected,aca_xan,acanthurus_xanthopterus,10,25
cupica,la_viuda,4,2016,luis_chasqui,77,11,50,26,16,2,10,suave,protected,joh_nig,johnrandallia_nigrirostris,4,8
cupica,la_viuda,4,2016,luis_chasqui,77,11,50,26,16,2,10,suave,protected,hol_pas,holacanthus_passer,1,18
cupica,la_viuda,4,2016,luis_chasqui,77,11,50,26,16,2,10,suave,protected,sca_rub,scarus_rubroviolaceus,11,18
cupica,la_viuda,4,2016,luis_chasqui,77,11,50,26,16,2,10,suave,protected,cep_pan,cephalopholis_panamensis,3,18
cupica,la_viuda,4,2016,luis_chasqui,77,11,50,26,16,2,10,suave,protected,epi_lab,epinephelus_labriformis,1,25
cupica,la_viuda,4,2016,luis_chasqui,77,11,50,26,16,2,10,suave,protected,can_pun,canthigaster_punctatissima,3,18
cupica,la_viuda,4,2016,luis_chasqui,77,11,50,26,16,2,10,suave,protected,lut_arg,lutjanus_argentiventris,1,35
cupica,la_viuda,4,2016,luis_chasqui,77,11,50,26,16,2,10,suave,protected,par_col,paranthias_colonus,10,18
cupica,la_viuda,4,2016,luis_chasqui,77,11,50,26,16,2,10,suave,protected,sca_rub,scarus_rubroviolaceus,3,35
cupica,la_viuda,4,2016,luis_chasqui,77,11,50,26,16,2,10,suave,protected,kyp_ana,kyphosus_vaigiensis,5,18
cupica,la_viuda,4,2016,luis_chasqui,77,11,50,26,16,2,10,suave,protected,suf_ver,sufflamen_verres,1,18
cupica,la_viuda,4,2016,luis_chasqui,77,11,50,26,16,2,10,suave,protected,zan_cor,zanclus_cornutus,1,18
cupica,la_viuda,4,2016,luis_chasqui,77,11,50,26,16,2,10,suave,protected,pri_lat,prionurus_laticlavius,1,25
cupica,la_viuda,4,2016,luis_chasqui,77,11,50,26,16,2,10,suave,protected,epi_lab,epinephelus_labriformis,1,18
cupica,la_viuda,4,2016,luis_chasqui,77,11,50,26,16,2,10,suave,protected,chr_atr,chromis_atrilobata,20,3
cupica,la_viuda,4,2016,luis_chasqui,77,11,50,26,16,2,10,suave,protected,par_col,paranthias_colonus,10,3
cupica,la_viuda,4,2016,luis_chasqui,77,11,50,26,16,2,10,suave,protected,hol_pas,holacanthus_passer,1,8
cupica,la_viuda,4,2016,luis_chasqui,77,11,50,26,16,2,10,suave,protected,hol_pas,holacanthus_passer,1,13
cupica,la_viuda,4,2016,luis_chasqui,77,11,50,26,16,2,10,suave,protected,aro_his,arothron_hispidus,1,18
cupica,la_viuda,4,2016,luis_chasqui,77,11,50,26,16,2,10,suave,protected,ste_fla,stegastes_flavilatus,10,8
cupica,la_viuda,4,2016,luis_chasqui,77,11,50,26,16,2,10,suave,protected,sca_gho,scarus_ghobban,2,25
cupica,la_viuda,4,2016,luis_chasqui,78,11,50,26,13,2,10,suave,protected,joh_nig,johnrandallia_nigrirostris,3,8
cupica,la_viuda,4,2016,luis_chasqui,78,11,50,26,13,2,10,suave,protected,ste_fla,stegastes_flavilatus,10,8
cupica,la_viuda,4,2016,luis_chasqui,78,11,50,26,13,2,10,suave,protected,par_col,paranthias_colonus,1,18
cupica,la_viuda,4,2016,luis_chasqui,78,11,50,26,13,2,10,suave,protected,hol_pas,holacanthus_passer,3,13
cupica,la_viuda,4,2016,luis_chasqui,78,11,50,26,13,2,10,suave,protected,hol_pas,holacanthus_passer,1,18
cupica,la_viuda,4,2016,luis_chasqui,78,11,50,26,13,2,10,suave,protected,mic_dor,microspathodon_dorsalis,3,18
cupica,la_viuda,4,2016,luis_chasqui,78,11,50,26,13,2,10,suave,protected,mic_dor,microspathodon_dorsalis,1,25
cupica,la_viuda,4,2016,luis_chasqui,78,11,50,26,13,2,10,suave,protected,epi_lab,epinephelus_labriformis,1,18
cupica,la_viuda,4,2016,luis_chasqui,78,11,50,26,13,2,10,suave,protected,epi_lab,epinephelus_labriformis,2,25
cupica,la_viuda,4,2016,luis_chasqui,78,11,50,26,13,2,10,suave,protected,cep_pan,cephalopholis_panamensis,5,18
cupica,la_viuda,4,2016,luis_chasqui,78,11,50,26,13,2,10,suave,protected,suf_ver,sufflamen_verres,2,18
cupica,la_viuda,4,2016,luis_chasqui,78,11,50,26,13,2,10,suave,protected,aro_his,arothron_hispidus,1,18
cupica,la_viuda,4,2016,luis_chasqui,78,11,50,26,13,2,10,suave,protected,aca_xan,acanthurus_xanthopterus,8,25
cupica,la_viuda,4,2016,luis_chasqui,78,11,50,26,13,2,10,suave,protected,aca_xan,acanthurus_xanthopterus,2,35
cupica,la_viuda,4,2016,luis_chasqui,78,11,50,26,13,2,10,suave,protected,zan_cor,zanclus_cornutus,1,18
cupica,la_viuda,4,2016,luis_chasqui,78,11,50,26,13,2,10,suave,protected,lut_arg,lutjanus_argentiventris,2,25
cupica,la_viuda,4,2016,luis_chasqui,78,11,50,26,13,2,10,suave,protected,ani_tae,anisotremus_taeniatus,1,18
cupica,la_viuda,4,2016,luis_chasqui,78,11,50,26,13,2,10,suave,protected,cep_pan,cephalopholis_panamensis,3,13
cupica,la_viuda,4,2016,luis_chasqui,78,11,50,26,13,2,10,suave,protected,can_pun,canthigaster_punctatissima,5,3
cupica,la_viuda,4,2016,luis_chasqui,78,11,50,26,13,2,10,suave,protected,tha_luc,thalassoma_lucasanum,20,3
cupica,la_viuda,4,2016,luis_chasqui,78,11,50,26,13,2,10,suave,protected,chr_atr,chromis_atrilobata,20,3
cupica,la_viuda,4,2016,luis_chasqui,79,11,50,26,13,2,10,suave,protected,cep_pan,cephalopholis_panamensis,6,18
cupica,la_viuda,4,2016,luis_chasqui,79,11,50,26,13,2,10,suave,protected,ste_fla,stegastes_flavilatus,10,8
cupica,la_viuda,4,2016,luis_chasqui,79,11,50,26,13,2,10,suave,protected,tha_luc,thalassoma_lucasanum,20,3
cupica,la_viuda,4,2016,luis_chasqui,79,11,50,26,13,2,10,suave,protected,mic_dor,microspathodon_dorsalis,1,18
cupica,la_viuda,4,2016,luis_chasqui,79,11,50,26,13,2,10,suave,protected,joh_nig,johnrandallia_nigrirostris,2,8
cupica,la_viuda,4,2016,luis_chasqui,79,11,50,26,13,2,10,suave,protected,par_col,paranthias_colonus,2,18
cupica,la_viuda,4,2016,luis_chasqui,79,11,50,26,13,2,10,suave,protected,suf_ver,sufflamen_verres,5,18
cupica,la_viuda,4,2016,luis_chasqui,79,11,50,26,13,2,10,suave,protected,aro_his,arothron_hispidus,1,18
cupica,la_viuda,4,2016,luis_chasqui,79,11,50,26,13,2,10,suave,protected,ser_riv,seriola_rivoliana,1,65
cupica,la_viuda,4,2016,luis_chasqui,79,11,50,26,13,2,10,suave,protected,par_col,paranthias_colonus,5,18
cupica,la_viuda,4,2016,luis_chasqui,79,11,50,26,13,2,10,suave,protected,lut_arg,lutjanus_argentiventris,1,18
cupica,la_viuda,4,2016,luis_chasqui,79,11,50,26,13,2,10,suave,protected,hol_pas,holacanthus_passer,1,18
cupica,la_viuda,4,2016,luis_chasqui,79,11,50,26,13,2,10,suave,protected,hol_pas,holacanthus_passer,1,13
cupica,la_viuda,4,2016,luis_chasqui,79,11,50,26,13,2,10,suave,protected,epi_lab,epinephelus_labriformis,1,25
cupica,la_viuda,4,2016,luis_chasqui,79,11,50,26,13,2,10,suave,protected,can_pun,canthigaster_punctatissima,1,8
cupica,la_viuda,4,2016,luis_chasqui,79,11,50,26,13,2,10,suave,protected,hal_nic,halichoeres_nicholsi,1,18
cupica,la_viuda,4,2016,luis_chasqui,79,11,50,26,13,2,10,suave,protected,aca_xan,acanthurus_xanthopterus,4,25
cupica,la_viuda,4,2016,luis_chasqui,79,11,50,26,13,2,10,suave,protected,mul_den,mulloidichthys_dentatus,2,18
cupica,la_viuda,4,2016,luis_chasqui,79,11,50,26,13,2,10,suave,protected,bod_dip,bodianus_diplotaenia,1,25
cupica,la_mina,4,2016,luis_chasqui,97,14,50,25,21,2,20,ninguna,exposed,hol_pas,holacanthus_passer,7,18
cupica,la_mina,4,2016,luis_chasqui,97,14,50,25,21,2,20,ninguna,exposed,hol_pas,holacanthus_passer,5,13
cupica,la_mina,4,2016,luis_chasqui,97,14,50,25,21,2,20,ninguna,exposed,cep_pan,cephalopholis_panamensis,3,18
cupica,la_mina,4,2016,luis_chasqui,97,14,50,25,21,2,20,ninguna,exposed,joh_nig,johnrandallia_nigrirostris,1,8
cupica,la_mina,4,2016,luis_chasqui,97,14,50,25,21,2,20,ninguna,exposed,chr_atr,chromis_atrilobata,300,3
cupica,la_mina,4,2016,luis_chasqui,97,14,50,25,21,2,20,ninguna,exposed,lut_arg,lutjanus_argentiventris,3,25
cupica,la_mina,4,2016,luis_chasqui,97,14,50,25,21,2,20,ninguna,exposed,suf_ver,sufflamen_verres,1,13
cupica,la_mina,4,2016,luis_chasqui,97,14,50,25,21,2,20,ninguna,exposed,car_cab,caranx_caballus,2,35
cupica,la_mina,4,2016,luis_chasqui,97,14,50,25,21,2,20,ninguna,exposed,hae_fla,haemulon_flaviguttatum,53,25
cupica,la_mina,4,2016,luis_chasqui,97,14,50,25,21,2,20,ninguna,exposed,epi_lab,epinephelus_labriformis,1,18
cupica,la_mina,4,2016,luis_chasqui,97,14,50,25,21,2,20,ninguna,exposed,par_col,paranthias_colonus,20,13
cupica,la_mina,4,2016,luis_chasqui,97,14,50,25,21,2,20,ninguna,exposed,par_col,paranthias_colonus,2,18
cupica,la_mina,4,2016,luis_chasqui,97,14,50,25,21,2,20,ninguna,exposed,bod_dip,bodianus_diplotaenia,1,25
cupica,la_mina,4,2016,luis_chasqui,97,14,50,25,21,2,20,ninguna,exposed,bod_dip,bodianus_diplotaenia,1,13
cupica,la_mina,4,2016,luis_chasqui,97,14,50,25,21,2,20,ninguna,exposed,hal_dis,halichoeres_dispilus,50,3
cupica,la_mina,4,2016,luis_chasqui,97,14,50,25,21,2,20,ninguna,exposed,aro_mel,arothron_meleagris,1,18
cupica,la_mina,4,2016,luis_chasqui,97,14,50,25,21,2,20,ninguna,exposed,cir_oxy,cirrhitichthys_oxycephalus,10,3
cupica,la_mina,4,2016,luis_chasqui,97,14,50,25,21,2,20,ninguna,exposed,tha_luc,thalassoma_lucasanum,10,3
cupica,la_mina,4,2016,luis_chasqui,98,14,50,25,20,2,20,ninguna,exposed,par_col,paranthias_colonus,4,18
cupica,la_mina,4,2016,luis_chasqui,98,14,50,25,20,2,20,ninguna,exposed,bod_dip,bodianus_diplotaenia,1,13
cupica,la_mina,4,2016,luis_chasqui,98,14,50,25,20,2,20,ninguna,exposed,hol_pas,holacanthus_passer,7,13
cupica,la_mina,4,2016,luis_chasqui,98,14,50,25,20,2,20,ninguna,exposed,hol_pas,holacanthus_passer,1,18
cupica,la_mina,4,2016,luis_chasqui,98,14,50,25,20,2,20,ninguna,exposed,suf_ver,sufflamen_verres,1,18
cupica,la_mina,4,2016,luis_chasqui,98,14,50,25,20,2,20,ninguna,exposed,aro_his,arothron_hispidus,1,18
cupica,la_mina,4,2016,luis_chasqui,98,14,50,25,20,2,20,ninguna,exposed,ser_riv,seriola_rivoliana,7,75
cupica,la_mina,4,2016,luis_chasqui,98,14,50,25,20,2,20,ninguna,exposed,car_cab,caranx_caballus,5,35
cupica,la_mina,4,2016,luis_chasqui,98,14,50,25,20,2,20,ninguna,exposed,ani_int,anisotremus_interruptus,1,35
cupica,la_mina,4,2016,luis_chasqui,98,14,50,25,20,2,20,ninguna,exposed,hae_fla,haemulon_flaviguttatum,30,25
cupica,la_mina,4,2016,luis_chasqui,98,14,50,25,20,2,20,ninguna,exposed,lut_gut,lutjanus_guttatus,10,35
cupica,la_mina,4,2016,luis_chasqui,98,14,50,25,20,2,20,ninguna,exposed,dec_mac,decapterus_macarellus,30,18
cupica,la_mina,4,2016,luis_chasqui,98,14,50,25,20,2,20,ninguna,exposed,aro_his,arothron_hispidus,2,18
cupica,la_mina,4,2016,luis_chasqui,99,14,50,25,15,2,20,ninguna,exposed,hol_pas,holacanthus_passer,3,18
cupica,la_mina,4,2016,luis_chasqui,99,14,50,25,15,2,20,ninguna,exposed,hol_pas,holacanthus_passer,1,8
cupica,la_mina,4,2016,luis_chasqui,99,14,50,25,15,2,20,ninguna,exposed,hol_pas,holacanthus_passer,2,13
cupica,la_mina,4,2016,luis_chasqui,99,14,50,25,15,2,20,ninguna,exposed,tha_luc,thalassoma_lucasanum,50,3
cupica,la_mina,4,2016,luis_chasqui,99,14,50,25,15,2,20,ninguna,exposed,ste_fla,stegastes_flavilatus,1,3
cupica,la_mina,4,2016,luis_chasqui,99,14,50,25,15,2,20,ninguna,exposed,ste_fla,stegastes_flavilatus,1,8
cupica,la_mina,4,2016,luis_chasqui,99,14,50,25,15,2,20,ninguna,exposed,suf_ver,sufflamen_verres,1,18
cupica,la_mina,4,2016,luis_chasqui,99,14,50,25,15,2,20,ninguna,exposed,bod_dip,bodianus_diplotaenia,2,18
cupica,la_mina,4,2016,luis_chasqui,99,14,50,25,15,2,20,ninguna,exposed,joh_nig,johnrandallia_nigrirostris,50,8
cupica,la_mina,4,2016,luis_chasqui,99,14,50,25,15,2,20,ninguna,exposed,cha_zon,chaetodipterus_zonatus,50,35
cupica,la_mina,4,2016,luis_chasqui,99,14,50,25,15,2,20,ninguna,exposed,hae_ste,haemulon_steindachneri,1,25
cupica,la_mina,4,2016,luis_chasqui,99,14,50,25,15,2,20,ninguna,exposed,par_col,paranthias_colonus,25,18
cupica,la_mina,4,2016,luis_chasqui,99,14,50,25,15,2,20,ninguna,exposed,cep_pan,cephalopholis_panamensis,3,18
cupica,la_mina,4,2016,luis_chasqui,99,14,50,25,15,2,20,ninguna,exposed,cep_pan,cephalopholis_panamensis,1,13
cupica,la_mina,4,2016,luis_chasqui,99,14,50,25,15,2,20,ninguna,exposed,chr_atr,chromis_atrilobata,100,3
cupica,la_mina,4,2016,luis_chasqui,99,14,50,25,15,2,20,ninguna,exposed,hal_dis,halichoeres_dispilus,20,3
cupica,la_mina,4,2016,luis_chasqui,99,14,50,25,15,2,20,ninguna,exposed,pla_aza,plagiotremus_azaleus,5,3
cupica,la_mina,4,2016,luis_chasqui,99,14,50,25,15,2,20,ninguna,exposed,bod_dip,bodianus_diplotaenia,10,3
cupica,la_mina,4,2016,luis_chasqui,99,14,50,25,15,2,20,ninguna,exposed,epi_lab,epinephelus_labriformis,1,25
cupica,la_mina,4,2016,luis_chasqui,100,14,50,25,15,2,20,ninguna,exposed,hol_pas,holacanthus_passer,1,18
cupica,la_mina,4,2016,luis_chasqui,100,14,50,25,15,2,20,ninguna,exposed,hol_pas,holacanthus_passer,5,13
cupica,la_mina,4,2016,luis_chasqui,100,14,50,25,15,2,20,ninguna,exposed,joh_nig,johnrandallia_nigrirostris,10,8
cupica,la_mina,4,2016,luis_chasqui,100,14,50,25,15,2,20,ninguna,exposed,cep_pan,cephalopholis_panamensis,3,13
cupica,la_mina,4,2016,luis_chasqui,100,14,50,25,15,2,20,ninguna,exposed,pri_lat,prionurus_laticlavius,4,35
cupica,la_mina,4,2016,luis_chasqui,100,14,50,25,15,2,20,ninguna,exposed,cir_oxy,cirrhitichthys_oxycephalus,10,3
cupica,la_mina,4,2016,luis_chasqui,100,14,50,25,15,2,20,ninguna,exposed,cep_pan,cephalopholis_panamensis,4,18
cupica,la_mina,4,2016,luis_chasqui,100,14,50,25,15,2,20,ninguna,exposed,epi_lab,epinephelus_labriformis,2,35
cupica,la_mina,4,2016,luis_chasqui,100,14,50,25,15,2,20,ninguna,exposed,tha_luc,thalassoma_lucasanum,100,3
cupica,la_mina,4,2016,luis_chasqui,100,14,50,25,15,2,20,ninguna,exposed,ste_fla,stegastes_flavilatus,10,8
cupica,la_mina,4,2016,luis_chasqui,100,14,50,25,15,2,20,ninguna,exposed,bod_dip,bodianus_diplotaenia,5,8
cupica,la_mina,4,2016,luis_chasqui,100,14,50,25,15,2,20,ninguna,exposed,par_col,paranthias_colonus,10,18
cupica,la_mina,4,2016,luis_chasqui,100,14,50,25,15,2,20,ninguna,exposed,par_col,paranthias_colonus,20,13
cupica,la_mina,4,2016,luis_chasqui,100,14,50,25,15,2,20,ninguna,exposed,can_pun,canthigaster_punctatissima,5,3
cupica,la_mina,4,2016,luis_chasqui,101,14,50,24,18,2,20,ninguna,exposed,hol_pas,holacanthus_passer,1,8
cupica,la_mina,4,2016,luis_chasqui,101,14,50,24,18,2,20,ninguna,exposed,hol_pas,holacanthus_passer,10,13
cupica,la_mina,4,2016,luis_chasqui,101,14,50,24,18,2,20,ninguna,exposed,cep_pan,cephalopholis_panamensis,1,35
cupica,la_mina,4,2016,luis_chasqui,101,14,50,24,18,2,20,ninguna,exposed,bod_dip,bodianus_diplotaenia,1,35
cupica,la_mina,4,2016,luis_chasqui,101,14,50,24,18,2,20,ninguna,exposed,bod_dip,bodianus_diplotaenia,1,13
cupica,la_mina,4,2016,luis_chasqui,101,14,50,24,18,2,20,ninguna,exposed,pse_nau,pseudobalistes_naufragium,1,25
cupica,la_mina,4,2016,luis_chasqui,101,14,50,24,18,2,20,ninguna,exposed,joh_nig,johnrandallia_nigrirostris,100,8
cupica,la_mina,4,2016,luis_chasqui,101,14,50,24,18,2,20,ninguna,exposed,pla_aza,plagiotremus_azaleus,10,3
cupica,la_mina,4,2016,luis_chasqui,101,14,50,24,18,2,20,ninguna,exposed,epi_lab,epinephelus_labriformis,4,18
cupica,la_mina,4,2016,luis_chasqui,101,14,50,24,18,2,20,ninguna,exposed,epi_lab,epinephelus_labriformis,2,25
cupica,la_mina,4,2016,luis_chasqui,101,14,50,24,18,2,20,ninguna,exposed,hol_pas,holacanthus_passer,3,18
cupica,la_mina,4,2016,luis_chasqui,101,14,50,24,18,2,20,ninguna,exposed,aro_mel,arothron_meleagris,1,18
cupica,la_mina,4,2016,luis_chasqui,101,14,50,24,18,2,20,ninguna,exposed,hae_fla,haemulon_flaviguttatum,50,18
cupica,la_mina,4,2016,luis_chasqui,101,14,50,24,18,2,20,ninguna,exposed,cep_pan,cephalopholis_panamensis,5,25
cupica,la_mina,4,2016,luis_chasqui,102,14,50,24,18,2,20,ninguna,exposed,hol_pas,holacanthus_passer,10,18
cupica,la_mina,4,2016,luis_chasqui,102,14,50,24,18,2,20,ninguna,exposed,suf_ver,sufflamen_verres,2,25
cupica,la_mina,4,2016,luis_chasqui,102,14,50,24,18,2,20,ninguna,exposed,bod_dip,bodianus_diplotaenia,3,18
cupica,la_mina,4,2016,luis_chasqui,102,14,50,24,18,2,20,ninguna,exposed,cep_pan,cephalopholis_panamensis,1,35
cupica,la_mina,4,2016,luis_chasqui,102,14,50,24,18,2,20,ninguna,exposed,chr_atr,chromis_atrilobata,100,3
cupica,la_mina,4,2016,luis_chasqui,102,14,50,24,18,2,20,ninguna,exposed,joh_nig,johnrandallia_nigrirostris,2,8
cupica,la_mina,4,2016,luis_chasqui,102,14,50,24,18,2,20,ninguna,exposed,lut_gut,lutjanus_guttatus,2,25
cupica,la_mina,4,2016,luis_chasqui,102,14,50,24,18,2,20,ninguna,exposed,cha_zon,chaetodipterus_zonatus,25,35
cupica,la_mina,4,2016,luis_chasqui,102,14,50,24,18,2,20,ninguna,exposed,sec_ocy,kyphosus_ocyurus,25,35
cupica,la_mina,4,2016,luis_chasqui,102,14,50,24,18,2,20,ninguna,exposed,car_can,caranx_caninus,25,35
cupica,la_mina,4,2016,luis_chasqui,102,14,50,24,18,2,20,ninguna,exposed,par_col,paranthias_colonus,10,18
cupica,la_mina,4,2016,luis_chasqui,102,14,50,24,18,2,20,ninguna,exposed,par_col,paranthias_colonus,30,3
cupica,la_mina,4,2016,luis_chasqui,102,14,50,24,18,2,20,ninguna,exposed,par_col,paranthias_colonus,20,13
cupica,parguera_cup,4,2016,natalia_rincon,103,15,50,26,16,2,15,ninguna,exposed,tha_luc,thalassoma_lucasanum,33,3
cupica,parguera_cup,4,2016,natalia_rincon,103,15,50,26,16,2,15,ninguna,exposed,cep_pan,cephalopholis_panamensis,3,8
cupica,parguera_cup,4,2016,natalia_rincon,103,15,50,26,16,2,15,ninguna,exposed,cep_pan,cephalopholis_panamensis,1,18
cupica,parguera_cup,4,2016,natalia_rincon,103,15,50,26,16,2,15,ninguna,exposed,cep_pan,cephalopholis_panamensis,5,25
cupica,parguera_cup,4,2016,natalia_rincon,103,15,50,26,16,2,15,ninguna,exposed,joh_nig,johnrandallia_nigrirostris,15,13
cupica,parguera_cup,4,2016,natalia_rincon,103,15,50,26,16,2,15,ninguna,exposed,par_col,paranthias_colonus,8,18
cupica,parguera_cup,4,2016,natalia_rincon,103,15,50,26,16,2,15,ninguna,exposed,par_col,paranthias_colonus,3,3
cupica,parguera_cup,4,2016,natalia_rincon,103,15,50,26,16,2,15,ninguna,exposed,hol_pas,holacanthus_passer,1,13
cupica,parguera_cup,4,2016,natalia_rincon,103,15,50,26,16,2,15,ninguna,exposed,hol_pas,holacanthus_passer,1,18
cupica,parguera_cup,4,2016,natalia_rincon,103,15,50,26,16,2,15,ninguna,exposed,bod_dip,bodianus_diplotaenia,3,3
cupica,parguera_cup,4,2016,natalia_rincon,103,15,50,26,16,2,15,ninguna,exposed,bod_dip,bodianus_diplotaenia,1,13
cupica,parguera_cup,4,2016,natalia_rincon,103,15,50,26,16,2,15,ninguna,exposed,bod_dip,bodianus_diplotaenia,6,25
cupica,parguera_cup,4,2016,natalia_rincon,103,15,50,26,16,2,15,ninguna,exposed,apo_pac,apogon_pacificus,100,3
cupica,parguera_cup,4,2016,natalia_rincon,103,15,50,26,16,2,15,ninguna,exposed,suf_ver,sufflamen_verres,2,13
cupica,parguera_cup,4,2016,natalia_rincon,103,15,50,26,16,2,15,ninguna,exposed,suf_ver,sufflamen_verres,2,25
cupica,parguera_cup,4,2016,natalia_rincon,103,15,50,26,16,2,15,ninguna,exposed,epi_lab,epinephelus_labriformis,1,25
cupica,parguera_cup,4,2016,natalia_rincon,103,15,50,26,16,2,15,ninguna,exposed,epi_lab,epinephelus_labriformis,1,18
cupica,parguera_cup,4,2016,natalia_rincon,103,15,50,26,16,2,15,ninguna,exposed,tha_luc,thalassoma_lucasanum,1,13
cupica,parguera_cup,4,2016,natalia_rincon,103,15,50,26,16,2,15,ninguna,exposed,aro_his,arothron_hispidus,2,18
cupica,parguera_cup,4,2016,natalia_rincon,103,15,50,26,16,2,15,ninguna,exposed,aro_his,arothron_hispidus,1,25
cupica,parguera_cup,4,2016,natalia_rincon,103,15,50,26,16,2,15,ninguna,exposed,ste_fla,stegastes_flavilatus,1,13
cupica,parguera_cup,4,2016,natalia_rincon,103,15,50,26,16,2,15,ninguna,exposed,chr_atr,chromis_atrilobata,45,3
cupica,parguera_cup,4,2016,natalia_rincon,103,15,50,26,16,2,15,ninguna,exposed,bod_dip,bodianus_diplotaenia,1,3
cupica,parguera_cup,4,2016,natalia_rincon,103,15,50,26,16,2,15,ninguna,exposed,lut_arg,lutjanus_argentiventris,1,35
cupica,parguera_cup,4,2016,natalia_rincon,103,15,50,26,16,2,15,ninguna,exposed,gna_spe,gnathanodon_speciosus,1,45
cupica,parguera_cup,4,2016,natalia_rincon,104,15,50,26,15,2,15,ninguna,exposed,tha_luc,thalassoma_lucasanum,15,3
cupica,parguera_cup,4,2016,natalia_rincon,104,15,50,26,15,2,15,ninguna,exposed,chr_atr,chromis_atrilobata,108,3
cupica,parguera_cup,4,2016,natalia_rincon,104,15,50,26,15,2,15,ninguna,exposed,chr_atr,chromis_atrilobata,61,8
cupica,parguera_cup,4,2016,natalia_rincon,104,15,50,26,15,2,15,ninguna,exposed,hol_pas,holacanthus_passer,2,13
cupica,parguera_cup,4,2016,natalia_rincon,104,15,50,26,15,2,15,ninguna,exposed,hol_pas,holacanthus_passer,8,18
cupica,parguera_cup,4,2016,natalia_rincon,104,15,50,26,15,2,15,ninguna,exposed,joh_nig,johnrandallia_nigrirostris,3,13
cupica,parguera_cup,4,2016,natalia_rincon,104,15,50,26,15,2,15,ninguna,exposed,par_col,paranthias_colonus,2,18
cupica,parguera_cup,4,2016,natalia_rincon,104,15,50,26,15,2,15,ninguna,exposed,hae_fla,haemulon_flaviguttatum,3,13
cupica,parguera_cup,4,2016,natalia_rincon,104,15,50,26,15,2,15,ninguna,exposed,abu_tro,abudefduf_troschelii,19,18
cupica,parguera_cup,4,2016,natalia_rincon,104,15,50,26,15,2,15,ninguna,exposed,suf_ver,sufflamen_verres,3,18
cupica,parguera_cup,4,2016,natalia_rincon,104,15,50,26,15,2,15,ninguna,exposed,suf_ver,sufflamen_verres,1,13
cupica,parguera_cup,4,2016,natalia_rincon,104,15,50,26,15,2,15,ninguna,exposed,sar_sub,sargocentron_suborbitalis,1,18
cupica,parguera_cup,4,2016,natalia_rincon,104,15,50,26,15,2,15,ninguna,exposed,myr_lei,myripristis_leiognathus,7,13
cupica,parguera_cup,4,2016,natalia_rincon,104,15,50,26,15,2,15,ninguna,exposed,bod_dip,bodianus_diplotaenia,3,18
cupica,parguera_cup,4,2016,natalia_rincon,104,15,50,26,15,2,15,ninguna,exposed,bod_dip,bodianus_diplotaenia,2,13
cupica,parguera_cup,4,2016,natalia_rincon,104,15,50,26,15,2,15,ninguna,exposed,bod_dip,bodianus_diplotaenia,2,3
cupica,parguera_cup,4,2016,natalia_rincon,104,15,50,26,15,2,15,ninguna,exposed,cep_pan,cephalopholis_panamensis,3,25
cupica,parguera_cup,4,2016,natalia_rincon,104,15,50,26,15,2,15,ninguna,exposed,epi_lab,epinephelus_labriformis,1,35
cupica,parguera_cup,4,2016,natalia_rincon,104,15,50,26,15,2,15,ninguna,exposed,ste_fla,stegastes_flavilatus,1,13
cupica,parguera_cup,4,2016,luis_chasqui,105,15,50,25,16,2,15,ninguna,exposed,joh_nig,johnrandallia_nigrirostris,32,8
cupica,parguera_cup,4,2016,luis_chasqui,105,15,50,25,16,2,15,ninguna,exposed,hae_fla,haemulon_flaviguttatum,10,25
cupica,parguera_cup,4,2016,luis_chasqui,105,15,50,25,16,2,15,ninguna,exposed,mul_den,mulloidichthys_dentatus,4,25
cupica,parguera_cup,4,2016,luis_chasqui,105,15,50,25,16,2,15,ninguna,exposed,ani_tae,anisotremus_taeniatus,1,18
cupica,parguera_cup,4,2016,luis_chasqui,105,15,50,25,16,2,15,ninguna,exposed,abu_tro,abudefduf_troschelii,15,13
cupica,parguera_cup,4,2016,luis_chasqui,105,15,50,25,16,2,15,ninguna,exposed,lut_arg,lutjanus_argentiventris,13,25
cupica,parguera_cup,4,2016,luis_chasqui,105,15,50,25,16,2,15,ninguna,exposed,hol_pas,holacanthus_passer,2,18
cupica,parguera_cup,4,2016,luis_chasqui,105,15,50,25,16,2,15,ninguna,exposed,suf_ver,sufflamen_verres,2,18
cupica,parguera_cup,4,2016,luis_chasqui,105,15,50,25,16,2,15,ninguna,exposed,bod_dip,bodianus_diplotaenia,1,13
cupica,parguera_cup,4,2016,luis_chasqui,105,15,50,25,16,2,15,ninguna,exposed,lut_gut,lutjanus_guttatus,15,25
cupica,parguera_cup,4,2016,luis_chasqui,105,15,50,25,16,2,15,ninguna,exposed,aro_his,arothron_hispidus,4,25
cupica,parguera_cup,4,2016,luis_chasqui,105,15,50,25,16,2,15,ninguna,exposed,bod_dip,bodianus_diplotaenia,2,25
cupica,parguera_cup,4,2016,luis_chasqui,105,15,50,25,16,2,15,ninguna,exposed,ste_fla,stegastes_flavilatus,3,8
cupica,parguera_cup,4,2016,luis_chasqui,105,15,50,25,16,2,15,ninguna,exposed,can_pun,canthigaster_punctatissima,9,3
cupica,parguera_cup,4,2016,luis_chasqui,105,15,50,25,16,2,15,ninguna,exposed,cep_pan,cephalopholis_panamensis,4,18
cupica,parguera_cup,4,2016,luis_chasqui,105,15,50,25,16,2,15,ninguna,exposed,fis_com,fistularia_commersonii,1,45
cupica,parguera_cup,4,2016,luis_chasqui,105,15,50,25,16,2,15,ninguna,exposed,myr_lei,myripristis_leiognathus,15,13
cupica,parguera_cup,4,2016,luis_chasqui,105,15,50,25,16,2,15,ninguna,exposed,aro_mel,arothron_meleagris,1,25
cupica,parguera_cup,4,2016,luis_chasqui,105,15,50,25,16,2,15,ninguna,exposed,abu_tro,abudefduf_troschelii,50,3
cupica,parguera_cup,4,2016,luis_chasqui,105,15,50,25,16,2,15,ninguna,exposed,hal_dis,halichoeres_dispilus,50,3
cupica,parguera_cup,4,2016,luis_chasqui,105,15,50,25,16,2,15,ninguna,exposed,tha_luc,thalassoma_lucasanum,30,3
cupica,parguera_cup,4,2016,luis_chasqui,106,15,50,25,16,2,15,ninguna,exposed,myr_lei,myripristis_leiognathus,14,13
cupica,parguera_cup,4,2016,luis_chasqui,106,15,50,25,16,2,15,ninguna,exposed,cep_pan,cephalopholis_panamensis,7,18
cupica,parguera_cup,4,2016,luis_chasqui,106,15,50,25,16,2,15,ninguna,exposed,chr_atr,chromis_atrilobata,50,3
cupica,parguera_cup,4,2016,luis_chasqui,106,15,50,25,16,2,15,ninguna,exposed,hae_mac,haemulon_maculicauda,40,18
cupica,parguera_cup,4,2016,luis_chasqui,106,15,50,25,16,2,15,ninguna,exposed,mul_den,mulloidichthys_dentatus,7,18
cupica,parguera_cup,4,2016,luis_chasqui,106,15,50,25,16,2,15,ninguna,exposed,joh_nig,johnrandallia_nigrirostris,8,8
cupica,parguera_cup,4,2016,luis_chasqui,106,15,50,25,16,2,15,ninguna,exposed,suf_ver,sufflamen_verres,1,13
cupica,parguera_cup,4,2016,luis_chasqui,106,15,50,25,16,2,15,ninguna,exposed,hae_fla,haemulon_flaviguttatum,1,8
cupica,parguera_cup,4,2016,luis_chasqui,106,15,50,25,16,2,15,ninguna,exposed,hae_fla,haemulon_flaviguttatum,4,25
cupica,parguera_cup,4,2016,luis_chasqui,106,15,50,25,16,2,15,ninguna,exposed,pse_nau,pseudobalistes_naufragium,1,45
cupica,parguera_cup,4,2016,luis_chasqui,106,15,50,25,16,2,15,ninguna,exposed,ste_fla,stegastes_flavilatus,14,8
cupica,parguera_cup,4,2016,luis_chasqui,106,15,50,25,16,2,15,ninguna,exposed,can_jan,canthigaster_janthinoptera,1,3
cupica,parguera_cup,4,2016,luis_chasqui,106,15,50,25,16,2,15,ninguna,exposed,can_pun,canthigaster_punctatissima,7,3
cupica,parguera_cup,4,2016,luis_chasqui,106,15,50,25,16,2,15,ninguna,exposed,cep_pan,cephalopholis_panamensis,1,13
cupica,parguera_cup,4,2016,luis_chasqui,106,15,50,25,16,2,15,ninguna,exposed,hal_dis,halichoeres_dispilus,5,8
cupica,parguera_cup,4,2016,luis_chasqui,106,15,50,25,16,2,15,ninguna,exposed,hal_dis,halichoeres_dispilus,1,13
cupica,parguera_cup,4,2016,luis_chasqui,106,15,50,25,16,2,15,ninguna,exposed,hol_pas,holacanthus_passer,1,8
cupica,parguera_cup,4,2016,luis_chasqui,106,15,50,25,16,2,15,ninguna,exposed,hol_pas,holacanthus_passer,4,18
cupica,parguera_cup,4,2016,luis_chasqui,106,15,50,25,16,2,15,ninguna,exposed,lut_arg,lutjanus_argentiventris,1,25
cupica,parguera_cup,4,2016,luis_chasqui,107,15,50,25,13,2,15,ninguna,exposed,cep_pan,cephalopholis_panamensis,1,18
cupica,parguera_cup,4,2016,luis_chasqui,107,15,50,25,13,2,15,ninguna,exposed,mul_den,mulloidichthys_dentatus,10,18
cupica,parguera_cup,4,2016,luis_chasqui,107,15,50,25,13,2,15,ninguna,exposed,hae_mac,haemulon_maculicauda,60,18
cupica,parguera_cup,4,2016,luis_chasqui,107,15,50,25,13,2,15,ninguna,exposed,cep_pan,cephalopholis_panamensis,10,18
cupica,parguera_cup,4,2016,luis_chasqui,107,15,50,25,13,2,15,ninguna,exposed,joh_nig,johnrandallia_nigrirostris,12,8
cupica,parguera_cup,4,2016,luis_chasqui,107,15,50,25,13,2,15,ninguna,exposed,suf_ver,sufflamen_verres,1,18
cupica,parguera_cup,4,2016,luis_chasqui,107,15,50,25,13,2,15,ninguna,exposed,ste_fla,stegastes_flavilatus,10,8
cupica,parguera_cup,4,2016,luis_chasqui,107,15,50,25,13,2,15,ninguna,exposed,par_col,paranthias_colonus,10,13
cupica,parguera_cup,4,2016,luis_chasqui,107,15,50,25,13,2,15,ninguna,exposed,bod_dip,bodianus_diplotaenia,5,18
cupica,parguera_cup,4,2016,luis_chasqui,107,15,50,25,13,2,15,ninguna,exposed,epi_lab,epinephelus_labriformis,1,18
cupica,parguera_cup,4,2016,luis_chasqui,107,15,50,25,13,2,15,ninguna,exposed,tha_luc,thalassoma_lucasanum,100,3
cupica,parguera_cup,4,2016,luis_chasqui,107,15,50,25,13,2,15,ninguna,exposed,can_pun,canthigaster_punctatissima,10,8
cupica,parguera_cup,4,2016,luis_chasqui,107,15,50,25,13,2,15,ninguna,exposed,hal_dis,halichoeres_dispilus,100,3
cupica,parguera_cup,4,2016,luis_chasqui,107,15,50,25,13,2,15,ninguna,exposed,abu_tro,abudefduf_troschelii,10,13
cupica,parguera_cup,4,2016,luis_chasqui,107,15,50,25,13,2,15,ninguna,exposed,aul_chi,aulostomus_chinensis,1,18
cupica,parguera_cup,4,2016,luis_chasqui,108,15,50,25,13,2,15,ninguna,exposed,hae_fla,haemulon_flaviguttatum,8,13
cupica,parguera_cup,4,2016,luis_chasqui,108,15,50,25,13,2,15,ninguna,exposed,hol_pas,holacanthus_passer,6,18
cupica,parguera_cup,4,2016,luis_chasqui,108,15,50,25,13,2,15,ninguna,exposed,hol_pas,holacanthus_passer,3,13
cupica,parguera_cup,4,2016,luis_chasqui,108,15,50,25,13,2,15,ninguna,exposed,joh_nig,johnrandallia_nigrirostris,11,8
cupica,parguera_cup,4,2016,luis_chasqui,108,15,50,25,13,2,15,ninguna,exposed,abu_tro,abudefduf_troschelii,15,13
cupica,parguera_cup,4,2016,luis_chasqui,108,15,50,25,13,2,15,ninguna,exposed,par_col,paranthias_colonus,2,18
cupica,parguera_cup,4,2016,luis_chasqui,108,15,50,25,13,2,15,ninguna,exposed,cep_pan,cephalopholis_panamensis,9,18
cupica,parguera_cup,4,2016,luis_chasqui,108,15,50,25,13,2,15,ninguna,exposed,cep_pan,cephalopholis_panamensis,2,25
cupica,parguera_cup,4,2016,luis_chasqui,108,15,50,25,13,2,15,ninguna,exposed,suf_ver,sufflamen_verres,2,18
cupica,parguera_cup,4,2016,luis_chasqui,108,15,50,25,13,2,15,ninguna,exposed,mic_dor,microspathodon_dorsalis,2,13
cupica,parguera_cup,4,2016,luis_chasqui,108,15,50,25,13,2,15,ninguna,exposed,epi_lab,epinephelus_labriformis,1,18
cupica,parguera_cup,4,2016,luis_chasqui,108,15,50,25,13,2,15,ninguna,exposed,hae_mac,haemulon_maculicauda,20,13
cupica,parguera_cup,4,2016,luis_chasqui,108,15,50,25,13,2,15,ninguna,exposed,myr_lei,myripristis_leiognathus,13,13
cupica,parguera_cup,4,2016,luis_chasqui,108,15,50,25,13,2,15,ninguna,exposed,chr_atr,chromis_atrilobata,200,3
cupica,parguera_cup,4,2016,luis_chasqui,108,15,50,25,13,2,15,ninguna,exposed,tha_luc,thalassoma_lucasanum,50,3
cupica,parguera_cup,4,2016,luis_chasqui,108,15,50,25,13,2,15,ninguna,exposed,mul_den,mulloidichthys_dentatus,15,13
cupica,parguera_cup,4,2016,luis_chasqui,108,15,50,25,13,2,15,ninguna,exposed,can_pun,canthigaster_punctatissima,11,3
cupica,parguera_cup,4,2016,luis_chasqui,108,15,50,25,13,2,15,ninguna,exposed,epi_lab,epinephelus_labriformis,2,25
cupica,parguera_cup,4,2016,luis_chasqui,108,15,50,25,13,2,15,ninguna,exposed,epi_lab,epinephelus_labriformis,3,18
cupica,parguera_cup,4,2016,luis_chasqui,108,15,50,25,13,2,15,ninguna,exposed,ste_fla,stegastes_flavilatus,7,8
cupica,parguera_cup,4,2016,luis_chasqui,108,15,50,25,13,2,15,ninguna,exposed,par_col,paranthias_colonus,10,13
cupica,parguera_cup,4,2016,luis_chasqui,108,15,50,25,13,2,15,ninguna,exposed,cha_hum,chaetodon_humeralis,1,8
cupica,parguera_cup,4,2016,luis_chasqui,109,15,50,25,10,2,15,ninguna,exposed,myr_lei,myripristis_leiognathus,7,8
cupica,parguera_cup,4,2016,luis_chasqui,109,15,50,25,10,2,15,ninguna,exposed,joh_nig,johnrandallia_nigrirostris,5,8
cupica,parguera_cup,4,2016,luis_chasqui,109,15,50,25,10,2,15,ninguna,exposed,epi_lab,epinephelus_labriformis,1,13
cupica,parguera_cup,4,2016,luis_chasqui,109,15,50,25,10,2,15,ninguna,exposed,epi_lab,epinephelus_labriformis,7,18
cupica,parguera_cup,4,2016,luis_chasqui,109,15,50,25,10,2,15,ninguna,exposed,suf_ver,sufflamen_verres,1,25
cupica,parguera_cup,4,2016,luis_chasqui,109,15,50,25,10,2,15,ninguna,exposed,suf_ver,sufflamen_verres,4,18
cupica,parguera_cup,4,2016,luis_chasqui,109,15,50,25,10,2,15,ninguna,exposed,ste_fla,stegastes_flavilatus,5,8
cupica,parguera_cup,4,2016,luis_chasqui,109,15,50,25,10,2,15,ninguna,exposed,cha_hum,chaetodon_humeralis,2,8
cupica,parguera_cup,4,2016,luis_chasqui,109,15,50,25,10,2,15,ninguna,exposed,hol_pas,holacanthus_passer,4,18
cupica,parguera_cup,4,2016,luis_chasqui,109,15,50,25,10,2,15,ninguna,exposed,hol_pas,holacanthus_passer,2,13
cupica,parguera_cup,4,2016,luis_chasqui,109,15,50,25,10,2,15,ninguna,exposed,cep_pan,cephalopholis_panamensis,2,18
cupica,parguera_cup,4,2016,luis_chasqui,109,15,50,25,10,2,15,ninguna,exposed,aro_mel,arothron_meleagris,1,18
cupica,parguera_cup,4,2016,luis_chasqui,109,15,50,25,10,2,15,ninguna,exposed,tha_luc,thalassoma_lucasanum,100,3
cupica,parguera_cup,4,2016,luis_chasqui,109,15,50,25,10,2,15,ninguna,exposed,chr_atr,chromis_atrilobata,100,3
cupica,parguera_cup,4,2016,luis_chasqui,109,15,50,25,10,2,15,ninguna,exposed,bod_dip,bodianus_diplotaenia,3,8
cupica,parguera_cup,4,2016,luis_chasqui,109,15,50,25,10,2,15,ninguna,exposed,par_col,paranthias_colonus,1,8
cupica,parguera_cup,4,2016,luis_chasqui,109,15,50,25,10,2,15,ninguna,exposed,hal_dis,halichoeres_dispilus,30,3
cupica,parguera_cup,4,2016,luis_chasqui,109,15,50,25,10,2,15,ninguna,exposed,mic_dor,microspathodon_dorsalis,2,13
cupica,parguera_cup,4,2016,luis_chasqui,109,15,50,25,10,2,15,ninguna,exposed,aro_mel,arothron_meleagris,1,8
cupica,parguera_cup,4,2016,luis_chasqui,109,15,50,25,10,2,15,ninguna,exposed,can_pun,canthigaster_punctatissima,13,3
cupica,parguera_cup,4,2016,luis_chasqui,110,15,50,25,10,2,15,ninguna,exposed,can_pun,canthigaster_punctatissima,8,3
cupica,parguera_cup,4,2016,luis_chasqui,110,15,50,25,10,2,15,ninguna,exposed,epi_lab,epinephelus_labriformis,1,13
cupica,parguera_cup,4,2016,luis_chasqui,110,15,50,25,10,2,15,ninguna,exposed,hol_pas,holacanthus_passer,6,8
cupica,parguera_cup,4,2016,luis_chasqui,110,15,50,25,10,2,15,ninguna,exposed,hol_pas,holacanthus_passer,6,18
cupica,parguera_cup,4,2016,luis_chasqui,110,15,50,25,10,2,15,ninguna,exposed,hol_pas,holacanthus_passer,7,13
cupica,parguera_cup,4,2016,luis_chasqui,110,15,50,25,10,2,15,ninguna,exposed,bod_dip,bodianus_diplotaenia,2,13
cupica,parguera_cup,4,2016,luis_chasqui,110,15,50,25,10,2,15,ninguna,exposed,myr_lei,myripristis_leiognathus,4,13
cupica,parguera_cup,4,2016,luis_chasqui,110,15,50,25,10,2,15,ninguna,exposed,cep_pan,cephalopholis_panamensis,7,25
cupica,parguera_cup,4,2016,luis_chasqui,110,15,50,25,10,2,15,ninguna,exposed,abu_tro,abudefduf_troschelii,55,13
cupica,parguera_cup,4,2016,luis_chasqui,110,15,50,25,10,2,15,ninguna,exposed,suf_ver,sufflamen_verres,3,18
cupica,parguera_cup,4,2016,luis_chasqui,110,15,50,25,10,2,15,ninguna,exposed,epi_lab,epinephelus_labriformis,3,18
cupica,parguera_cup,4,2016,luis_chasqui,110,15,50,25,10,2,15,ninguna,exposed,epi_lab,epinephelus_labriformis,1,25
cupica,parguera_cup,4,2016,luis_chasqui,110,15,50,25,10,2,15,ninguna,exposed,joh_nig,johnrandallia_nigrirostris,5,8
cupica,parguera_cup,4,2016,luis_chasqui,110,15,50,25,10,2,15,ninguna,exposed,ste_fla,stegastes_flavilatus,13,8
cupica,parguera_cup,4,2016,luis_chasqui,110,15,50,25,10,2,15,ninguna,exposed,tha_luc,thalassoma_lucasanum,50,3
cupica,parguera_cup,4,2016,luis_chasqui,110,15,50,25,10,2,15,ninguna,exposed,hal_dis,halichoeres_dispilus,50,3
cupica,chicocora,4,2016,natalia_rincon,126,18,50,27,8,3,10,suave,protected,ste_aca,stegastes_acapulcoensis,11,13
cupica,chicocora,4,2016,natalia_rincon,126,18,50,27,8,3,10,suave,protected,lut_arg,lutjanus_argentiventris,11,18
cupica,chicocora,4,2016,natalia_rincon,126,18,50,27,8,3,10,suave,protected,mic_dor,microspathodon_dorsalis,2,18
cupica,chicocora,4,2016,natalia_rincon,126,18,50,27,8,3,10,suave,protected,mic_dor,microspathodon_dorsalis,1,3
cupica,chicocora,4,2016,natalia_rincon,126,18,50,27,8,3,10,suave,protected,mic_dor,microspathodon_dorsalis,4,25
cupica,chicocora,4,2016,natalia_rincon,126,18,50,27,8,3,10,suave,protected,suf_ver,sufflamen_verres,2,18
cupica,chicocora,4,2016,natalia_rincon,126,18,50,27,8,3,10,suave,protected,can_pun,canthigaster_punctatissima,3,3
cupica,chicocora,4,2016,natalia_rincon,126,18,50,27,8,3,10,suave,protected,joh_nig,johnrandallia_nigrirostris,1,8
cupica,chicocora,4,2016,natalia_rincon,126,18,50,27,8,3,10,suave,protected,hal_dis,halichoeres_dispilus,1,3
cupica,chicocora,4,2016,natalia_rincon,126,18,50,27,8,3,10,suave,protected,tha_luc,thalassoma_lucasanum,3,3
cupica,chicocora,4,2016,natalia_rincon,126,18,50,27,8,3,10,suave,protected,sar_sub,sargocentron_suborbitalis,2,18
cupica,chicocora,4,2016,natalia_rincon,126,18,50,27,8,3,10,suave,protected,sar_sub,sargocentron_suborbitalis,4,13
cupica,chicocora,4,2016,natalia_rincon,126,18,50,27,8,3,10,suave,protected,mul_den,mulloidichthys_dentatus,3,13
cupica,chicocora,4,2016,natalia_rincon,126,18,50,27,8,3,10,suave,protected,ste_fla,stegastes_flavilatus,2,13
cupica,chicocora,4,2016,natalia_rincon,126,18,50,27,8,3,10,suave,protected,cep_pan,cephalopholis_panamensis,1,13
cupica,chicocora,4,2016,natalia_rincon,126,18,50,27,8,3,10,suave,protected,abu_tro,abudefduf_troschelii,1,13
cupica,chicocora,4,2016,natalia_rincon,126,18,50,27,8,3,10,suave,protected,myr_ber,myripristis_berndti,1,18
cupica,chicocora,4,2016,natalia_rincon,126,18,50,27,8,3,10,suave,protected,sca_rub,scarus_rubroviolaceus,1,35
cupica,chicocora,4,2016,natalia_rincon,126,18,50,27,8,3,10,suave,protected,epi_lab,epinephelus_labriformis,1,18
cupica,chicocora,4,2016,natalia_rincon,127,18,50,27,8,3,10,suave,protected,ste_fla,stegastes_flavilatus,2,13
cupica,chicocora,4,2016,natalia_rincon,127,18,50,27,8,3,10,suave,protected,lut_arg,lutjanus_argentiventris,10,18
cupica,chicocora,4,2016,natalia_rincon,127,18,50,27,8,3,10,suave,protected,ste_aca,stegastes_acapulcoensis,3,18
cupica,chicocora,4,2016,natalia_rincon,127,18,50,27,8,3,10,suave,protected,ste_aca,stegastes_acapulcoensis,5,13
cupica,chicocora,4,2016,natalia_rincon,127,18,50,27,8,3,10,suave,protected,mic_dor,microspathodon_dorsalis,2,25
cupica,chicocora,4,2016,natalia_rincon,127,18,50,27,8,3,10,suave,protected,mic_dor,microspathodon_dorsalis,2,18
cupica,chicocora,4,2016,natalia_rincon,127,18,50,27,8,3,10,suave,protected,suf_ver,sufflamen_verres,1,18
cupica,chicocora,4,2016,natalia_rincon,127,18,50,27,8,3,10,suave,protected,joh_nig,johnrandallia_nigrirostris,2,13
cupica,chicocora,4,2016,natalia_rincon,127,18,50,27,8,3,10,suave,protected,zan_cor,zanclus_cornutus,1,18
cupica,chicocora,4,2016,natalia_rincon,127,18,50,27,8,3,10,suave,protected,epi_lab,epinephelus_labriformis,1,25
cupica,chicocora,4,2016,natalia_rincon,127,18,50,27,8,3,10,suave,protected,hal_nic,halichoeres_nicholsi,2,13
cupica,chicocora,4,2016,natalia_rincon,127,18,50,27,8,3,10,suave,protected,sca_rub,scarus_rubroviolaceus,1,25
cupica,chicocora,4,2016,natalia_rincon,127,18,50,27,8,3,10,suave,protected,hal_dis,halichoeres_dispilus,1,8
cupica,chicocora,4,2016,natalia_rincon,127,18,50,27,8,3,10,suave,protected,can_pun,canthigaster_punctatissima,2,3
cupica,chicocora,4,2016,natalia_rincon,127,18,50,27,8,3,10,suave,protected,tha_luc,thalassoma_lucasanum,1,3
cupica,chicocora,4,2016,natalia_rincon,127,18,50,27,8,3,10,suave,protected,abu_tro,abudefduf_troschelii,1,13
cupica,chicocora,4,2016,natalia_rincon,127,18,50,27,8,3,10,suave,protected,suf_ver,sufflamen_verres,1,18
cupica,chicocora,4,2016,luis_chasqui,128,18,50,25,8,3,10,suave,protected,lut_arg,lutjanus_argentiventris,8,18
cupica,chicocora,4,2016,luis_chasqui,128,18,50,25,8,3,10,suave,protected,lut_arg,lutjanus_argentiventris,7,13
cupica,chicocora,4,2016,luis_chasqui,128,18,50,25,8,3,10,suave,protected,epi_lab,epinephelus_labriformis,1,13
cupica,chicocora,4,2016,luis_chasqui,128,18,50,25,8,3,10,suave,protected,epi_lab,epinephelus_labriformis,5,25
cupica,chicocora,4,2016,luis_chasqui,128,18,50,25,8,3,10,suave,protected,ste_aca,stegastes_acapulcoensis,20,13
cupica,chicocora,4,2016,luis_chasqui,128,18,50,25,8,3,10,suave,protected,mic_dor,microspathodon_dorsalis,2,25
cupica,chicocora,4,2016,luis_chasqui,128,18,50,25,8,3,10,suave,protected,mic_dor,microspathodon_dorsalis,4,18
cupica,chicocora,4,2016,luis_chasqui,128,18,50,25,8,3,10,suave,protected,joh_nig,johnrandallia_nigrirostris,2,8
cupica,chicocora,4,2016,luis_chasqui,128,18,50,25,8,3,10,suave,protected,sar_sub,sargocentron_suborbitalis,2,13
cupica,chicocora,4,2016,luis_chasqui,128,18,50,25,8,3,10,suave,protected,hol_pas,holacanthus_passer,1,13
cupica,chicocora,4,2016,luis_chasqui,128,18,50,25,8,3,10,suave,protected,sca_rub,scarus_rubroviolaceus,1,45
cupica,chicocora,4,2016,luis_chasqui,128,18,50,25,8,3,10,suave,protected,sca_rub,scarus_rubroviolaceus,3,35
cupica,chicocora,4,2016,luis_chasqui,128,18,50,25,8,3,10,suave,protected,suf_ver,sufflamen_verres,1,25
cupica,chicocora,4,2016,luis_chasqui,128,18,50,25,8,3,10,suave,protected,abu_tro,abudefduf_troschelii,8,13
cupica,chicocora,4,2016,luis_chasqui,128,18,50,25,8,3,10,suave,protected,kyp_ana,kyphosus_vaigiensis,1,35
cupica,chicocora,4,2016,luis_chasqui,128,18,50,25,8,3,10,suave,protected,tha_luc,thalassoma_lucasanum,20,3
cupica,chicocora,4,2016,luis_chasqui,128,18,50,25,8,3,10,suave,protected,tha_luc,thalassoma_lucasanum,1,13
cupica,chicocora,4,2016,luis_chasqui,128,18,50,25,8,3,10,suave,protected,lut_nov,lutjanus_novemfasciatus,1,35
cupica,chicocora,4,2016,luis_chasqui,128,18,50,25,8,3,10,suave,protected,cep_pan,cephalopholis_panamensis,1,8
cupica,chicocora,4,2016,luis_chasqui,128,18,50,25,8,3,10,suave,protected,cep_pan,cephalopholis_panamensis,1,18
cupica,chicocora,4,2016,luis_chasqui,128,18,50,25,8,3,10,suave,protected,epi_lab,epinephelus_labriformis,2,13
cupica,chicocora,4,2016,luis_chasqui,128,18,50,25,8,3,10,suave,protected,ste_fla,stegastes_flavilatus,6,8
cupica,chicocora,4,2016,luis_chasqui,128,18,50,25,8,3,10,suave,protected,sca_gho,scarus_ghobban,1,25
cupica,chicocora,4,2016,luis_chasqui,128,18,50,25,8,3,10,suave,protected,ser_psi,serranus_psittacinus,1,8
cupica,chicocora,4,2016,luis_chasqui,128,18,50,25,8,3,10,suave,protected,hal_nic,halichoeres_nicholsi,1,25
cupica,chicocora,4,2016,luis_chasqui,128,18,50,25,8,3,10,suave,protected,can_pun,canthigaster_punctatissima,10,3
cupica,chicocora,4,2016,luis_chasqui,129,18,50,25,7,3,10,suave,protected,mul_den,mulloidichthys_dentatus,22,13
cupica,chicocora,4,2016,luis_chasqui,129,18,50,25,7,3,10,suave,protected,bod_dip,bodianus_diplotaenia,1,35
cupica,chicocora,4,2016,luis_chasqui,129,18,50,25,7,3,10,suave,protected,mic_dor,microspathodon_dorsalis,1,25
cupica,chicocora,4,2016,luis_chasqui,129,18,50,25,7,3,10,suave,protected,sca_rub,scarus_rubroviolaceus,3,35
cupica,chicocora,4,2016,luis_chasqui,129,18,50,25,7,3,10,suave,protected,lut_arg,lutjanus_argentiventris,3,18
cupica,chicocora,4,2016,luis_chasqui,129,18,50,25,7,3,10,suave,protected,mic_dor,microspathodon_dorsalis,4,25
cupica,chicocora,4,2016,luis_chasqui,129,18,50,25,7,3,10,suave,protected,sar_sub,sargocentron_suborbitalis,2,18
cupica,chicocora,4,2016,luis_chasqui,129,18,50,25,7,3,10,suave,protected,suf_ver,sufflamen_verres,1,18
cupica,chicocora,4,2016,luis_chasqui,129,18,50,25,7,3,10,suave,protected,sca_rub,scarus_rubroviolaceus,1,18
cupica,chicocora,4,2016,luis_chasqui,129,18,50,25,7,3,10,suave,protected,kyp_ana,kyphosus_vaigiensis,20,25
cupica,chicocora,4,2016,luis_chasqui,129,18,50,25,7,3,10,suave,protected,tha_luc,thalassoma_lucasanum,1,13
cupica,chicocora,4,2016,luis_chasqui,129,18,50,25,7,3,10,suave,protected,cha_hum,chaetodon_humeralis,1,8
cupica,chicocora,4,2016,luis_chasqui,129,18,50,25,7,3,10,suave,protected,joh_nig,johnrandallia_nigrirostris,1,8
cupica,chicocora,4,2016,luis_chasqui,129,18,50,25,7,3,10,suave,protected,cep_pan,cephalopholis_panamensis,1,25
cupica,chicocora,4,2016,luis_chasqui,129,18,50,25,7,3,10,suave,protected,epi_lab,epinephelus_labriformis,1,13
cupica,chicocora,4,2016,luis_chasqui,129,18,50,25,7,3,10,suave,protected,epi_lab,epinephelus_labriformis,2,25
cupica,chicocora,4,2016,luis_chasqui,129,18,50,25,7,3,10,suave,protected,epi_lab,epinephelus_labriformis,1,35
cupica,chicocora,4,2016,luis_chasqui,129,18,50,25,7,3,10,suave,protected,ste_aca,stegastes_acapulcoensis,10,13
cupica,chicocora,4,2016,luis_chasqui,129,18,50,25,7,3,10,suave,protected,hol_pas,holacanthus_passer,1,25
cupica,chicocora,4,2016,luis_chasqui,129,18,50,25,7,3,10,suave,protected,can_pun,canthigaster_punctatissima,10,3
cupica,chicocora,4,2016,luis_chasqui,129,18,50,25,7,3,10,suave,protected,ste_fla,stegastes_flavilatus,10,8
cupica,chicocora,4,2016,luis_chasqui,129,18,50,25,7,3,10,suave,protected,ser_psi,serranus_psittacinus,5,3
cupica,chicocora,4,2016,luis_chasqui,130,18,50,25,7,3,10,suave,protected,mic_dor,microspathodon_dorsalis,4,25
cupica,chicocora,4,2016,luis_chasqui,130,18,50,25,7,3,10,suave,protected,lut_arg,lutjanus_argentiventris,7,18
cupica,chicocora,4,2016,luis_chasqui,130,18,50,25,7,3,10,suave,protected,hol_pas,holacanthus_passer,1,25
cupica,chicocora,4,2016,luis_chasqui,130,18,50,25,7,3,10,suave,protected,sca_rub,scarus_rubroviolaceus,1,35
cupica,chicocora,4,2016,luis_chasqui,130,18,50,25,7,3,10,suave,protected,ste_aca,stegastes_acapulcoensis,20,18
cupica,chicocora,4,2016,luis_chasqui,130,18,50,25,7,3,10,suave,protected,ste_fla,stegastes_flavilatus,1,8
cupica,chicocora,4,2016,luis_chasqui,130,18,50,25,7,3,10,suave,protected,lut_nov,lutjanus_novemfasciatus,1,75
cupica,chicocora,4,2016,luis_chasqui,130,18,50,25,7,3,10,suave,protected,lut_nov,lutjanus_novemfasciatus,35,35
cupica,chicocora,4,2016,luis_chasqui,130,18,50,25,7,3,10,suave,protected,abu_tro,abudefduf_troschelii,20,13
cupica,chicocora,4,2016,luis_chasqui,130,18,50,25,7,3,10,suave,protected,hae_mac,haemulon_maculicauda,50,18
cupica,chicocora,4,2016,luis_chasqui,130,18,50,25,7,3,10,suave,protected,ani_cae,anisotremus_caesius,1,25
cupica,chicocora,4,2016,luis_chasqui,130,18,50,25,7,3,10,suave,protected,sca_rub,scarus_rubroviolaceus,1,65
cupica,chicocora,4,2016,luis_chasqui,130,18,50,25,7,3,10,suave,protected,aro_mel,arothron_meleagris,1,25
cupica,chicocora,4,2016,luis_chasqui,130,18,50,25,7,3,10,suave,protected,joh_nig,johnrandallia_nigrirostris,1,3
cupica,chicocora,4,2016,luis_chasqui,130,18,50,25,7,3,10,suave,protected,can_pun,canthigaster_punctatissima,10,3
cupica,chicocora,4,2016,luis_chasqui,131,18,50,25,7,3,10,suave,protected,sca_rub,scarus_rubroviolaceus,4,25
cupica,chicocora,4,2016,luis_chasqui,131,18,50,25,7,3,10,suave,protected,sca_rub,scarus_rubroviolaceus,1,45
cupica,chicocora,4,2016,luis_chasqui,131,18,50,25,7,3,10,suave,protected,ste_aca,stegastes_acapulcoensis,7,13
cupica,chicocora,4,2016,luis_chasqui,131,18,50,25,7,3,10,suave,protected,ste_aca,stegastes_acapulcoensis,1,18
cupica,chicocora,4,2016,luis_chasqui,131,18,50,25,7,3,10,suave,protected,lut_arg,lutjanus_argentiventris,3,13
cupica,chicocora,4,2016,luis_chasqui,131,18,50,25,7,3,10,suave,protected,lut_arg,lutjanus_argentiventris,3,18
cupica,chicocora,4,2016,luis_chasqui,131,18,50,25,7,3,10,suave,protected,suf_ver,sufflamen_verres,3,18
cupica,chicocora,4,2016,luis_chasqui,131,18,50,25,7,3,10,suave,protected,ste_fla,stegastes_flavilatus,13,8
cupica,chicocora,4,2016,luis_chasqui,131,18,50,25,7,3,10,suave,protected,cep_pan,cephalopholis_panamensis,6,18
cupica,chicocora,4,2016,luis_chasqui,131,18,50,25,7,3,10,suave,protected,pse_nau,pseudobalistes_naufragium,1,35
cupica,chicocora,4,2016,luis_chasqui,131,18,50,25,7,3,10,suave,protected,can_pun,canthigaster_punctatissima,10,3
cupica,chicocora,4,2016,luis_chasqui,131,18,50,25,7,3,10,suave,protected,epi_lab,epinephelus_labriformis,2,18
cupica,chicocora,4,2016,luis_chasqui,131,18,50,25,7,3,10,suave,protected,chr_atr,chromis_atrilobata,50,3
cupica,chicocora,4,2016,luis_chasqui,131,18,50,25,7,3,10,suave,protected,tha_luc,thalassoma_lucasanum,100,3
cupica,chicocora,4,2016,luis_chasqui,131,18,50,25,7,3,10,suave,protected,aro_mel,arothron_meleagris,1,18
cupica,chicocora,4,2016,luis_chasqui,131,18,50,25,7,3,10,suave,protected,hal_nic,halichoeres_nicholsi,1,18
cupica,chicocora,4,2016,luis_chasqui,131,18,50,25,7,3,10,suave,protected,hal_chi,halichoeres_chierchiae,1,18
cupica,chicocora,4,2016,luis_chasqui,131,18,50,25,7,3,10,suave,protected,joh_nig,johnrandallia_nigrirostris,2,8
cupica,chicocora,4,2016,luis_chasqui,132,18,50,25,8,3,10,suave,protected,mul_den,mulloidichthys_dentatus,1,18
cupica,chicocora,4,2016,luis_chasqui,132,18,50,25,8,3,10,suave,protected,mul_den,mulloidichthys_dentatus,12,13
cupica,chicocora,4,2016,luis_chasqui,132,18,50,25,8,3,10,suave,protected,lut_arg,lutjanus_argentiventris,18,18
cupica,chicocora,4,2016,luis_chasqui,132,18,50,25,8,3,10,suave,protected,lut_arg,lutjanus_argentiventris,2,8
cupica,chicocora,4,2016,luis_chasqui,132,18,50,25,8,3,10,suave,protected,epi_lab,epinephelus_labriformis,2,18
cupica,chicocora,4,2016,luis_chasqui,132,18,50,25,8,3,10,suave,protected,mic_dor,microspathodon_dorsalis,15,25
cupica,chicocora,4,2016,luis_chasqui,132,18,50,25,8,3,10,suave,protected,kyp_ana,kyphosus_vaigiensis,4,25
cupica,chicocora,4,2016,luis_chasqui,132,18,50,25,8,3,10,suave,protected,cep_pan,cephalopholis_panamensis,1,25
cupica,chicocora,4,2016,luis_chasqui,132,18,50,25,8,3,10,suave,protected,ste_aca,stegastes_acapulcoensis,10,13
cupica,chicocora,4,2016,luis_chasqui,132,18,50,25,8,3,10,suave,protected,aro_his,arothron_hispidus,1,25
cupica,chicocora,4,2016,luis_chasqui,132,18,50,25,8,3,10,suave,protected,zan_cor,zanclus_cornutus,1,18
cupica,chicocora,4,2016,luis_chasqui,132,18,50,25,8,3,10,suave,protected,sca_rub,scarus_rubroviolaceus,3,55
cupica,chicocora,4,2016,luis_chasqui,132,18,50,25,8,3,10,suave,protected,sca_gho,scarus_ghobban,2,35
cupica,chicocora,4,2016,luis_chasqui,132,18,50,25,8,3,10,suave,protected,aca_xan,acanthurus_xanthopterus,4,25
cupica,chicocora,4,2016,luis_chasqui,132,18,50,25,8,3,10,suave,protected,mul_den,mulloidichthys_dentatus,50,13
cupica,chicocora,4,2016,luis_chasqui,132,18,50,25,8,3,10,suave,protected,lut_nov,lutjanus_novemfasciatus,3,35
cupica,chicocora,4,2016,luis_chasqui,132,18,50,25,8,3,10,suave,protected,ste_aca,stegastes_acapulcoensis,14,18
cupica,chicocora,4,2016,luis_chasqui,132,18,50,25,8,3,10,suave,protected,sar_sub,sargocentron_suborbitalis,7,18
cupica,chicocora,4,2016,luis_chasqui,132,18,50,25,8,3,10,suave,protected,joh_nig,johnrandallia_nigrirostris,4,8
cupica,chicocora,4,2016,luis_chasqui,132,18,50,25,8,3,10,suave,protected,hol_pas,holacanthus_passer,1,18
cupica,chicocora,4,2016,luis_chasqui,132,18,50,25,8,3,10,suave,protected,hol_pas,holacanthus_passer,1,13
cupica,chicocora,4,2016,luis_chasqui,132,18,50,25,8,3,10,suave,protected,can_pun,canthigaster_punctatissima,26,3
cupica,chicocora,4,2016,luis_chasqui,132,18,50,25,8,3,10,suave,protected,pom_zon,pomacanthus_zonipectus,1,25
cupica,chicocora,4,2016,luis_chasqui,132,18,50,25,8,3,10,suave,protected,tha_luc,thalassoma_lucasanum,50,3
cupica,chicocora,4,2016,luis_chasqui,132,18,50,25,8,3,10,suave,protected,epi_lab,epinephelus_labriformis,2,25
cupica,chicocora,4,2016,luis_chasqui,132,18,50,25,8,3,10,suave,protected,epi_lab,epinephelus_labriformis,2,13
cupica,chicocora,4,2016,luis_chasqui,132,18,50,25,8,3,10,suave,protected,fis_com,fistularia_commersonii,1,65
cupica,chicocora,4,2016,luis_chasqui,133,18,50,25,8,3,10,suave,protected,gna_spe,gnathanodon_speciosus,3,18
cupica,chicocora,4,2016,luis_chasqui,133,18,50,25,8,3,10,suave,protected,lut_arg,lutjanus_argentiventris,23,18
cupica,chicocora,4,2016,luis_chasqui,133,18,50,25,8,3,10,suave,protected,mul_den,mulloidichthys_dentatus,50,13
cupica,chicocora,4,2016,luis_chasqui,133,18,50,25,8,3,10,suave,protected,cep_pan,cephalopholis_panamensis,1,18
cupica,chicocora,4,2016,luis_chasqui,133,18,50,25,8,3,10,suave,protected,ste_fla,stegastes_flavilatus,11,8
cupica,chicocora,4,2016,luis_chasqui,133,18,50,25,8,3,10,suave,protected,ste_aca,stegastes_acapulcoensis,1,13
cupica,chicocora,4,2016,luis_chasqui,133,18,50,25,8,3,10,suave,protected,hol_pas,holacanthus_passer,1,13
cupica,chicocora,4,2016,luis_chasqui,133,18,50,25,8,3,10,suave,protected,hol_pas,holacanthus_passer,5,18
cupica,chicocora,4,2016,luis_chasqui,133,18,50,25,8,3,10,suave,protected,par_col,paranthias_colonus,1,18
cupica,chicocora,4,2016,luis_chasqui,133,18,50,25,8,3,10,suave,protected,abu_tro,abudefduf_troschelii,3,13
cupica,chicocora,4,2016,luis_chasqui,133,18,50,25,8,3,10,suave,protected,aro_his,arothron_hispidus,1,25
cupica,chicocora,4,2016,luis_chasqui,133,18,50,25,8,3,10,suave,protected,sca_rub,scarus_rubroviolaceus,1,35
cupica,chicocora,4,2016,luis_chasqui,133,18,50,25,8,3,10,suave,protected,sca_rub,scarus_rubroviolaceus,1,55
cupica,chicocora,4,2016,luis_chasqui,133,18,50,25,8,3,10,suave,protected,hae_fla,haemulon_flaviguttatum,10,25
cupica,chicocora,4,2016,luis_chasqui,133,18,50,25,8,3,10,suave,protected,hal_nic,halichoeres_nicholsi,2,25
cupica,chicocora,4,2016,luis_chasqui,133,18,50,25,8,3,10,suave,protected,cep_pan,cephalopholis_panamensis,8,18
cupica,chicocora,4,2016,luis_chasqui,133,18,50,25,8,3,10,suave,protected,cep_pan,cephalopholis_panamensis,3,13
cupica,chicocora,4,2016,luis_chasqui,133,18,50,25,8,3,10,suave,protected,nov_tae,novaculichthys_taeniourus,2,25
cupica,chicocora,4,2016,luis_chasqui,133,18,50,25,8,3,10,suave,protected,epi_lab,epinephelus_labriformis,1,35
cupica,chicocora,4,2016,luis_chasqui,133,18,50,25,8,3,10,suave,protected,epi_lab,epinephelus_labriformis,1,13
cupica,chicocora,4,2016,luis_chasqui,133,18,50,25,8,3,10,suave,protected,can_pun,canthigaster_punctatissima,10,3
cabo_marzo,piedra_eroito,4,2016,luis_chasqui,80,12,50,26,12,2,10,fuerte,exposed,joh_nig,johnrandallia_nigrirostris,15,8
cabo_marzo,piedra_eroito,4,2016,luis_chasqui,80,12,50,26,12,2,10,fuerte,exposed,sca_per,scarus_perrico,4,35
cabo_marzo,piedra_eroito,4,2016,luis_chasqui,80,12,50,26,12,2,10,fuerte,exposed,bod_dip,bodianus_diplotaenia,2,25
cabo_marzo,piedra_eroito,4,2016,luis_chasqui,80,12,50,26,12,2,10,fuerte,exposed,epi_lab,epinephelus_labriformis,4,18
cabo_marzo,piedra_eroito,4,2016,luis_chasqui,80,12,50,26,12,2,10,fuerte,exposed,epi_lab,epinephelus_labriformis,1,35
cabo_marzo,piedra_eroito,4,2016,luis_chasqui,80,12,50,26,12,2,10,fuerte,exposed,hol_pas,holacanthus_passer,1,25
cabo_marzo,piedra_eroito,4,2016,luis_chasqui,80,12,50,26,12,2,10,fuerte,exposed,cep_pan,cephalopholis_panamensis,1,25
cabo_marzo,piedra_eroito,4,2016,luis_chasqui,80,12,50,26,12,2,10,fuerte,exposed,aro_mel,arothron_meleagris,1,13
cabo_marzo,piedra_eroito,4,2016,luis_chasqui,80,12,50,26,12,2,10,fuerte,exposed,lut_vir,lutjanus_viridis,1,25
cabo_marzo,piedra_eroito,4,2016,luis_chasqui,80,12,50,26,12,2,10,fuerte,exposed,ste_fla,stegastes_flavilatus,2,8
cabo_marzo,piedra_eroito,4,2016,luis_chasqui,80,12,50,26,12,2,10,fuerte,exposed,pri_lat,prionurus_laticlavius,2,25
cabo_marzo,piedra_eroito,4,2016,luis_chasqui,80,12,50,26,12,2,10,fuerte,exposed,hae_fla,haemulon_flaviguttatum,30,18
cabo_marzo,piedra_eroito,4,2016,luis_chasqui,80,12,50,26,12,2,10,fuerte,exposed,pse_nau,pseudobalistes_naufragium,1,35
cabo_marzo,piedra_eroito,4,2016,luis_chasqui,80,12,50,26,12,2,10,fuerte,exposed,chr_atr,chromis_atrilobata,50,3
cabo_marzo,piedra_eroito,4,2016,luis_chasqui,80,12,50,26,12,2,10,fuerte,exposed,ryp_bic,rypticus_bicolor,1,8
cabo_marzo,piedra_eroito,4,2016,luis_chasqui,81,12,50,24,23,2,10,fuerte,exposed,sec_ocy,kyphosus_ocyurus,30,35
cabo_marzo,piedra_eroito,4,2016,luis_chasqui,81,12,50,24,23,2,10,fuerte,exposed,hol_pas,holacanthus_passer,10,18
cabo_marzo,piedra_eroito,4,2016,luis_chasqui,81,12,50,24,23,2,10,fuerte,exposed,hae_mac,haemulon_maculicauda,30,18
cabo_marzo,piedra_eroito,4,2016,luis_chasqui,81,12,50,24,23,2,10,fuerte,exposed,lut_arg,lutjanus_argentiventris,2,18
cabo_marzo,piedra_eroito,4,2016,luis_chasqui,81,12,50,24,23,2,10,fuerte,exposed,epi_lab,epinephelus_labriformis,1,25
cabo_marzo,piedra_eroito,4,2016,luis_chasqui,81,12,50,24,23,2,10,fuerte,exposed,par_col,paranthias_colonus,20,13
cabo_marzo,piedra_eroito,4,2016,luis_chasqui,81,12,50,24,23,2,10,fuerte,exposed,aro_his,arothron_hispidus,16,25
cabo_marzo,piedra_eroito,4,2016,luis_chasqui,81,12,50,24,23,2,10,fuerte,exposed,cep_pan,cephalopholis_panamensis,6,18
cabo_marzo,piedra_eroito,4,2016,luis_chasqui,81,12,50,24,23,2,10,fuerte,exposed,epi_lab,epinephelus_labriformis,4,13
cabo_marzo,piedra_eroito,4,2016,luis_chasqui,81,12,50,24,23,2,10,fuerte,exposed,suf_ver,sufflamen_verres,3,18
cabo_marzo,piedra_eroito,4,2016,luis_chasqui,81,12,50,24,23,2,10,fuerte,exposed,epi_lab,epinephelus_labriformis,3,18
cabo_marzo,piedra_eroito,4,2016,luis_chasqui,81,12,50,24,23,2,10,fuerte,exposed,lut_arg,lutjanus_argentiventris,3,18
cabo_marzo,piedra_eroito,4,2016,luis_chasqui,81,12,50,24,23,2,10,fuerte,exposed,myr_lei,myripristis_leiognathus,1,13
cabo_marzo,piedra_eroito,4,2016,luis_chasqui,81,12,50,24,23,2,10,fuerte,exposed,hae_fla,haemulon_flaviguttatum,20,18
cabo_marzo,piedra_eroito,4,2016,luis_chasqui,81,12,50,24,23,2,10,fuerte,exposed,cha_hum,chaetodon_humeralis,1,8
cabo_marzo,piedra_eroito,4,2016,luis_chasqui,82,12,50,21,22,2,10,fuerte,exposed,hae_mac,haemulon_maculicauda,25,18
cabo_marzo,piedra_eroito,4,2016,luis_chasqui,82,12,50,21,22,2,10,fuerte,exposed,hol_pas,holacanthus_passer,2,18
cabo_marzo,piedra_eroito,4,2016,luis_chasqui,82,12,50,21,22,2,10,fuerte,exposed,suf_ver,sufflamen_verres,1,13
cabo_marzo,piedra_eroito,4,2016,luis_chasqui,82,12,50,21,22,2,10,fuerte,exposed,lut_arg,lutjanus_argentiventris,3,18
cabo_marzo,piedra_eroito,4,2016,luis_chasqui,82,12,50,21,22,2,10,fuerte,exposed,cha_hum,chaetodon_humeralis,1,8
cabo_marzo,piedra_eroito,4,2016,luis_chasqui,82,12,50,21,22,2,10,fuerte,exposed,ani_tae,anisotremus_taeniatus,1,25
cabo_marzo,piedra_eroito,4,2016,luis_chasqui,82,12,50,21,22,2,10,fuerte,exposed,hae_fla,haemulon_flaviguttatum,100,25
cabo_marzo,piedra_eroito,4,2016,luis_chasqui,82,12,50,21,22,2,10,fuerte,exposed,suf_ver,sufflamen_verres,1,25
cabo_marzo,piedra_eroito,4,2016,luis_chasqui,82,12,50,21,22,2,10,fuerte,exposed,aro_his,arothron_hispidus,7,25
cabo_marzo,piedra_eroito,4,2016,luis_chasqui,82,12,50,21,22,2,10,fuerte,exposed,bod_dip,bodianus_diplotaenia,1,8
cabo_marzo,piedra_eroito,4,2016,luis_chasqui,82,12,50,21,22,2,10,fuerte,exposed,aca_xan,acanthurus_xanthopterus,4,25
cabo_marzo,piedra_eroito,4,2016,luis_chasqui,82,12,50,21,22,2,10,fuerte,exposed,hol_pas,holacanthus_passer,4,13
cabo_marzo,piedra_eroito,4,2016,luis_chasqui,82,12,50,21,22,2,10,fuerte,exposed,epi_lab,epinephelus_labriformis,1,18
cabo_marzo,piedra_eroito,4,2016,luis_chasqui,82,12,50,21,22,2,10,fuerte,exposed,cep_pan,cephalopholis_panamensis,2,18
cabo_marzo,piedra_eroito,4,2016,luis_chasqui,82,12,50,21,22,2,10,fuerte,exposed,cep_pan,cephalopholis_panamensis,2,13
cabo_marzo,piedra_eroito,4,2016,luis_chasqui,83,12,50,24,19,2,10,fuerte,exposed,cep_pan,cephalopholis_panamensis,1,35
cabo_marzo,piedra_eroito,4,2016,luis_chasqui,83,12,50,24,19,2,10,fuerte,exposed,aro_his,arothron_hispidus,9,18
cabo_marzo,piedra_eroito,4,2016,luis_chasqui,83,12,50,24,19,2,10,fuerte,exposed,epi_lab,epinephelus_labriformis,1,25
cabo_marzo,piedra_eroito,4,2016,luis_chasqui,83,12,50,24,19,2,10,fuerte,exposed,suf_ver,sufflamen_verres,5,3
cabo_marzo,piedra_eroito,4,2016,luis_chasqui,83,12,50,24,19,2,10,fuerte,exposed,suf_ver,sufflamen_verres,4,18
cabo_marzo,piedra_eroito,4,2016,luis_chasqui,83,12,50,24,19,2,10,fuerte,exposed,suf_ver,sufflamen_verres,2,8
cabo_marzo,piedra_eroito,4,2016,luis_chasqui,83,12,50,24,19,2,10,fuerte,exposed,sca_per,scarus_perrico,1,35
cabo_marzo,piedra_eroito,4,2016,luis_chasqui,83,12,50,24,19,2,10,fuerte,exposed,bod_dip,bodianus_diplotaenia,30,3
cabo_marzo,piedra_eroito,4,2016,luis_chasqui,83,12,50,24,19,2,10,fuerte,exposed,bod_dip,bodianus_diplotaenia,1,35
cabo_marzo,piedra_eroito,4,2016,luis_chasqui,83,12,50,24,19,2,10,fuerte,exposed,pri_lat,prionurus_laticlavius,2,25
cabo_marzo,piedra_eroito,4,2016,luis_chasqui,83,12,50,24,19,2,10,fuerte,exposed,hol_pas,holacanthus_passer,1,25
cabo_marzo,piedra_eroito,4,2016,luis_chasqui,83,12,50,24,19,2,10,fuerte,exposed,can_pun,canthigaster_punctatissima,1,3
cabo_marzo,piedra_eroito,4,2016,luis_chasqui,83,12,50,24,19,2,10,fuerte,exposed,lut_arg,lutjanus_argentiventris,1,35
cabo_marzo,piedra_eroito,4,2016,luis_chasqui,83,12,50,24,19,2,10,fuerte,exposed,ste_fla,stegastes_flavilatus,2,8
cabo_marzo,piedra_eroito,4,2016,luis_chasqui,83,12,50,24,19,2,10,fuerte,exposed,gym_cas,gymnothorax_castaneus,1,65
cabo_marzo,piedra_eroito,4,2016,luis_chasqui,83,12,50,24,19,2,10,fuerte,exposed,joh_nig,johnrandallia_nigrirostris,2,8
cabo_marzo,piedra_eroito,4,2016,luis_chasqui,83,12,50,24,19,2,10,fuerte,exposed,par_col,paranthias_colonus,20,8
cabo_marzo,piedra_eroito,4,2016,luis_chasqui,83,12,50,24,19,2,10,fuerte,exposed,myr_lei,myripristis_leiognathus,1,13
cabo_marzo,piedra_eroito,4,2016,luis_chasqui,83,12,50,24,19,2,10,fuerte,exposed,ani_tae,anisotremus_taeniatus,1,25
cabo_marzo,piedra_eroito,4,2016,luis_chasqui,84,12,50,24,16,2,10,fuerte,exposed,cep_pan,cephalopholis_panamensis,2,18
cabo_marzo,piedra_eroito,4,2016,luis_chasqui,84,12,50,24,16,2,10,fuerte,exposed,cep_pan,cephalopholis_panamensis,1,25
cabo_marzo,piedra_eroito,4,2016,luis_chasqui,84,12,50,24,16,2,10,fuerte,exposed,myr_lei,myripristis_leiognathus,2,13
cabo_marzo,piedra_eroito,4,2016,luis_chasqui,84,12,50,24,16,2,10,fuerte,exposed,hol_pas,holacanthus_passer,1,13
cabo_marzo,piedra_eroito,4,2016,luis_chasqui,84,12,50,24,16,2,10,fuerte,exposed,par_col,paranthias_colonus,75,18
cabo_marzo,piedra_eroito,4,2016,luis_chasqui,84,12,50,24,16,2,10,fuerte,exposed,hae_fla,haemulon_flaviguttatum,50,18
cabo_marzo,piedra_eroito,4,2016,luis_chasqui,84,12,50,24,16,2,10,fuerte,exposed,joh_nig,johnrandallia_nigrirostris,10,8
cabo_marzo,piedra_eroito,4,2016,luis_chasqui,84,12,50,24,16,2,10,fuerte,exposed,epi_lab,epinephelus_labriformis,4,18
cabo_marzo,piedra_eroito,4,2016,luis_chasqui,84,12,50,24,16,2,10,fuerte,exposed,epi_lab,epinephelus_labriformis,1,25
cabo_marzo,piedra_eroito,4,2016,luis_chasqui,84,12,50,24,16,2,10,fuerte,exposed,chr_atr,chromis_atrilobata,100,8
cabo_marzo,piedra_eroito,4,2016,luis_chasqui,84,12,50,24,16,2,10,fuerte,exposed,can_pun,canthigaster_punctatissima,5,3
cabo_marzo,piedra_rodrigo,4,2016,luis_chasqui,85,13,50,27,16,3,10,media,exposed,mul_den,mulloidichthys_dentatus,29,35
cabo_marzo,piedra_rodrigo,4,2016,luis_chasqui,85,13,50,27,16,3,10,media,exposed,aca_xan,acanthurus_xanthopterus,4,35
cabo_marzo,piedra_rodrigo,4,2016,luis_chasqui,85,13,50,27,16,3,10,media,exposed,lut_arg,lutjanus_argentiventris,7,25
cabo_marzo,piedra_rodrigo,4,2016,luis_chasqui,85,13,50,27,16,3,10,media,exposed,suf_ver,sufflamen_verres,4,18
cabo_marzo,piedra_rodrigo,4,2016,luis_chasqui,85,13,50,27,16,3,10,media,exposed,par_col,paranthias_colonus,25,13
cabo_marzo,piedra_rodrigo,4,2016,luis_chasqui,85,13,50,27,16,3,10,media,exposed,par_col,paranthias_colonus,10,18
cabo_marzo,piedra_rodrigo,4,2016,luis_chasqui,85,13,50,27,16,3,10,media,exposed,can_pun,canthigaster_punctatissima,7,3
cabo_marzo,piedra_rodrigo,4,2016,luis_chasqui,85,13,50,27,16,3,10,media,exposed,joh_nig,johnrandallia_nigrirostris,4,8
cabo_marzo,piedra_rodrigo,4,2016,luis_chasqui,85,13,50,27,16,3,10,media,exposed,epi_lab,epinephelus_labriformis,2,25
cabo_marzo,piedra_rodrigo,4,2016,luis_chasqui,85,13,50,27,16,3,10,media,exposed,aro_mel,arothron_meleagris,1,8
cabo_marzo,piedra_rodrigo,4,2016,luis_chasqui,85,13,50,27,16,3,10,media,exposed,bod_dip,bodianus_diplotaenia,1,13
cabo_marzo,piedra_rodrigo,4,2016,luis_chasqui,85,13,50,27,16,3,10,media,exposed,cep_pan,cephalopholis_panamensis,5,18
cabo_marzo,piedra_rodrigo,4,2016,luis_chasqui,85,13,50,27,16,3,10,media,exposed,cep_pan,cephalopholis_panamensis,4,13
cabo_marzo,piedra_rodrigo,4,2016,luis_chasqui,85,13,50,27,16,3,10,media,exposed,hal_nic,halichoeres_nicholsi,1,13
cabo_marzo,piedra_rodrigo,4,2016,luis_chasqui,85,13,50,27,16,3,10,media,exposed,hal_dis,halichoeres_dispilus,20,3
cabo_marzo,piedra_rodrigo,4,2016,luis_chasqui,85,13,50,27,16,3,10,media,exposed,syn_lac,synodus_lacertinus,1,18
cabo_marzo,piedra_rodrigo,4,2016,luis_chasqui,85,13,50,27,16,3,10,media,exposed,ser_psi,serranus_psittacinus,2,3
cabo_marzo,piedra_rodrigo,4,2016,luis_chasqui,85,13,50,27,16,3,10,media,exposed,chr_atr,chromis_atrilobata,20,3
cabo_marzo,piedra_rodrigo,4,2016,luis_chasqui,85,13,50,27,16,3,10,media,exposed,hol_pas,holacanthus_passer,1,18
cabo_marzo,piedra_rodrigo,4,2016,luis_chasqui,85,13,50,27,16,3,10,media,exposed,hol_pas,holacanthus_passer,1,13
cabo_marzo,piedra_rodrigo,4,2016,luis_chasqui,85,13,50,27,16,3,10,media,exposed,ste_fla,stegastes_flavilatus,10,8
cabo_marzo,piedra_rodrigo,4,2016,luis_chasqui,85,13,50,27,16,3,10,media,exposed,tha_luc,thalassoma_lucasanum,5,8
cabo_marzo,piedra_rodrigo,4,2016,luis_chasqui,86,13,50,27,16,3,10,media,exposed,hol_pas,holacanthus_passer,1,18
cabo_marzo,piedra_rodrigo,4,2016,luis_chasqui,86,13,50,27,16,3,10,media,exposed,hol_pas,holacanthus_passer,1,13
cabo_marzo,piedra_rodrigo,4,2016,luis_chasqui,86,13,50,27,16,3,10,media,exposed,epi_lab,epinephelus_labriformis,2,25
cabo_marzo,piedra_rodrigo,4,2016,luis_chasqui,86,13,50,27,16,3,10,media,exposed,epi_lab,epinephelus_labriformis,1,18
cabo_marzo,piedra_rodrigo,4,2016,luis_chasqui,86,13,50,27,16,3,10,media,exposed,par_col,paranthias_colonus,10,13
cabo_marzo,piedra_rodrigo,4,2016,luis_chasqui,86,13,50,27,16,3,10,media,exposed,par_col,paranthias_colonus,100,3
cabo_marzo,piedra_rodrigo,4,2016,luis_chasqui,86,13,50,27,16,3,10,media,exposed,can_pun,canthigaster_punctatissima,10,3
cabo_marzo,piedra_rodrigo,4,2016,luis_chasqui,86,13,50,27,16,3,10,media,exposed,ste_fla,stegastes_flavilatus,10,8
cabo_marzo,piedra_rodrigo,4,2016,luis_chasqui,86,13,50,27,16,3,10,media,exposed,cep_pan,cephalopholis_panamensis,2,18
cabo_marzo,piedra_rodrigo,4,2016,luis_chasqui,86,13,50,27,16,3,10,media,exposed,hal_dis,halichoeres_dispilus,20,8
cabo_marzo,piedra_rodrigo,4,2016,luis_chasqui,86,13,50,27,16,3,10,media,exposed,hal_dis,halichoeres_dispilus,250,3
cabo_marzo,piedra_rodrigo,4,2016,luis_chasqui,86,13,50,27,16,3,10,media,exposed,hal_nic,halichoeres_nicholsi,3,13
cabo_marzo,piedra_rodrigo,4,2016,luis_chasqui,86,13,50,27,16,3,10,media,exposed,joh_nig,johnrandallia_nigrirostris,2,8
cabo_marzo,piedra_rodrigo,4,2016,luis_chasqui,86,13,50,27,16,3,10,media,exposed,tra_rho,trachinotus_rhodopus,6,25
cabo_marzo,piedra_rodrigo,4,2016,luis_chasqui,86,13,50,27,16,3,10,media,exposed,cep_pan,cephalopholis_panamensis,1,3
cabo_marzo,piedra_rodrigo,4,2016,luis_chasqui,86,13,50,27,16,3,10,media,exposed,suf_ver,sufflamen_verres,1,18
cabo_marzo,piedra_rodrigo,4,2016,luis_chasqui,86,13,50,27,16,3,10,media,exposed,hol_pas,holacanthus_passer,1,8
cabo_marzo,piedra_rodrigo,4,2016,luis_chasqui,86,13,50,27,16,3,10,media,exposed,ser_psi,serranus_psittacinus,4,8
cabo_marzo,piedra_rodrigo,4,2016,luis_chasqui,87,13,50,27,12,3,10,media,exposed,kyp_ana,kyphosus_vaigiensis,30,18
cabo_marzo,piedra_rodrigo,4,2016,luis_chasqui,87,13,50,27,12,3,10,media,exposed,pri_lat,prionurus_laticlavius,25,25
cabo_marzo,piedra_rodrigo,4,2016,luis_chasqui,87,13,50,27,12,3,10,media,exposed,sec_ocy,kyphosus_ocyurus,4,25
cabo_marzo,piedra_rodrigo,4,2016,luis_chasqui,87,13,50,27,12,3,10,media,exposed,pse_nau,pseudobalistes_naufragium,1,35
cabo_marzo,piedra_rodrigo,4,2016,luis_chasqui,87,13,50,27,12,3,10,media,exposed,hae_fla,haemulon_flaviguttatum,12,25
cabo_marzo,piedra_rodrigo,4,2016,luis_chasqui,87,13,50,27,12,3,10,media,exposed,aca_xan,acanthurus_xanthopterus,15,25
cabo_marzo,piedra_rodrigo,4,2016,luis_chasqui,87,13,50,27,12,3,10,media,exposed,joh_nig,johnrandallia_nigrirostris,13,8
cabo_marzo,piedra_rodrigo,4,2016,luis_chasqui,87,13,50,27,12,3,10,media,exposed,cep_pan,cephalopholis_panamensis,10,18
cabo_marzo,piedra_rodrigo,4,2016,luis_chasqui,87,13,50,27,12,3,10,media,exposed,cep_pan,cephalopholis_panamensis,3,13
cabo_marzo,piedra_rodrigo,4,2016,luis_chasqui,87,13,50,27,12,3,10,media,exposed,bod_dip,bodianus_diplotaenia,2,13
cabo_marzo,piedra_rodrigo,4,2016,luis_chasqui,87,13,50,27,12,3,10,media,exposed,bod_dip,bodianus_diplotaenia,2,3
cabo_marzo,piedra_rodrigo,4,2016,luis_chasqui,87,13,50,27,12,3,10,media,exposed,hol_pas,holacanthus_passer,2,8
cabo_marzo,piedra_rodrigo,4,2016,luis_chasqui,87,13,50,27,12,3,10,media,exposed,hol_pas,holacanthus_passer,2,13
cabo_marzo,piedra_rodrigo,4,2016,luis_chasqui,87,13,50,27,12,3,10,media,exposed,hol_pas,holacanthus_passer,2,18
cabo_marzo,piedra_rodrigo,4,2016,luis_chasqui,87,13,50,27,12,3,10,media,exposed,aro_mel,arothron_meleagris,1,13
cabo_marzo,piedra_rodrigo,4,2016,luis_chasqui,87,13,50,27,12,3,10,media,exposed,cep_pan,cephalopholis_panamensis,2,25
cabo_marzo,piedra_rodrigo,4,2016,luis_chasqui,87,13,50,27,12,3,10,media,exposed,epi_lab,epinephelus_labriformis,1,25
cabo_marzo,piedra_rodrigo,4,2016,luis_chasqui,87,13,50,27,12,3,10,media,exposed,ste_fla,stegastes_flavilatus,10,8
cabo_marzo,piedra_rodrigo,4,2016,luis_chasqui,87,13,50,27,12,3,10,media,exposed,par_col,paranthias_colonus,50,13
cabo_marzo,piedra_rodrigo,4,2016,luis_chasqui,87,13,50,27,12,3,10,media,exposed,ste_aca,stegastes_acapulcoensis,1,8
cabo_marzo,piedra_rodrigo,4,2016,luis_chasqui,87,13,50,27,12,3,10,media,exposed,tha_luc,thalassoma_lucasanum,30,3
cabo_marzo,piedra_rodrigo,4,2016,luis_chasqui,87,13,50,27,12,3,10,media,exposed,tha_luc,thalassoma_lucasanum,5,8
cabo_marzo,piedra_rodrigo,4,2016,luis_chasqui,87,13,50,27,12,3,10,media,exposed,chr_atr,chromis_atrilobata,50,3
cabo_marzo,piedra_rodrigo,4,2016,luis_chasqui,87,13,50,27,12,3,10,media,exposed,can_pun,canthigaster_punctatissima,10,3
cabo_marzo,piedra_rodrigo,4,2016,luis_chasqui,87,13,50,27,12,3,10,media,exposed,cir_oxy,cirrhitichthys_oxycephalus,10,3
cabo_marzo,piedra_rodrigo,4,2016,luis_chasqui,87,13,50,27,12,3,10,media,exposed,ser_psi,serranus_psittacinus,3,3
cabo_marzo,piedra_rodrigo,4,2016,luis_chasqui,88,13,50,27,10,3,10,media,exposed,joh_nig,johnrandallia_nigrirostris,10,8
cabo_marzo,piedra_rodrigo,4,2016,luis_chasqui,88,13,50,27,10,3,10,media,exposed,pri_lat,prionurus_laticlavius,8,18
cabo_marzo,piedra_rodrigo,4,2016,luis_chasqui,88,13,50,27,10,3,10,media,exposed,hae_fla,haemulon_flaviguttatum,50,25
cabo_marzo,piedra_rodrigo,4,2016,luis_chasqui,88,13,50,27,10,3,10,media,exposed,hol_pas,holacanthus_passer,2,13
cabo_marzo,piedra_rodrigo,4,2016,luis_chasqui,88,13,50,27,10,3,10,media,exposed,hol_pas,holacanthus_passer,1,8
cabo_marzo,piedra_rodrigo,4,2016,luis_chasqui,88,13,50,27,10,3,10,media,exposed,hol_pas,holacanthus_passer,1,18
cabo_marzo,piedra_rodrigo,4,2016,luis_chasqui,88,13,50,27,10,3,10,media,exposed,lut_arg,lutjanus_argentiventris,2,35
cabo_marzo,piedra_rodrigo,4,2016,luis_chasqui,88,13,50,27,10,3,10,media,exposed,gym_cas,gymnothorax_castaneus,1,85
cabo_marzo,piedra_rodrigo,4,2016,luis_chasqui,88,13,50,27,10,3,10,media,exposed,hal_nic,halichoeres_nicholsi,1,13
cabo_marzo,piedra_rodrigo,4,2016,luis_chasqui,88,13,50,27,10,3,10,media,exposed,chr_atr,chromis_atrilobata,30,3
cabo_marzo,piedra_rodrigo,4,2016,luis_chasqui,88,13,50,27,10,3,10,media,exposed,hal_nic,halichoeres_nicholsi,1,25
cabo_marzo,piedra_rodrigo,4,2016,luis_chasqui,88,13,50,27,10,3,10,media,exposed,epi_lab,epinephelus_labriformis,1,25
cabo_marzo,piedra_rodrigo,4,2016,luis_chasqui,88,13,50,27,10,3,10,media,exposed,epi_lab,epinephelus_labriformis,2,18
cabo_marzo,piedra_rodrigo,4,2016,luis_chasqui,88,13,50,27,10,3,10,media,exposed,kyp_ana,kyphosus_vaigiensis,10,25
cabo_marzo,piedra_rodrigo,4,2016,luis_chasqui,88,13,50,27,10,3,10,media,exposed,ste_fla,stegastes_flavilatus,10,8
cabo_marzo,piedra_rodrigo,4,2016,luis_chasqui,88,13,50,27,10,3,10,media,exposed,par_col,paranthias_colonus,50,18
cabo_marzo,piedra_rodrigo,4,2016,luis_chasqui,88,13,50,27,10,3,10,media,exposed,hal_dis,halichoeres_dispilus,100,3
cabo_marzo,piedra_rodrigo,4,2016,luis_chasqui,88,13,50,27,10,3,10,media,exposed,par_col,paranthias_colonus,50,8
cabo_marzo,piedra_rodrigo,4,2016,luis_chasqui,88,13,50,27,10,3,10,media,exposed,zan_cor,zanclus_cornutus,1,8
cabo_marzo,piedra_rodrigo,4,2016,luis_chasqui,88,13,50,27,10,3,10,media,exposed,aro_mel,arothron_meleagris,2,18
cabo_marzo,piedra_rodrigo,4,2016,luis_chasqui,88,13,50,27,10,3,10,media,exposed,mic_dor,microspathodon_dorsalis,5,18
cabo_marzo,piedra_rodrigo,4,2016,luis_chasqui,88,13,50,27,10,3,10,media,exposed,pse_nau,pseudobalistes_naufragium,1,35
cabo_marzo,piedra_rodrigo,4,2016,luis_chasqui,88,13,50,27,10,3,10,media,exposed,cir_riv,cirrhitus_rivulatus,2,18
cabo_marzo,piedra_rodrigo,4,2016,luis_chasqui,88,13,50,27,10,3,10,media,exposed,ste_aca,stegastes_acapulcoensis,3,8
cabo_marzo,piedra_rodrigo,4,2016,luis_chasqui,88,13,50,27,10,3,10,media,exposed,sca_rub,scarus_rubroviolaceus,1,35
cabo_marzo,piedra_rodrigo,4,2016,luis_chasqui,89,13,50,27,18,3,10,media,exposed,aca_xan,acanthurus_xanthopterus,5,25
cabo_marzo,piedra_rodrigo,4,2016,luis_chasqui,89,13,50,27,18,3,10,media,exposed,par_col,paranthias_colonus,30,18
cabo_marzo,piedra_rodrigo,4,2016,luis_chasqui,89,13,50,27,18,3,10,media,exposed,cep_pan,cephalopholis_panamensis,10,18
cabo_marzo,piedra_rodrigo,4,2016,luis_chasqui,89,13,50,27,18,3,10,media,exposed,mul_den,mulloidichthys_dentatus,9,25
cabo_marzo,piedra_rodrigo,4,2016,luis_chasqui,89,13,50,27,18,3,10,media,exposed,lut_arg,lutjanus_argentiventris,1,25
cabo_marzo,piedra_rodrigo,4,2016,luis_chasqui,89,13,50,27,18,3,10,media,exposed,suf_ver,sufflamen_verres,2,18
cabo_marzo,piedra_rodrigo,4,2016,luis_chasqui,89,13,50,27,18,3,10,media,exposed,gym_cas,gymnothorax_castaneus,1,85
cabo_marzo,piedra_rodrigo,4,2016,luis_chasqui,89,13,50,27,18,3,10,media,exposed,chr_atr,chromis_atrilobata,100,3
cabo_marzo,piedra_rodrigo,4,2016,luis_chasqui,89,13,50,27,18,3,10,media,exposed,sca_rub,scarus_rubroviolaceus,1,35
cabo_marzo,piedra_rodrigo,4,2016,luis_chasqui,89,13,50,27,18,3,10,media,exposed,pse_nau,pseudobalistes_naufragium,1,35
cabo_marzo,piedra_rodrigo,4,2016,luis_chasqui,89,13,50,27,18,3,10,media,exposed,bod_dip,bodianus_diplotaenia,2,18
cabo_marzo,piedra_rodrigo,4,2016,luis_chasqui,89,13,50,27,18,3,10,media,exposed,bod_dip,bodianus_diplotaenia,1,13
cabo_marzo,piedra_rodrigo,4,2016,luis_chasqui,89,13,50,27,18,3,10,media,exposed,hol_pas,holacanthus_passer,1,18
cabo_marzo,piedra_rodrigo,4,2016,luis_chasqui,89,13,50,27,18,3,10,media,exposed,par_col,paranthias_colonus,100,8
cabo_marzo,piedra_rodrigo,4,2016,luis_chasqui,89,13,50,27,18,3,10,media,exposed,hal_chi,halichoeres_chierchiae,1,13
cabo_marzo,piedra_rodrigo,4,2016,luis_chasqui,89,13,50,27,18,3,10,media,exposed,aro_mel,arothron_meleagris,1,18
cabo_marzo,piedra_rodrigo,4,2016,luis_chasqui,89,13,50,27,18,3,10,media,exposed,joh_nig,johnrandallia_nigrirostris,1,13
cabo_marzo,piedra_rodrigo,4,2016,luis_chasqui,89,13,50,27,18,3,10,media,exposed,epi_lab,epinephelus_labriformis,1,35
cabo_marzo,piedra_rodrigo,4,2016,luis_chasqui,89,13,50,27,18,3,10,media,exposed,lut_arg,lutjanus_argentiventris,2,18
cabo_marzo,piedra_rodrigo,4,2016,luis_chasqui,89,13,50,27,18,3,10,media,exposed,par_col,paranthias_colonus,50,13
cabo_marzo,piedra_rodrigo,4,2016,luis_chasqui,89,13,50,27,18,3,10,media,exposed,can_pun,canthigaster_punctatissima,10,3
cabo_marzo,piedra_rodrigo,4,2016,luis_chasqui,90,13,50,27,18,3,10,media,exposed,joh_nig,johnrandallia_nigrirostris,3,8
cabo_marzo,piedra_rodrigo,4,2016,luis_chasqui,90,13,50,27,18,3,10,media,exposed,cep_pan,cephalopholis_panamensis,1,18
cabo_marzo,piedra_rodrigo,4,2016,luis_chasqui,90,13,50,27,18,3,10,media,exposed,suf_ver,sufflamen_verres,4,18
cabo_marzo,piedra_rodrigo,4,2016,luis_chasqui,90,13,50,27,18,3,10,media,exposed,hal_nic,halichoeres_nicholsi,1,18
cabo_marzo,piedra_rodrigo,4,2016,luis_chasqui,90,13,50,27,18,3,10,media,exposed,nov_tae,novaculichthys_taeniourus,1,18
cabo_marzo,piedra_rodrigo,4,2016,luis_chasqui,90,13,50,27,18,3,10,media,exposed,nov_tae,novaculichthys_taeniourus,1,8
cabo_marzo,piedra_rodrigo,4,2016,luis_chasqui,90,13,50,27,18,3,10,media,exposed,aca_xan,acanthurus_xanthopterus,20,25
cabo_marzo,piedra_rodrigo,4,2016,luis_chasqui,90,13,50,27,18,3,10,media,exposed,hal_nic,halichoeres_nicholsi,2,13
cabo_marzo,piedra_rodrigo,4,2016,luis_chasqui,90,13,50,27,18,3,10,media,exposed,gym_cas,gymnothorax_castaneus,1,85
cabo_marzo,piedra_rodrigo,4,2016,luis_chasqui,90,13,50,27,18,3,10,media,exposed,cha_hum,chaetodon_humeralis,1,8
cabo_marzo,piedra_rodrigo,4,2016,luis_chasqui,90,13,50,27,18,3,10,media,exposed,mul_den,mulloidichthys_dentatus,7,25
cabo_marzo,piedra_rodrigo,4,2016,luis_chasqui,90,13,50,27,18,3,10,media,exposed,par_col,paranthias_colonus,30,13
cabo_marzo,piedra_rodrigo,4,2016,luis_chasqui,90,13,50,27,18,3,10,media,exposed,par_col,paranthias_colonus,20,18
cabo_marzo,piedra_eroito,4,2016,natalia_rincon,91,12,50,24,21,2,10,fuerte,exposed,hol_pas,holacanthus_passer,1,13
cabo_marzo,piedra_eroito,4,2016,natalia_rincon,91,12,50,24,21,2,10,fuerte,exposed,hol_pas,holacanthus_passer,3,18
cabo_marzo,piedra_eroito,4,2016,natalia_rincon,91,12,50,24,21,2,10,fuerte,exposed,chr_atr,chromis_atrilobata,10,3
cabo_marzo,piedra_eroito,4,2016,natalia_rincon,91,12,50,24,21,2,10,fuerte,exposed,ste_fla,stegastes_flavilatus,2,13
cabo_marzo,piedra_eroito,4,2016,natalia_rincon,91,12,50,24,21,2,10,fuerte,exposed,tha_luc,thalassoma_lucasanum,5,3
cabo_marzo,piedra_eroito,4,2016,natalia_rincon,91,12,50,24,21,2,10,fuerte,exposed,lut_arg,lutjanus_argentiventris,3,18
cabo_marzo,piedra_eroito,4,2016,natalia_rincon,91,12,50,24,21,2,10,fuerte,exposed,lut_arg,lutjanus_argentiventris,1,35
cabo_marzo,piedra_eroito,4,2016,natalia_rincon,91,12,50,24,21,2,10,fuerte,exposed,par_col,paranthias_colonus,5,18
cabo_marzo,piedra_eroito,4,2016,natalia_rincon,91,12,50,24,21,2,10,fuerte,exposed,joh_nig,johnrandallia_nigrirostris,12,13
cabo_marzo,piedra_eroito,4,2016,natalia_rincon,91,12,50,24,21,2,10,fuerte,exposed,hae_mac,haemulon_maculicauda,11,18
cabo_marzo,piedra_eroito,4,2016,natalia_rincon,91,12,50,24,21,2,10,fuerte,exposed,suf_ver,sufflamen_verres,2,25
cabo_marzo,piedra_eroito,4,2016,natalia_rincon,91,12,50,24,21,2,10,fuerte,exposed,aro_his,arothron_hispidus,6,35
cabo_marzo,piedra_eroito,4,2016,natalia_rincon,91,12,50,24,21,2,10,fuerte,exposed,hae_fla,haemulon_flaviguttatum,39,25
cabo_marzo,piedra_eroito,4,2016,natalia_rincon,91,12,50,24,21,2,10,fuerte,exposed,gym_cas,gymnothorax_castaneus,1,125
cabo_marzo,piedra_eroito,4,2016,natalia_rincon,91,12,50,24,21,2,10,fuerte,exposed,cep_pan,cephalopholis_panamensis,1,13
cabo_marzo,piedra_eroito,4,2016,natalia_rincon,91,12,50,24,21,2,10,fuerte,exposed,sec_ocy,kyphosus_ocyurus,10,45
cabo_marzo,piedra_eroito,4,2016,natalia_rincon,91,12,50,24,21,2,10,fuerte,exposed,epi_lab,epinephelus_labriformis,1,25
cabo_marzo,piedra_eroito,4,2016,natalia_rincon,92,12,50,24,20,2,10,fuerte,exposed,hae_fla,haemulon_flaviguttatum,23,18
cabo_marzo,piedra_eroito,4,2016,natalia_rincon,92,12,50,24,20,2,10,fuerte,exposed,aro_his,arothron_hispidus,19,35
cabo_marzo,piedra_eroito,4,2016,natalia_rincon,92,12,50,24,20,2,10,fuerte,exposed,aro_his,arothron_hispidus,2,45
cabo_marzo,piedra_eroito,4,2016,natalia_rincon,92,12,50,24,20,2,10,fuerte,exposed,cha_hum,chaetodon_humeralis,1,13
cabo_marzo,piedra_eroito,4,2016,natalia_rincon,92,12,50,24,20,2,10,fuerte,exposed,joh_nig,johnrandallia_nigrirostris,2,13
cabo_marzo,piedra_eroito,4,2016,natalia_rincon,92,12,50,24,20,2,10,fuerte,exposed,suf_ver,sufflamen_verres,3,13
cabo_marzo,piedra_eroito,4,2016,natalia_rincon,92,12,50,24,20,2,10,fuerte,exposed,par_col,paranthias_colonus,3,18
cabo_marzo,piedra_eroito,4,2016,natalia_rincon,92,12,50,24,20,2,10,fuerte,exposed,lut_vir,lutjanus_viridis,2,18
cabo_marzo,piedra_eroito,4,2016,natalia_rincon,92,12,50,24,20,2,10,fuerte,exposed,hol_pas,holacanthus_passer,2,25
cabo_marzo,piedra_eroito,4,2016,natalia_rincon,92,12,50,24,20,2,10,fuerte,exposed,bod_dip,bodianus_diplotaenia,2,25
cabo_marzo,piedra_eroito,4,2016,natalia_rincon,92,12,50,24,20,2,10,fuerte,exposed,ani_tae,anisotremus_taeniatus,1,25
cabo_marzo,piedra_eroito,4,2016,natalia_rincon,92,12,50,24,20,2,10,fuerte,exposed,epi_lab,epinephelus_labriformis,2,35
cabo_marzo,piedra_eroito,4,2016,natalia_rincon,93,12,50,24,18,2,10,fuerte,exposed,par_col,paranthias_colonus,2,25
cabo_marzo,piedra_eroito,4,2016,natalia_rincon,93,12,50,24,18,2,10,fuerte,exposed,suf_ver,sufflamen_verres,1,13
cabo_marzo,piedra_eroito,4,2016,natalia_rincon,93,12,50,24,18,2,10,fuerte,exposed,hol_pas,holacanthus_passer,1,13
cabo_marzo,piedra_eroito,4,2016,natalia_rincon,93,12,50,24,18,2,10,fuerte,exposed,bod_dip,bodianus_diplotaenia,5,3
cabo_marzo,piedra_eroito,4,2016,natalia_rincon,93,12,50,24,18,2,10,fuerte,exposed,tha_luc,thalassoma_lucasanum,47,3
cabo_marzo,piedra_eroito,4,2016,natalia_rincon,93,12,50,24,18,2,10,fuerte,exposed,epi_lab,epinephelus_labriformis,1,35
cabo_marzo,piedra_eroito,4,2016,natalia_rincon,93,12,50,24,18,2,10,fuerte,exposed,sec_ocy,kyphosus_ocyurus,15,45
cabo_marzo,piedra_eroito,4,2016,natalia_rincon,93,12,50,24,18,2,10,fuerte,exposed,epi_lab,epinephelus_labriformis,2,25
cabo_marzo,piedra_eroito,4,2016,natalia_rincon,93,12,50,24,18,2,10,fuerte,exposed,chr_atr,chromis_atrilobata,20,3
cabo_marzo,piedra_eroito,4,2016,natalia_rincon,93,12,50,24,18,2,10,fuerte,exposed,par_col,paranthias_colonus,4,25
cabo_marzo,piedra_eroito,4,2016,natalia_rincon,93,12,50,24,18,2,10,fuerte,exposed,pri_lat,prionurus_laticlavius,2,35
cabo_marzo,piedra_eroito,4,2016,natalia_rincon,93,12,50,24,18,2,10,fuerte,exposed,ste_fla,stegastes_flavilatus,3,8
cabo_marzo,piedra_eroito,4,2016,natalia_rincon,93,12,50,24,18,2,10,fuerte,exposed,sca_per,scarus_perrico,2,45
cabo_marzo,piedra_eroito,4,2016,natalia_rincon,93,12,50,24,18,2,10,fuerte,exposed,bod_dip,bodianus_diplotaenia,2,25
cabo_marzo,piedra_eroito,4,2016,natalia_rincon,93,12,50,24,18,2,10,fuerte,exposed,joh_nig,johnrandallia_nigrirostris,2,13
cabo_marzo,piedra_rodrigo,4,2016,natalia_rincon,94,13,50,27,14,3,10,media,exposed,joh_nig,johnrandallia_nigrirostris,6,13
cabo_marzo,piedra_rodrigo,4,2016,natalia_rincon,94,13,50,27,14,3,10,media,exposed,hol_pas,holacanthus_passer,1,18
cabo_marzo,piedra_rodrigo,4,2016,natalia_rincon,94,13,50,27,14,3,10,media,exposed,epi_lab,epinephelus_labriformis,2,25
cabo_marzo,piedra_rodrigo,4,2016,natalia_rincon,94,13,50,27,14,3,10,media,exposed,par_col,paranthias_colonus,10,18
cabo_marzo,piedra_rodrigo,4,2016,natalia_rincon,94,13,50,27,14,3,10,media,exposed,par_col,paranthias_colonus,45,3
cabo_marzo,piedra_rodrigo,4,2016,natalia_rincon,94,13,50,27,14,3,10,media,exposed,par_col,paranthias_colonus,25,25
cabo_marzo,piedra_rodrigo,4,2016,natalia_rincon,94,13,50,27,14,3,10,media,exposed,ste_fla,stegastes_flavilatus,1,13
cabo_marzo,piedra_rodrigo,4,2016,natalia_rincon,94,13,50,27,14,3,10,media,exposed,hal_nic,halichoeres_nicholsi,3,13
cabo_marzo,piedra_rodrigo,4,2016,natalia_rincon,94,13,50,27,14,3,10,media,exposed,chr_atr,chromis_atrilobata,50,3
cabo_marzo,piedra_rodrigo,4,2016,natalia_rincon,94,13,50,27,14,3,10,media,exposed,lut_arg,lutjanus_argentiventris,1,35
cabo_marzo,piedra_rodrigo,4,2016,natalia_rincon,94,13,50,27,14,3,10,media,exposed,lut_arg,lutjanus_argentiventris,10,25
cabo_marzo,piedra_rodrigo,4,2016,natalia_rincon,94,13,50,27,14,3,10,media,exposed,pri_lat,prionurus_laticlavius,4,35
cabo_marzo,piedra_rodrigo,4,2016,natalia_rincon,94,13,50,27,14,3,10,media,exposed,aca_xan,acanthurus_xanthopterus,2,25
cabo_marzo,piedra_rodrigo,4,2016,natalia_rincon,94,13,50,27,14,3,10,media,exposed,aca_xan,acanthurus_xanthopterus,2,35
cabo_marzo,piedra_rodrigo,4,2016,natalia_rincon,94,13,50,27,14,3,10,media,exposed,sca_rub,scarus_rubroviolaceus,1,35
cabo_marzo,piedra_rodrigo,4,2016,natalia_rincon,94,13,50,27,14,3,10,media,exposed,mul_den,mulloidichthys_dentatus,28,35
cabo_marzo,piedra_rodrigo,4,2016,natalia_rincon,94,13,50,27,14,3,10,media,exposed,sec_ocy,kyphosus_ocyurus,62,45
cabo_marzo,piedra_rodrigo,4,2016,natalia_rincon,94,13,50,27,14,3,10,media,exposed,tra_rho,trachinotus_rhodopus,4,25
cabo_marzo,piedra_rodrigo,4,2016,natalia_rincon,94,13,50,27,14,3,10,media,exposed,hae_fla,haemulon_flaviguttatum,2,25
cabo_marzo,piedra_rodrigo,4,2016,natalia_rincon,94,13,50,27,14,3,10,media,exposed,epi_lab,epinephelus_labriformis,1,25
cabo_marzo,piedra_rodrigo,4,2016,natalia_rincon,95,13,50,27,14,3,10,media,exposed,aca_xan,acanthurus_xanthopterus,1,35
cabo_marzo,piedra_rodrigo,4,2016,natalia_rincon,95,13,50,27,14,3,10,media,exposed,cep_pan,cephalopholis_panamensis,1,13
cabo_marzo,piedra_rodrigo,4,2016,natalia_rincon,95,13,50,27,14,3,10,media,exposed,par_col,paranthias_colonus,3,25
cabo_marzo,piedra_rodrigo,4,2016,natalia_rincon,95,13,50,27,14,3,10,media,exposed,par_col,paranthias_colonus,29,13
cabo_marzo,piedra_rodrigo,4,2016,natalia_rincon,95,13,50,27,14,3,10,media,exposed,par_col,paranthias_colonus,20,3
cabo_marzo,piedra_rodrigo,4,2016,natalia_rincon,95,13,50,27,14,3,10,media,exposed,bod_dip,bodianus_diplotaenia,1,8
cabo_marzo,piedra_rodrigo,4,2016,natalia_rincon,95,13,50,27,14,3,10,media,exposed,joh_nig,johnrandallia_nigrirostris,4,13
cabo_marzo,piedra_rodrigo,4,2016,natalia_rincon,95,13,50,27,14,3,10,media,exposed,hol_pas,holacanthus_passer,3,18
cabo_marzo,piedra_rodrigo,4,2016,natalia_rincon,95,13,50,27,14,3,10,media,exposed,hol_pas,holacanthus_passer,1,13
cabo_marzo,piedra_rodrigo,4,2016,natalia_rincon,95,13,50,27,14,3,10,media,exposed,chr_atr,chromis_atrilobata,60,3
cabo_marzo,piedra_rodrigo,4,2016,natalia_rincon,95,13,50,27,14,3,10,media,exposed,suf_ver,sufflamen_verres,1,25
cabo_marzo,piedra_rodrigo,4,2016,natalia_rincon,95,13,50,27,14,3,10,media,exposed,tha_luc,thalassoma_lucasanum,23,3
cabo_marzo,piedra_rodrigo,4,2016,natalia_rincon,95,13,50,27,14,3,10,media,exposed,bod_dip,bodianus_diplotaenia,1,35
cabo_marzo,piedra_rodrigo,4,2016,natalia_rincon,95,13,50,27,14,3,10,media,exposed,bod_dip,bodianus_diplotaenia,3,13
cabo_marzo,piedra_rodrigo,4,2016,natalia_rincon,95,13,50,27,14,3,10,media,exposed,mic_dor,microspathodon_dorsalis,4,25
cabo_marzo,piedra_rodrigo,4,2016,natalia_rincon,95,13,50,27,14,3,10,media,exposed,hae_mac,haemulon_maculicauda,10,25
cabo_marzo,piedra_rodrigo,4,2016,natalia_rincon,95,13,50,27,14,3,10,media,exposed,epi_lab,epinephelus_labriformis,1,25
cabo_marzo,piedra_rodrigo,4,2016,natalia_rincon,95,13,50,27,14,3,10,media,exposed,cep_pan,cephalopholis_panamensis,2,18
cabo_marzo,piedra_rodrigo,4,2016,natalia_rincon,95,13,50,27,14,3,10,media,exposed,aro_mel,arothron_meleagris,2,25
cabo_marzo,piedra_rodrigo,4,2016,natalia_rincon,95,13,50,27,14,3,10,media,exposed,can_pun,canthigaster_punctatissima,1,3
cabo_marzo,piedra_rodrigo,4,2016,natalia_rincon,96,13,50,27,11,3,10,media,exposed,par_col,paranthias_colonus,6,18
cabo_marzo,piedra_rodrigo,4,2016,natalia_rincon,96,13,50,27,11,3,10,media,exposed,par_col,paranthias_colonus,15,25
cabo_marzo,piedra_rodrigo,4,2016,natalia_rincon,96,13,50,27,11,3,10,media,exposed,par_col,paranthias_colonus,47,8
cabo_marzo,piedra_rodrigo,4,2016,natalia_rincon,96,13,50,27,11,3,10,media,exposed,joh_nig,johnrandallia_nigrirostris,6,13
cabo_marzo,piedra_rodrigo,4,2016,natalia_rincon,96,13,50,27,11,3,10,media,exposed,chr_atr,chromis_atrilobata,35,3
cabo_marzo,piedra_rodrigo,4,2016,natalia_rincon,96,13,50,27,11,3,10,media,exposed,kyp_ana,kyphosus_vaigiensis,3,25
cabo_marzo,piedra_rodrigo,4,2016,natalia_rincon,96,13,50,27,11,3,10,media,exposed,suf_ver,sufflamen_verres,1,18
cabo_marzo,piedra_rodrigo,4,2016,natalia_rincon,96,13,50,27,11,3,10,media,exposed,cep_pan,cephalopholis_panamensis,2,25
cabo_marzo,piedra_rodrigo,4,2016,natalia_rincon,96,13,50,27,11,3,10,media,exposed,aca_xan,acanthurus_xanthopterus,6,35
cabo_marzo,piedra_rodrigo,4,2016,natalia_rincon,96,13,50,27,11,3,10,media,exposed,epi_lab,epinephelus_labriformis,1,25
cabo_marzo,piedra_rodrigo,4,2016,natalia_rincon,96,13,50,27,11,3,10,media,exposed,cir_oxy,cirrhitichthys_oxycephalus,1,3
cabo_marzo,piedra_rodrigo,4,2016,natalia_rincon,96,13,50,27,11,3,10,media,exposed,aro_mel,arothron_meleagris,1,13
cabo_marzo,piedra_rodrigo,4,2016,natalia_rincon,96,13,50,27,11,3,10,media,exposed,tha_luc,thalassoma_lucasanum,33,3
cabo_marzo,piedra_rodrigo,4,2016,natalia_rincon,96,13,50,27,11,3,10,media,exposed,hal_dis,halichoeres_dispilus,43,3
cabo_marzo,piedra_rodrigo,4,2016,natalia_rincon,96,13,50,27,11,3,10,media,exposed,can_pun,canthigaster_punctatissima,2,3
cabo_marzo,piedra_rodrigo,4,2016,natalia_rincon,96,13,50,27,11,3,10,media,exposed,sca_rub,scarus_rubroviolaceus,1,45
cabo_marzo,piedra_rodrigo,4,2016,natalia_rincon,96,13,50,27,11,3,10,media,exposed,sca_rub,scarus_rubroviolaceus,1,35
cabo_marzo,piedra_rodrigo,4,2016,natalia_rincon,96,13,50,27,11,3,10,media,exposed,hal_dis,halichoeres_dispilus,2,13
cabo_marzo,la_foca,4,2016,luis_chasqui,111,16,50,24,19,3,20,suave,exposed,joh_nig,johnrandallia_nigrirostris,21,8
cabo_marzo,la_foca,4,2016,luis_chasqui,111,16,50,24,19,3,20,suave,exposed,par_col,paranthias_colonus,100,13
cabo_marzo,la_foca,4,2016,luis_chasqui,111,16,50,24,19,3,20,suave,exposed,lut_arg,lutjanus_argentiventris,2,18
cabo_marzo,la_foca,4,2016,luis_chasqui,111,16,50,24,19,3,20,suave,exposed,ani_int,anisotremus_interruptus,1,25
cabo_marzo,la_foca,4,2016,luis_chasqui,111,16,50,24,19,3,20,suave,exposed,cep_pan,cephalopholis_panamensis,5,25
cabo_marzo,la_foca,4,2016,luis_chasqui,111,16,50,24,19,3,20,suave,exposed,bod_dip,bodianus_diplotaenia,1,35
cabo_marzo,la_foca,4,2016,luis_chasqui,111,16,50,24,19,3,20,suave,exposed,hol_pas,holacanthus_passer,4,18
cabo_marzo,la_foca,4,2016,luis_chasqui,111,16,50,24,19,3,20,suave,exposed,hol_pas,holacanthus_passer,3,13
cabo_marzo,la_foca,4,2016,luis_chasqui,111,16,50,24,19,3,20,suave,exposed,suf_ver,sufflamen_verres,1,18
cabo_marzo,la_foca,4,2016,luis_chasqui,111,16,50,24,19,3,20,suave,exposed,mul_den,mulloidichthys_dentatus,2,25
cabo_marzo,la_foca,4,2016,luis_chasqui,111,16,50,24,19,3,20,suave,exposed,pse_nau,pseudobalistes_naufragium,2,25
cabo_marzo,la_foca,4,2016,luis_chasqui,111,16,50,24,19,3,20,suave,exposed,sca_rub,scarus_rubroviolaceus,1,45
cabo_marzo,la_foca,4,2016,luis_chasqui,111,16,50,24,19,3,20,suave,exposed,nov_tae,novaculichthys_taeniourus,2,18
cabo_marzo,la_foca,4,2016,luis_chasqui,111,16,50,24,19,3,20,suave,exposed,epi_lab,epinephelus_labriformis,3,18
cabo_marzo,la_foca,4,2016,luis_chasqui,111,16,50,24,19,3,20,suave,exposed,epi_lab,epinephelus_labriformis,2,35
cabo_marzo,la_foca,4,2016,luis_chasqui,111,16,50,24,19,3,20,suave,exposed,ste_fla,stegastes_flavilatus,9,8
cabo_marzo,la_foca,4,2016,luis_chasqui,111,16,50,24,19,3,20,suave,exposed,hol_pas,holacanthus_passer,1,3
cabo_marzo,la_foca,4,2016,luis_chasqui,111,16,50,24,19,3,20,suave,exposed,can_pun,canthigaster_punctatissima,2,3
cabo_marzo,la_foca,4,2016,luis_chasqui,111,16,50,24,19,3,20,suave,exposed,cha_hum,chaetodon_humeralis,1,8
cabo_marzo,la_foca,4,2016,luis_chasqui,111,16,50,24,19,3,20,suave,exposed,bod_dip,bodianus_diplotaenia,5,3
cabo_marzo,la_foca,4,2016,luis_chasqui,112,16,50,24,19,3,20,suave,exposed,gym_cas,gymnothorax_castaneus,1,125
cabo_marzo,la_foca,4,2016,luis_chasqui,112,16,50,24,19,3,20,suave,exposed,joh_nig,johnrandallia_nigrirostris,9,8
cabo_marzo,la_foca,4,2016,luis_chasqui,112,16,50,24,19,3,20,suave,exposed,ste_fla,stegastes_flavilatus,1,8
cabo_marzo,la_foca,4,2016,luis_chasqui,112,16,50,24,19,3,20,suave,exposed,car_cab,caranx_caballus,20,25
cabo_marzo,la_foca,4,2016,luis_chasqui,112,16,50,24,19,3,20,suave,exposed,par_col,paranthias_colonus,100,13
cabo_marzo,la_foca,4,2016,luis_chasqui,112,16,50,24,19,3,20,suave,exposed,mul_den,mulloidichthys_dentatus,6,35
cabo_marzo,la_foca,4,2016,luis_chasqui,112,16,50,24,19,3,20,suave,exposed,hol_pas,holacanthus_passer,1,13
cabo_marzo,la_foca,4,2016,luis_chasqui,112,16,50,24,19,3,20,suave,exposed,suf_ver,sufflamen_verres,1,18
cabo_marzo,la_foca,4,2016,luis_chasqui,112,16,50,24,19,3,20,suave,exposed,par_col,paranthias_colonus,50,25
cabo_marzo,la_foca,4,2016,luis_chasqui,112,16,50,24,19,3,20,suave,exposed,pri_lat,prionurus_laticlavius,1,35
cabo_marzo,la_foca,4,2016,luis_chasqui,112,16,50,24,19,3,20,suave,exposed,hol_pas,holacanthus_passer,1,25
cabo_marzo,la_foca,4,2016,luis_chasqui,112,16,50,24,19,3,20,suave,exposed,suf_ver,sufflamen_verres,1,18
cabo_marzo,la_foca,4,2016,luis_chasqui,112,16,50,24,19,3,20,suave,exposed,suf_ver,sufflamen_verres,1,13
cabo_marzo,la_foca,4,2016,luis_chasqui,112,16,50,24,19,3,20,suave,exposed,suf_ver,sufflamen_verres,1,3
cabo_marzo,la_foca,4,2016,luis_chasqui,112,16,50,24,19,3,20,suave,exposed,cep_pan,cephalopholis_panamensis,6,18
cabo_marzo,la_foca,4,2016,luis_chasqui,112,16,50,24,19,3,20,suave,exposed,lut_arg,lutjanus_argentiventris,1,18
cabo_marzo,la_foca,4,2016,luis_chasqui,112,16,50,24,19,3,20,suave,exposed,hal_nic,halichoeres_nicholsi,1,18
cabo_marzo,la_foca,4,2016,luis_chasqui,112,16,50,24,19,3,20,suave,exposed,hal_nic,halichoeres_nicholsi,4,13
cabo_marzo,la_foca,4,2016,luis_chasqui,112,16,50,24,19,3,20,suave,exposed,sca_rub,scarus_rubroviolaceus,1,45
cabo_marzo,la_foca,4,2016,luis_chasqui,112,16,50,24,19,3,20,suave,exposed,sca_rub,scarus_rubroviolaceus,1,25
cabo_marzo,la_foca,4,2016,luis_chasqui,112,16,50,24,19,3,20,suave,exposed,par_col,paranthias_colonus,50,8
cabo_marzo,la_foca,4,2016,luis_chasqui,112,16,50,24,19,3,20,suave,exposed,tha_luc,thalassoma_lucasanum,50,3
cabo_marzo,la_foca,4,2016,luis_chasqui,112,16,50,24,19,3,20,suave,exposed,hal_dis,halichoeres_dispilus,50,3
cabo_marzo,la_foca,4,2016,luis_chasqui,113,16,50,24,17,3,20,suave,exposed,epi_lab,epinephelus_labriformis,1,35
cabo_marzo,la_foca,4,2016,luis_chasqui,113,16,50,24,17,3,20,suave,exposed,zan_cor,zanclus_cornutus,3,18
cabo_marzo,la_foca,4,2016,luis_chasqui,113,16,50,24,17,3,20,suave,exposed,bod_dip,bodianus_diplotaenia,4,25
cabo_marzo,la_foca,4,2016,luis_chasqui,113,16,50,24,17,3,20,suave,exposed,bod_dip,bodianus_diplotaenia,1,35
cabo_marzo,la_foca,4,2016,luis_chasqui,113,16,50,24,17,3,20,suave,exposed,pri_lat,prionurus_laticlavius,2,35
cabo_marzo,la_foca,4,2016,luis_chasqui,113,16,50,24,17,3,20,suave,exposed,par_col,paranthias_colonus,20,25
cabo_marzo,la_foca,4,2016,luis_chasqui,113,16,50,24,17,3,20,suave,exposed,par_col,paranthias_colonus,50,13
cabo_marzo,la_foca,4,2016,luis_chasqui,113,16,50,24,17,3,20,suave,exposed,sca_rub,scarus_rubroviolaceus,2,45
cabo_marzo,la_foca,4,2016,luis_chasqui,113,16,50,24,17,3,20,suave,exposed,hol_pas,holacanthus_passer,1,25
cabo_marzo,la_foca,4,2016,luis_chasqui,113,16,50,24,17,3,20,suave,exposed,hol_pas,holacanthus_passer,4,18
cabo_marzo,la_foca,4,2016,luis_chasqui,113,16,50,24,17,3,20,suave,exposed,hol_pas,holacanthus_passer,5,13
cabo_marzo,la_foca,4,2016,luis_chasqui,113,16,50,24,17,3,20,suave,exposed,nov_tae,novaculichthys_taeniourus,1,25
cabo_marzo,la_foca,4,2016,luis_chasqui,113,16,50,24,17,3,20,suave,exposed,suf_ver,sufflamen_verres,1,18
cabo_marzo,la_foca,4,2016,luis_chasqui,113,16,50,24,17,3,20,suave,exposed,chr_atr,chromis_atrilobata,100,3
cabo_marzo,la_foca,4,2016,luis_chasqui,113,16,50,24,17,3,20,suave,exposed,sec_ocy,kyphosus_ocyurus,10,35
cabo_marzo,la_foca,4,2016,luis_chasqui,113,16,50,24,17,3,20,suave,exposed,hae_mac,haemulon_maculicauda,1,18
cabo_marzo,la_foca,4,2016,luis_chasqui,113,16,50,24,17,3,20,suave,exposed,bod_dip,bodianus_diplotaenia,4,18
cabo_marzo,la_foca,4,2016,luis_chasqui,113,16,50,24,17,3,20,suave,exposed,pri_lat,prionurus_laticlavius,22,25
cabo_marzo,la_foca,4,2016,luis_chasqui,114,16,50,24,17,3,20,suave,exposed,pri_lat,prionurus_laticlavius,31,25
cabo_marzo,la_foca,4,2016,luis_chasqui,114,16,50,24,17,3,20,suave,exposed,ani_tae,anisotremus_taeniatus,1,25
cabo_marzo,la_foca,4,2016,luis_chasqui,114,16,50,24,17,3,20,suave,exposed,sec_ocy,kyphosus_ocyurus,7,35
cabo_marzo,la_foca,4,2016,luis_chasqui,114,16,50,24,17,3,20,suave,exposed,lut_arg,lutjanus_argentiventris,6,45
cabo_marzo,la_foca,4,2016,luis_chasqui,114,16,50,24,17,3,20,suave,exposed,lut_arg,lutjanus_argentiventris,2,25
cabo_marzo,la_foca,4,2016,luis_chasqui,114,16,50,24,17,3,20,suave,exposed,lut_nov,lutjanus_novemfasciatus,1,45
cabo_marzo,la_foca,4,2016,luis_chasqui,114,16,50,24,17,3,20,suave,exposed,lut_nov,lutjanus_novemfasciatus,2,55
cabo_marzo,la_foca,4,2016,luis_chasqui,114,16,50,24,17,3,20,suave,exposed,sca_rub,scarus_rubroviolaceus,3,35
cabo_marzo,la_foca,4,2016,luis_chasqui,114,16,50,24,17,3,20,suave,exposed,ani_int,anisotremus_interruptus,3,45
cabo_marzo,la_foca,4,2016,luis_chasqui,114,16,50,24,17,3,20,suave,exposed,hae_fla,haemulon_flaviguttatum,10,25
cabo_marzo,la_foca,4,2016,luis_chasqui,114,16,50,24,17,3,20,suave,exposed,kyp_ana,kyphosus_vaigiensis,1,25
cabo_marzo,la_foca,4,2016,luis_chasqui,114,16,50,24,17,3,20,suave,exposed,hol_pas,holacanthus_passer,2,13
cabo_marzo,la_foca,4,2016,luis_chasqui,115,16,50,24,13,3,20,suave,exposed,hol_pas,holacanthus_passer,1,13
cabo_marzo,la_foca,4,2016,luis_chasqui,115,16,50,24,13,3,20,suave,exposed,hol_pas,holacanthus_passer,1,8
cabo_marzo,la_foca,4,2016,luis_chasqui,115,16,50,24,13,3,20,suave,exposed,hol_pas,holacanthus_passer,3,18
cabo_marzo,la_foca,4,2016,luis_chasqui,115,16,50,24,13,3,20,suave,exposed,hol_pas,holacanthus_passer,1,25
cabo_marzo,la_foca,4,2016,luis_chasqui,115,16,50,24,13,3,20,suave,exposed,epi_lab,epinephelus_labriformis,2,25
cabo_marzo,la_foca,4,2016,luis_chasqui,115,16,50,24,13,3,20,suave,exposed,hal_nic,halichoeres_nicholsi,1,25
cabo_marzo,la_foca,4,2016,luis_chasqui,115,16,50,24,13,3,20,suave,exposed,pse_nau,pseudobalistes_naufragium,2,35
cabo_marzo,la_foca,4,2016,luis_chasqui,115,16,50,24,13,3,20,suave,exposed,lut_nov,lutjanus_novemfasciatus,2,55
cabo_marzo,la_foca,4,2016,luis_chasqui,115,16,50,24,13,3,20,suave,exposed,pri_lat,prionurus_laticlavius,1,35
cabo_marzo,la_foca,4,2016,luis_chasqui,115,16,50,24,13,3,20,suave,exposed,aro_mel,arothron_meleagris,1,25
cabo_marzo,la_foca,4,2016,luis_chasqui,115,16,50,24,13,3,20,suave,exposed,zan_cor,zanclus_cornutus,3,18
cabo_marzo,la_foca,4,2016,luis_chasqui,115,16,50,24,13,3,20,suave,exposed,myr_lei,myripristis_leiognathus,30,13
cabo_marzo,la_foca,4,2016,luis_chasqui,115,16,50,24,13,3,20,suave,exposed,hol_pas,holacanthus_passer,3,13
cabo_marzo,la_foca,4,2016,luis_chasqui,115,16,50,24,13,3,20,suave,exposed,hol_pas,holacanthus_passer,3,18
cabo_marzo,la_foca,4,2016,luis_chasqui,115,16,50,24,13,3,20,suave,exposed,aro_mel,arothron_meleagris,5,18
cabo_marzo,la_foca,4,2016,luis_chasqui,115,16,50,24,13,3,20,suave,exposed,sca_rub,scarus_rubroviolaceus,1,25
cabo_marzo,la_foca,4,2016,luis_chasqui,115,16,50,24,13,3,20,suave,exposed,suf_ver,sufflamen_verres,1,25
cabo_marzo,la_foca,4,2016,luis_chasqui,115,16,50,24,13,3,20,suave,exposed,bod_dip,bodianus_diplotaenia,10,18
cabo_marzo,la_foca,4,2016,luis_chasqui,115,16,50,24,13,3,20,suave,exposed,bod_dip,bodianus_diplotaenia,4,8
cabo_marzo,la_foca,4,2016,luis_chasqui,115,16,50,24,13,3,20,suave,exposed,cep_pan,cephalopholis_panamensis,1,8
cabo_marzo,la_foca,4,2016,luis_chasqui,115,16,50,24,13,3,20,suave,exposed,gym_cas,gymnothorax_castaneus,1,85
cabo_marzo,la_foca,4,2016,luis_chasqui,115,16,50,24,13,3,20,suave,exposed,epi_lab,epinephelus_labriformis,1,35
cabo_marzo,la_foca,4,2016,luis_chasqui,115,16,50,24,13,3,20,suave,exposed,mic_dor,microspathodon_dorsalis,1,18
cabo_marzo,la_foca,4,2016,luis_chasqui,115,16,50,24,13,3,20,suave,exposed,ryp_bic,rypticus_bicolor,1,18
cabo_marzo,la_foca,4,2016,luis_chasqui,115,16,50,24,13,3,20,suave,exposed,pri_lat,prionurus_laticlavius,1,25
cabo_marzo,la_foca,4,2016,luis_chasqui,115,16,50,24,13,3,20,suave,exposed,joh_nig,johnrandallia_nigrirostris,2,8
cabo_marzo,la_foca,4,2016,luis_chasqui,116,16,50,24,13,3,20,suave,exposed,ani_int,anisotremus_interruptus,2,35
cabo_marzo,la_foca,4,2016,luis_chasqui,116,16,50,24,13,3,20,suave,exposed,hol_pas,holacanthus_passer,5,18
cabo_marzo,la_foca,4,2016,luis_chasqui,116,16,50,24,13,3,20,suave,exposed,hol_pas,holacanthus_passer,1,3
cabo_marzo,la_foca,4,2016,luis_chasqui,116,16,50,24,13,3,20,suave,exposed,hol_pas,holacanthus_passer,1,13
cabo_marzo,la_foca,4,2016,luis_chasqui,116,16,50,24,13,3,20,suave,exposed,mic_dor,microspathodon_dorsalis,4,18
cabo_marzo,la_foca,4,2016,luis_chasqui,116,16,50,24,13,3,20,suave,exposed,zan_cor,zanclus_cornutus,2,18
cabo_marzo,la_foca,4,2016,luis_chasqui,116,16,50,24,13,3,20,suave,exposed,suf_ver,sufflamen_verres,3,18
cabo_marzo,la_foca,4,2016,luis_chasqui,116,16,50,24,13,3,20,suave,exposed,suf_ver,sufflamen_verres,2,13
cabo_marzo,la_foca,4,2016,luis_chasqui,116,16,50,24,13,3,20,suave,exposed,sca_rub,scarus_rubroviolaceus,1,45
cabo_marzo,la_foca,4,2016,luis_chasqui,116,16,50,24,13,3,20,suave,exposed,pri_lat,prionurus_laticlavius,6,35
cabo_marzo,la_foca,4,2016,luis_chasqui,116,16,50,24,13,3,20,suave,exposed,joh_nig,johnrandallia_nigrirostris,2,8
cabo_marzo,la_foca,4,2016,luis_chasqui,116,16,50,24,13,3,20,suave,exposed,aro_mel,arothron_meleagris,1,25
cabo_marzo,la_foca,4,2016,luis_chasqui,116,16,50,24,13,3,20,suave,exposed,lut_arg,lutjanus_argentiventris,1,18
cabo_marzo,la_foca,4,2016,luis_chasqui,116,16,50,24,13,3,20,suave,exposed,par_col,paranthias_colonus,10,25
cabo_marzo,la_foca,4,2016,luis_chasqui,116,16,50,24,13,3,20,suave,exposed,myr_lei,myripristis_leiognathus,2,8
cabo_marzo,punta_faro,4,2016,luis_chasqui,117,17,50,23,17,3,10,media,exposed,hae_fla,haemulon_flaviguttatum,60,25
cabo_marzo,punta_faro,4,2016,luis_chasqui,117,17,50,23,17,3,10,media,exposed,joh_nig,johnrandallia_nigrirostris,28,8
cabo_marzo,punta_faro,4,2016,luis_chasqui,117,17,50,23,17,3,10,media,exposed,hae_mac,haemulon_maculicauda,25,18
cabo_marzo,punta_faro,4,2016,luis_chasqui,117,17,50,23,17,3,10,media,exposed,hal_nic,halichoeres_nicholsi,1,25
cabo_marzo,punta_faro,4,2016,luis_chasqui,117,17,50,23,17,3,10,media,exposed,hal_nic,halichoeres_nicholsi,2,18
cabo_marzo,punta_faro,4,2016,luis_chasqui,117,17,50,23,17,3,10,media,exposed,cep_pan,cephalopholis_panamensis,3,18
cabo_marzo,punta_faro,4,2016,luis_chasqui,117,17,50,23,17,3,10,media,exposed,lut_arg,lutjanus_argentiventris,4,35
cabo_marzo,punta_faro,4,2016,luis_chasqui,117,17,50,23,17,3,10,media,exposed,mic_dor,microspathodon_dorsalis,2,18
cabo_marzo,punta_faro,4,2016,luis_chasqui,117,17,50,23,17,3,10,media,exposed,gym_cas,gymnothorax_castaneus,1,125
cabo_marzo,punta_faro,4,2016,luis_chasqui,117,17,50,23,17,3,10,media,exposed,sca_per,scarus_perrico,1,45
cabo_marzo,punta_faro,4,2016,luis_chasqui,117,17,50,23,17,3,10,media,exposed,cha_hum,chaetodon_humeralis,20,8
cabo_marzo,punta_faro,4,2016,luis_chasqui,117,17,50,23,17,3,10,media,exposed,ste_fla,stegastes_flavilatus,8,8
cabo_marzo,punta_faro,4,2016,luis_chasqui,117,17,50,23,17,3,10,media,exposed,suf_ver,sufflamen_verres,4,25
cabo_marzo,punta_faro,4,2016,luis_chasqui,117,17,50,23,17,3,10,media,exposed,sec_ocy,kyphosus_ocyurus,53,35
cabo_marzo,punta_faro,4,2016,luis_chasqui,117,17,50,23,17,3,10,media,exposed,epi_lab,epinephelus_labriformis,1,35
cabo_marzo,punta_faro,4,2016,luis_chasqui,117,17,50,23,17,3,10,media,exposed,hol_pas,holacanthus_passer,1,8
cabo_marzo,punta_faro,4,2016,luis_chasqui,117,17,50,23,17,3,10,media,exposed,bod_dip,bodianus_diplotaenia,2,18
cabo_marzo,punta_faro,4,2016,luis_chasqui,117,17,50,23,17,3,10,media,exposed,bod_dip,bodianus_diplotaenia,1,13
cabo_marzo,punta_faro,4,2016,luis_chasqui,117,17,50,23,17,3,10,media,exposed,cir_riv,cirrhitus_rivulatus,1,18
cabo_marzo,punta_faro,4,2016,luis_chasqui,118,17,50,23,17,3,10,media,exposed,ste_fla,stegastes_flavilatus,15,8
cabo_marzo,punta_faro,4,2016,luis_chasqui,118,17,50,23,17,3,10,media,exposed,cep_pan,cephalopholis_panamensis,5,18
cabo_marzo,punta_faro,4,2016,luis_chasqui,118,17,50,23,17,3,10,media,exposed,bod_dip,bodianus_diplotaenia,1,8
cabo_marzo,punta_faro,4,2016,luis_chasqui,118,17,50,23,17,3,10,media,exposed,lut_arg,lutjanus_argentiventris,22,18
cabo_marzo,punta_faro,4,2016,luis_chasqui,118,17,50,23,17,3,10,media,exposed,suf_ver,sufflamen_verres,1,18
cabo_marzo,punta_faro,4,2016,luis_chasqui,118,17,50,23,17,3,10,media,exposed,sec_ocy,kyphosus_ocyurus,10,35
cabo_marzo,punta_faro,4,2016,luis_chasqui,118,17,50,23,17,3,10,media,exposed,chr_atr,chromis_atrilobata,100,3
cabo_marzo,punta_faro,4,2016,luis_chasqui,118,17,50,23,17,3,10,media,exposed,dec_mac,decapterus_macarellus,50,18
cabo_marzo,punta_faro,4,2016,luis_chasqui,118,17,50,23,17,3,10,media,exposed,car_cab,caranx_caballus,3,25
cabo_marzo,punta_faro,4,2016,luis_chasqui,118,17,50,23,17,3,10,media,exposed,hae_fla,haemulon_flaviguttatum,100,25
cabo_marzo,punta_faro,4,2016,luis_chasqui,118,17,50,23,17,3,10,media,exposed,tha_luc,thalassoma_lucasanum,20,3
cabo_marzo,punta_faro,4,2016,luis_chasqui,118,17,50,23,17,3,10,media,exposed,hae_mac,haemulon_maculicauda,20,18
cabo_marzo,punta_faro,4,2016,luis_chasqui,118,17,50,23,17,3,10,media,exposed,epi_lab,epinephelus_labriformis,1,25
cabo_marzo,punta_faro,4,2016,luis_chasqui,118,17,50,23,17,3,10,media,exposed,ani_tae,anisotremus_taeniatus,2,25
cabo_marzo,punta_faro,4,2016,luis_chasqui,118,17,50,23,17,3,10,media,exposed,cep_pan,cephalopholis_panamensis,3,25
cabo_marzo,punta_faro,4,2016,luis_chasqui,118,17,50,23,17,3,10,media,exposed,ryp_bic,rypticus_bicolor,1,18
cabo_marzo,punta_faro,4,2016,luis_chasqui,118,17,50,23,17,3,10,media,exposed,can_pun,canthigaster_punctatissima,5,3
cabo_marzo,punta_faro,4,2016,luis_chasqui,118,17,50,23,17,3,10,media,exposed,hol_pas,holacanthus_passer,5,13
cabo_marzo,punta_faro,4,2016,luis_chasqui,119,17,50,23,15,3,10,media,exposed,lut_ine,lutjanus_inermis,20,25
cabo_marzo,punta_faro,4,2016,luis_chasqui,119,17,50,23,15,3,10,media,exposed,lut_arg,lutjanus_argentiventris,1,18
cabo_marzo,punta_faro,4,2016,luis_chasqui,119,17,50,23,15,3,10,media,exposed,ste_fla,stegastes_flavilatus,15,8
cabo_marzo,punta_faro,4,2016,luis_chasqui,119,17,50,23,15,3,10,media,exposed,bod_dip,bodianus_diplotaenia,10,13
cabo_marzo,punta_faro,4,2016,luis_chasqui,119,17,50,23,15,3,10,media,exposed,bod_dip,bodianus_diplotaenia,5,18
cabo_marzo,punta_faro,4,2016,luis_chasqui,119,17,50,23,15,3,10,media,exposed,par_col,paranthias_colonus,25,18
cabo_marzo,punta_faro,4,2016,luis_chasqui,119,17,50,23,15,3,10,media,exposed,ani_tae,anisotremus_taeniatus,2,25
cabo_marzo,punta_faro,4,2016,luis_chasqui,119,17,50,23,15,3,10,media,exposed,pri_lat,prionurus_laticlavius,10,18
cabo_marzo,punta_faro,4,2016,luis_chasqui,119,17,50,23,15,3,10,media,exposed,joh_nig,johnrandallia_nigrirostris,2,8
cabo_marzo,punta_faro,4,2016,luis_chasqui,119,17,50,23,15,3,10,media,exposed,aca_xan,acanthurus_xanthopterus,5,35
cabo_marzo,punta_faro,4,2016,luis_chasqui,119,17,50,23,15,3,10,media,exposed,sca_rub,scarus_rubroviolaceus,2,45
cabo_marzo,punta_faro,4,2016,luis_chasqui,119,17,50,23,15,3,10,media,exposed,suf_ver,sufflamen_verres,1,18
cabo_marzo,punta_faro,4,2016,luis_chasqui,119,17,50,23,15,3,10,media,exposed,sca_per,scarus_perrico,1,45
cabo_marzo,punta_faro,4,2016,luis_chasqui,119,17,50,23,15,3,10,media,exposed,hae_mac,haemulon_maculicauda,120,25
cabo_marzo,punta_faro,4,2016,luis_chasqui,119,17,50,23,15,3,10,media,exposed,hol_pas,holacanthus_passer,1,18
cabo_marzo,punta_faro,4,2016,luis_chasqui,119,17,50,23,15,3,10,media,exposed,lut_arg,lutjanus_argentiventris,10,18
cabo_marzo,punta_faro,4,2016,luis_chasqui,119,17,50,23,15,3,10,media,exposed,mic_dor,microspathodon_dorsalis,5,25
cabo_marzo,punta_faro,4,2016,luis_chasqui,119,17,50,23,15,3,10,media,exposed,lut_vir,lutjanus_viridis,2,25
cabo_marzo,punta_faro,4,2016,luis_chasqui,119,17,50,23,15,3,10,media,exposed,ani_cae,anisotremus_caesius,1,25
cabo_marzo,punta_faro,4,2016,luis_chasqui,119,17,50,23,15,3,10,media,exposed,sar_sub,sargocentron_suborbitalis,4,18
cabo_marzo,punta_faro,4,2016,luis_chasqui,119,17,50,23,15,3,10,media,exposed,myr_lei,myripristis_leiognathus,2,13
cabo_marzo,punta_faro,4,2016,luis_chasqui,119,17,50,23,15,3,10,media,exposed,mul_den,mulloidichthys_dentatus,2,25
cabo_marzo,punta_faro,4,2016,luis_chasqui,119,17,50,23,15,3,10,media,exposed,mul_den,mulloidichthys_dentatus,4,13
cabo_marzo,punta_faro,4,2016,luis_chasqui,119,17,50,23,15,3,10,media,exposed,cep_pan,cephalopholis_panamensis,1,35
cabo_marzo,punta_faro,4,2016,luis_chasqui,119,17,50,23,15,3,10,media,exposed,cep_pan,cephalopholis_panamensis,3,18
cabo_marzo,punta_faro,4,2016,luis_chasqui,119,17,50,23,15,3,10,media,exposed,epi_lab,epinephelus_labriformis,4,18
cabo_marzo,punta_faro,4,2016,luis_chasqui,119,17,50,23,15,3,10,media,exposed,epi_lab,epinephelus_labriformis,3,25
cabo_marzo,punta_faro,4,2016,luis_chasqui,119,17,50,23,15,3,10,media,exposed,sec_ocy,kyphosus_ocyurus,5,35
cabo_marzo,punta_faro,4,2016,luis_chasqui,119,17,50,23,15,3,10,media,exposed,can_pun,canthigaster_punctatissima,10,3
cabo_marzo,punta_faro,4,2016,luis_chasqui,120,17,50,23,15,3,10,media,exposed,sec_ocy,kyphosus_ocyurus,20,45
cabo_marzo,punta_faro,4,2016,luis_chasqui,120,17,50,23,15,3,10,media,exposed,epi_lab,epinephelus_labriformis,2,18
cabo_marzo,punta_faro,4,2016,luis_chasqui,120,17,50,23,15,3,10,media,exposed,lut_arg,lutjanus_argentiventris,4,18
cabo_marzo,punta_faro,4,2016,luis_chasqui,120,17,50,23,15,3,10,media,exposed,lut_arg,lutjanus_argentiventris,10,25
cabo_marzo,punta_faro,4,2016,luis_chasqui,120,17,50,23,15,3,10,media,exposed,ani_tae,anisotremus_taeniatus,1,25
cabo_marzo,punta_faro,4,2016,luis_chasqui,120,17,50,23,15,3,10,media,exposed,cep_pan,cephalopholis_panamensis,4,25
cabo_marzo,punta_faro,4,2016,luis_chasqui,120,17,50,23,15,3,10,media,exposed,cep_pan,cephalopholis_panamensis,2,8
cabo_marzo,punta_faro,4,2016,luis_chasqui,120,17,50,23,15,3,10,media,exposed,epi_lab,epinephelus_labriformis,4,25
cabo_marzo,punta_faro,4,2016,luis_chasqui,120,17,50,23,15,3,10,media,exposed,joh_nig,johnrandallia_nigrirostris,2,8
cabo_marzo,punta_faro,4,2016,luis_chasqui,120,17,50,23,15,3,10,media,exposed,sca_per,scarus_perrico,1,35
cabo_marzo,punta_faro,4,2016,luis_chasqui,120,17,50,23,15,3,10,media,exposed,sca_per,scarus_perrico,1,55
cabo_marzo,punta_faro,4,2016,luis_chasqui,120,17,50,23,15,3,10,media,exposed,aro_his,arothron_hispidus,8,25
cabo_marzo,punta_faro,4,2016,luis_chasqui,120,17,50,23,15,3,10,media,exposed,aro_his,arothron_hispidus,1,45
cabo_marzo,punta_faro,4,2016,luis_chasqui,120,17,50,23,15,3,10,media,exposed,cha_hum,chaetodon_humeralis,4,8
cabo_marzo,punta_faro,4,2016,luis_chasqui,120,17,50,23,15,3,10,media,exposed,mic_dor,microspathodon_dorsalis,2,25
cabo_marzo,punta_faro,4,2016,luis_chasqui,120,17,50,23,15,3,10,media,exposed,aro_mel,arothron_meleagris,1,18
cabo_marzo,punta_faro,4,2016,luis_chasqui,120,17,50,23,15,3,10,media,exposed,gym_cas,gymnothorax_castaneus,2,125
cabo_marzo,punta_faro,4,2016,luis_chasqui,120,17,50,23,15,3,10,media,exposed,epi_lab,epinephelus_labriformis,2,18
cabo_marzo,punta_faro,4,2016,luis_chasqui,120,17,50,23,15,3,10,media,exposed,ste_fla,stegastes_flavilatus,10,8
cabo_marzo,punta_faro,4,2016,luis_chasqui,120,17,50,23,15,3,10,media,exposed,can_pun,canthigaster_punctatissima,10,3
cabo_marzo,punta_faro,4,2016,luis_chasqui,121,17,50,23,12,3,10,media,exposed,lut_arg,lutjanus_argentiventris,1,45
cabo_marzo,punta_faro,4,2016,luis_chasqui,121,17,50,23,12,3,10,media,exposed,cep_pan,cephalopholis_panamensis,1,25
cabo_marzo,punta_faro,4,2016,luis_chasqui,121,17,50,23,12,3,10,media,exposed,pri_lat,prionurus_laticlavius,6,35
cabo_marzo,punta_faro,4,2016,luis_chasqui,121,17,50,23,12,3,10,media,exposed,cep_pan,cephalopholis_panamensis,1,18
cabo_marzo,punta_faro,4,2016,luis_chasqui,121,17,50,23,12,3,10,media,exposed,lut_vir,lutjanus_viridis,1,25
cabo_marzo,punta_faro,4,2016,luis_chasqui,121,17,50,23,12,3,10,media,exposed,lut_arg,lutjanus_argentiventris,4,18
cabo_marzo,punta_faro,4,2016,luis_chasqui,121,17,50,23,12,3,10,media,exposed,mic_dor,microspathodon_dorsalis,4,25
cabo_marzo,punta_faro,4,2016,luis_chasqui,121,17,50,23,12,3,10,media,exposed,zan_cor,zanclus_cornutus,2,18
cabo_marzo,punta_faro,4,2016,luis_chasqui,121,17,50,23,12,3,10,media,exposed,sca_rub,scarus_rubroviolaceus,1,45
cabo_marzo,punta_faro,4,2016,luis_chasqui,121,17,50,23,12,3,10,media,exposed,hol_pas,holacanthus_passer,1,13
cabo_marzo,punta_faro,4,2016,luis_chasqui,121,17,50,23,12,3,10,media,exposed,sec_ocy,kyphosus_ocyurus,50,35
cabo_marzo,punta_faro,4,2016,luis_chasqui,121,17,50,23,12,3,10,media,exposed,ani_tae,anisotremus_taeniatus,2,25
cabo_marzo,punta_faro,4,2016,luis_chasqui,121,17,50,23,12,3,10,media,exposed,hae_mac,haemulon_maculicauda,15,18
cabo_marzo,punta_faro,4,2016,luis_chasqui,121,17,50,23,12,3,10,media,exposed,suf_ver,sufflamen_verres,1,25
cabo_marzo,punta_faro,4,2016,luis_chasqui,121,17,50,23,12,3,10,media,exposed,aro_mel,arothron_meleagris,4,25
cabo_marzo,punta_faro,4,2016,luis_chasqui,121,17,50,23,12,3,10,media,exposed,ste_fla,stegastes_flavilatus,20,8
cabo_marzo,punta_faro,4,2016,luis_chasqui,121,17,50,23,12,3,10,media,exposed,mul_den,mulloidichthys_dentatus,1,18
cabo_marzo,punta_faro,4,2016,luis_chasqui,121,17,50,23,12,3,10,media,exposed,ste_aca,stegastes_acapulcoensis,5,13
cabo_marzo,punta_faro,4,2016,luis_chasqui,121,17,50,23,12,3,10,media,exposed,ani_cae,anisotremus_caesius,1,25
cabo_marzo,punta_faro,4,2016,luis_chasqui,121,17,50,23,12,3,10,media,exposed,hal_nic,halichoeres_nicholsi,5,18
cabo_marzo,punta_faro,4,2016,luis_chasqui,121,17,50,23,12,3,10,media,exposed,epi_lab,epinephelus_labriformis,1,18
cabo_marzo,punta_faro,4,2016,luis_chasqui,122,17,50,23,11,3,10,media,exposed,epi_lab,epinephelus_labriformis,2,35
cabo_marzo,punta_faro,4,2016,luis_chasqui,122,17,50,23,11,3,10,media,exposed,mic_dor,microspathodon_dorsalis,2,25
cabo_marzo,punta_faro,4,2016,luis_chasqui,122,17,50,23,11,3,10,media,exposed,hae_mac,haemulon_maculicauda,10,18
cabo_marzo,punta_faro,4,2016,luis_chasqui,122,17,50,23,11,3,10,media,exposed,myr_lei,myripristis_leiognathus,3,13
cabo_marzo,punta_faro,4,2016,luis_chasqui,122,17,50,23,11,3,10,media,exposed,sar_sub,sargocentron_suborbitalis,1,18
cabo_marzo,punta_faro,4,2016,luis_chasqui,122,17,50,23,11,3,10,media,exposed,suf_ver,sufflamen_verres,1,18
cabo_marzo,punta_faro,4,2016,luis_chasqui,122,17,50,23,11,3,10,media,exposed,gym_cas,gymnothorax_castaneus,2,95
cabo_marzo,punta_faro,4,2016,luis_chasqui,122,17,50,23,11,3,10,media,exposed,joh_nig,johnrandallia_nigrirostris,2,8
cabo_marzo,punta_faro,4,2016,luis_chasqui,122,17,50,23,11,3,10,media,exposed,cep_pan,cephalopholis_panamensis,2,18
cabo_marzo,punta_faro,4,2016,luis_chasqui,122,17,50,23,11,3,10,media,exposed,sca_rub,scarus_rubroviolaceus,1,45
cabo_marzo,punta_faro,4,2016,luis_chasqui,122,17,50,23,11,3,10,media,exposed,cep_pan,cephalopholis_panamensis,2,25
cabo_marzo,punta_faro,4,2016,luis_chasqui,122,17,50,23,11,3,10,media,exposed,cir_riv,cirrhitus_rivulatus,1,35
cabo_marzo,punta_faro,4,2016,luis_chasqui,122,17,50,23,11,3,10,media,exposed,par_col,paranthias_colonus,5,18
cabo_marzo,punta_faro,4,2016,luis_chasqui,122,17,50,23,11,3,10,media,exposed,ste_fla,stegastes_flavilatus,15,8
cabo_marzo,punta_faro,4,2016,luis_chasqui,122,17,50,23,11,3,10,media,exposed,cep_pan,cephalopholis_panamensis,1,13
cabo_marzo,punta_faro,4,2016,luis_chasqui,122,17,50,23,11,3,10,media,exposed,epi_lab,epinephelus_labriformis,2,35
cabo_marzo,punta_faro,4,2016,luis_chasqui,122,17,50,23,11,3,10,media,exposed,lut_arg,lutjanus_argentiventris,2,18
cabo_marzo,punta_faro,4,2016,luis_chasqui,122,17,50,23,11,3,10,media,exposed,bod_dip,bodianus_diplotaenia,1,25
cabo_marzo,punta_faro,4,2016,luis_chasqui,122,17,50,23,11,3,10,media,exposed,chr_atr,chromis_atrilobata,100,3
cabo_marzo,punta_faro,4,2016,luis_chasqui,122,17,50,23,11,3,10,media,exposed,lut_vir,lutjanus_viridis,2,25
cabo_marzo,punta_faro,4,2016,luis_chasqui,122,17,50,23,11,3,10,media,exposed,mul_den,mulloidichthys_dentatus,1,25
cabo_marzo,punta_faro,4,2016,luis_chasqui,122,17,50,23,11,3,10,media,exposed,ani_cae,anisotremus_caesius,1,25
cabo_marzo,punta_faro,4,2016,luis_chasqui,122,17,50,23,11,3,10,media,exposed,par_col,paranthias_colonus,10,18
cabo_marzo,punta_faro,4,2016,luis_chasqui,122,17,50,23,11,3,10,media,exposed,ani_tae,anisotremus_taeniatus,2,25
cabo_marzo,punta_faro,4,2016,natalia_rincon,123,17,50,25,13,3,10,media,exposed,ste_fla,stegastes_flavilatus,1,13
cabo_marzo,punta_faro,4,2016,natalia_rincon,123,17,50,25,13,3,10,media,exposed,cep_pan,cephalopholis_panamensis,1,18
cabo_marzo,punta_faro,4,2016,natalia_rincon,123,17,50,25,13,3,10,media,exposed,cep_pan,cephalopholis_panamensis,1,25
cabo_marzo,punta_faro,4,2016,natalia_rincon,123,17,50,25,13,3,10,media,exposed,mic_dor,microspathodon_dorsalis,1,18
cabo_marzo,punta_faro,4,2016,natalia_rincon,123,17,50,25,13,3,10,media,exposed,epi_lab,epinephelus_labriformis,1,18
cabo_marzo,punta_faro,4,2016,natalia_rincon,123,17,50,25,13,3,10,media,exposed,myr_lei,myripristis_leiognathus,1,13
cabo_marzo,punta_faro,4,2016,natalia_rincon,123,17,50,25,13,3,10,media,exposed,par_col,paranthias_colonus,2,13
cabo_marzo,punta_faro,4,2016,natalia_rincon,123,17,50,25,13,3,10,media,exposed,suf_ver,sufflamen_verres,10,18
cabo_marzo,punta_faro,4,2016,natalia_rincon,123,17,50,25,13,3,10,media,exposed,tha_luc,thalassoma_lucasanum,36,3
cabo_marzo,punta_faro,4,2016,natalia_rincon,123,17,50,25,13,3,10,media,exposed,chr_atr,chromis_atrilobata,3,3
cabo_marzo,punta_faro,4,2016,natalia_rincon,123,17,50,25,13,3,10,media,exposed,aro_his,arothron_hispidus,1,25
cabo_marzo,punta_faro,4,2016,natalia_rincon,123,17,50,25,13,3,10,media,exposed,sec_ocy,kyphosus_ocyurus,115,35
cabo_marzo,punta_faro,4,2016,natalia_rincon,123,17,50,25,13,3,10,media,exposed,dec_mac,decapterus_macarellus,50,18
cabo_marzo,punta_faro,4,2016,natalia_rincon,123,17,50,25,13,3,10,media,exposed,ste_fla,stegastes_flavilatus,1,3
cabo_marzo,punta_faro,4,2016,natalia_rincon,123,17,50,25,13,3,10,media,exposed,ste_aca,stegastes_acapulcoensis,1,8
cabo_marzo,punta_faro,4,2016,natalia_rincon,123,17,50,25,13,3,10,media,exposed,ste_fla,stegastes_flavilatus,1,13
cabo_marzo,punta_faro,4,2016,natalia_rincon,123,17,50,25,13,3,10,media,exposed,bod_dip,bodianus_diplotaenia,5,3
cabo_marzo,punta_faro,4,2016,natalia_rincon,123,17,50,25,13,3,10,media,exposed,bod_dip,bodianus_diplotaenia,1,18
cabo_marzo,punta_faro,4,2016,natalia_rincon,123,17,50,25,13,3,10,media,exposed,can_pun,canthigaster_punctatissima,2,3
cabo_marzo,punta_faro,4,2016,natalia_rincon,123,17,50,25,13,3,10,media,exposed,hal_dis,halichoeres_dispilus,1,13
cabo_marzo,punta_faro,4,2016,natalia_rincon,123,17,50,25,13,3,10,media,exposed,joh_nig,johnrandallia_nigrirostris,1,13
cabo_marzo,punta_faro,4,2016,natalia_rincon,124,17,50,26,12,3,10,media,exposed,suf_ver,sufflamen_verres,1,13
cabo_marzo,punta_faro,4,2016,natalia_rincon,124,17,50,26,12,3,10,media,exposed,epi_lab,epinephelus_labriformis,1,18
cabo_marzo,punta_faro,4,2016,natalia_rincon,124,17,50,26,12,3,10,media,exposed,gym_cas,gymnothorax_castaneus,1,65
cabo_marzo,punta_faro,4,2016,natalia_rincon,124,17,50,26,12,3,10,media,exposed,cep_pan,cephalopholis_panamensis,1,25
cabo_marzo,punta_faro,4,2016,natalia_rincon,124,17,50,26,12,3,10,media,exposed,hae_mac,haemulon_maculicauda,8,18
cabo_marzo,punta_faro,4,2016,natalia_rincon,124,17,50,26,12,3,10,media,exposed,cha_hum,chaetodon_humeralis,1,13
cabo_marzo,punta_faro,4,2016,natalia_rincon,124,17,50,26,12,3,10,media,exposed,ste_fla,stegastes_flavilatus,2,13
cabo_marzo,punta_faro,4,2016,natalia_rincon,124,17,50,26,12,3,10,media,exposed,mic_dor,microspathodon_dorsalis,1,13
cabo_marzo,punta_faro,4,2016,natalia_rincon,124,17,50,26,12,3,10,media,exposed,mic_dor,microspathodon_dorsalis,3,18
cabo_marzo,punta_faro,4,2016,natalia_rincon,124,17,50,26,12,3,10,media,exposed,mic_dor,microspathodon_dorsalis,2,25
cabo_marzo,punta_faro,4,2016,natalia_rincon,124,17,50,26,12,3,10,media,exposed,joh_nig,johnrandallia_nigrirostris,9,13
cabo_marzo,punta_faro,4,2016,natalia_rincon,124,17,50,26,12,3,10,media,exposed,ani_tae,anisotremus_taeniatus,1,25
cabo_marzo,punta_faro,4,2016,natalia_rincon,124,17,50,26,12,3,10,media,exposed,cep_pan,cephalopholis_panamensis,2,35
cabo_marzo,punta_faro,4,2016,natalia_rincon,124,17,50,26,12,3,10,media,exposed,chr_atr,chromis_atrilobata,5,8
cabo_marzo,punta_faro,4,2016,natalia_rincon,124,17,50,26,12,3,10,media,exposed,chr_atr,chromis_atrilobata,42,3
cabo_marzo,punta_faro,4,2016,natalia_rincon,124,17,50,26,12,3,10,media,exposed,sec_ocy,kyphosus_ocyurus,33,35
cabo_marzo,punta_faro,4,2016,natalia_rincon,124,17,50,26,12,3,10,media,exposed,tha_luc,thalassoma_lucasanum,28,3
cabo_marzo,punta_faro,4,2016,natalia_rincon,124,17,50,26,12,3,10,media,exposed,tha_luc,thalassoma_lucasanum,13,8
cabo_marzo,punta_faro,4,2016,natalia_rincon,124,17,50,26,12,3,10,media,exposed,tha_luc,thalassoma_lucasanum,2,13
cabo_marzo,punta_faro,4,2016,natalia_rincon,124,17,50,26,12,3,10,media,exposed,ste_fla,stegastes_flavilatus,5,3
cabo_marzo,punta_faro,4,2016,natalia_rincon,124,17,50,26,12,3,10,media,exposed,hal_dis,halichoeres_dispilus,2,8
cabo_marzo,punta_faro,4,2016,natalia_rincon,124,17,50,26,12,3,10,media,exposed,hal_dis,halichoeres_dispilus,2,3
cabo_marzo,punta_faro,4,2016,natalia_rincon,124,17,50,26,12,3,10,media,exposed,sca_rub,scarus_rubroviolaceus,1,45
cabo_marzo,punta_faro,4,2016,natalia_rincon,124,17,50,26,12,3,10,media,exposed,pri_lat,prionurus_laticlavius,3,25
cabo_marzo,punta_faro,4,2016,natalia_rincon,124,17,50,26,12,3,10,media,exposed,sca_gho,scarus_ghobban,3,35
cabo_marzo,punta_faro,4,2016,natalia_rincon,124,17,50,26,12,3,10,media,exposed,sca_per,scarus_perrico,1,35
cabo_marzo,punta_faro,4,2016,natalia_rincon,125,17,50,27,12,3,10,media,exposed,can_pun,canthigaster_punctatissima,5,3
cabo_marzo,punta_faro,4,2016,natalia_rincon,125,17,50,27,12,3,10,media,exposed,cep_pan,cephalopholis_panamensis,1,13
cabo_marzo,punta_faro,4,2016,natalia_rincon,125,17,50,27,12,3,10,media,exposed,cep_pan,cephalopholis_panamensis,1,25
cabo_marzo,punta_faro,4,2016,natalia_rincon,125,17,50,27,12,3,10,media,exposed,tha_luc,thalassoma_lucasanum,36,3
cabo_marzo,punta_faro,4,2016,natalia_rincon,125,17,50,27,12,3,10,media,exposed,par_col,paranthias_colonus,3,13
cabo_marzo,punta_faro,4,2016,natalia_rincon,125,17,50,27,12,3,10,media,exposed,bod_dip,bodianus_diplotaenia,2,18
cabo_marzo,punta_faro,4,2016,natalia_rincon,125,17,50,27,12,3,10,media,exposed,chr_atr,chromis_atrilobata,6,3
cabo_marzo,punta_faro,4,2016,natalia_rincon,125,17,50,27,12,3,10,media,exposed,mic_dor,microspathodon_dorsalis,2,18
cabo_marzo,punta_faro,4,2016,natalia_rincon,125,17,50,27,12,3,10,media,exposed,mic_dor,microspathodon_dorsalis,2,13
cabo_marzo,punta_faro,4,2016,natalia_rincon,125,17,50,27,12,3,10,media,exposed,ste_fla,stegastes_flavilatus,2,3
cabo_marzo,punta_faro,4,2016,natalia_rincon,125,17,50,27,12,3,10,media,exposed,pse_nau,pseudobalistes_naufragium,1,35
cabo_marzo,punta_faro,4,2016,natalia_rincon,125,17,50,27,12,3,10,media,exposed,ste_fla,stegastes_flavilatus,1,13
cabo_marzo,punta_faro,4,2016,natalia_rincon,125,17,50,27,12,3,10,media,exposed,joh_nig,johnrandallia_nigrirostris,1,13
cabo_marzo,punta_faro,4,2016,natalia_rincon,125,17,50,27,12,3,10,media,exposed,hol_pas,holacanthus_passer,1,13
cabo_marzo,punta_faro,4,2016,natalia_rincon,125,17,50,27,12,3,10,media,exposed,hol_pas,holacanthus_passer,1,18
cabo_marzo,punta_faro,4,2016,natalia_rincon,125,17,50,27,12,3,10,media,exposed,lut_arg,lutjanus_argentiventris,1,25
cabo_marzo,punta_faro,4,2016,natalia_rincon,125,17,50,27,12,3,10,media,exposed,kyp_ana,kyphosus_vaigiensis,1,25
cabo_marzo,punta_faro,4,2016,natalia_rincon,125,17,50,27,12,3,10,media,exposed,cir_oxy,cirrhitichthys_oxycephalus,2,8
cabo_marzo,punta_faro,4,2016,natalia_rincon,125,17,50,27,12,3,10,media,exposed,pri_lat,prionurus_laticlavius,5,25
cabo_marzo,punta_faro,4,2016,natalia_rincon,125,17,50,27,12,3,10,media,exposed,zan_cor,zanclus_cornutus,1,13
cabo_marzo,punta_faro,4,2016,natalia_rincon,125,17,50,27,12,3,10,media,exposed,zan_cor,zanclus_cornutus,2,18
cabo_marzo,punta_faro,4,2016,natalia_rincon,125,17,50,27,12,3,10,media,exposed,epi_lab,epinephelus_labriformis,2,18
cabo_marzo,punta_faro,4,2016,natalia_rincon,125,17,50,27,12,3,10,media,exposed,suf_ver,sufflamen_verres,2,13
cabo_marzo,punta_faro,4,2016,natalia_rincon,125,17,50,27,12,3,10,media,exposed,gym_cas,gymnothorax_castaneus,1,125
cabo_corrientes,piedra_oswaldo,4,2016,luis_chasqui,1,1,50,22,21,2,10,suave,exposed,lut_arg,lutjanus_argentiventris,10,25
cabo_corrientes,piedra_oswaldo,4,2016,luis_chasqui,1,1,50,22,21,2,10,suave,exposed,lut_arg,lutjanus_argentiventris,3,45
cabo_corrientes,piedra_oswaldo,4,2016,luis_chasqui,1,1,50,22,21,2,10,suave,exposed,joh_nig,johnrandallia_nigrirostris,3,8
cabo_corrientes,piedra_oswaldo,4,2016,luis_chasqui,1,1,50,22,21,2,10,suave,exposed,lut_gut,lutjanus_guttatus,1,25
cabo_corrientes,piedra_oswaldo,4,2016,luis_chasqui,1,1,50,22,21,2,10,suave,exposed,myc_xen,mycteroperca_xenarcha,2,45
cabo_corrientes,piedra_oswaldo,4,2016,luis_chasqui,1,1,50,22,21,2,10,suave,exposed,abu_tro,abudefduf_troschelii,20,13
cabo_corrientes,piedra_oswaldo,4,2016,luis_chasqui,1,1,50,22,21,2,10,suave,exposed,hae_fla,haemulon_flaviguttatum,4,25
cabo_corrientes,piedra_oswaldo,4,2016,luis_chasqui,1,1,50,22,21,2,10,suave,exposed,bod_dip,bodianus_diplotaenia,1,25
cabo_corrientes,piedra_oswaldo,4,2016,luis_chasqui,1,1,50,22,21,2,10,suave,exposed,chr_atr,chromis_atrilobata,50,3
cabo_corrientes,piedra_oswaldo,4,2016,luis_chasqui,1,1,50,22,21,2,10,suave,exposed,can_pun,canthigaster_punctatissima,3,3
cabo_corrientes,piedra_oswaldo,4,2016,luis_chasqui,1,1,50,22,21,2,10,suave,exposed,suf_ver,sufflamen_verres,1,18
cabo_corrientes,piedra_oswaldo,4,2016,luis_chasqui,1,1,50,22,21,2,10,suave,exposed,cep_pan,cephalopholis_panamensis,2,18
cabo_corrientes,piedra_oswaldo,4,2016,luis_chasqui,1,1,50,22,21,2,10,suave,exposed,ste_fla,stegastes_flavilatus,3,8
cabo_corrientes,piedra_oswaldo,4,2016,luis_chasqui,2,1,50,22,21,2,10,suave,exposed,joh_nig,johnrandallia_nigrirostris,2,8
cabo_corrientes,piedra_oswaldo,4,2016,luis_chasqui,2,1,50,22,21,2,10,suave,exposed,can_pun,canthigaster_punctatissima,1,3
cabo_corrientes,piedra_oswaldo,4,2016,luis_chasqui,2,1,50,22,21,2,10,suave,exposed,abu_tro,abudefduf_troschelii,5,13
cabo_corrientes,piedra_oswaldo,4,2016,luis_chasqui,2,1,50,22,21,2,10,suave,exposed,lut_arg,lutjanus_argentiventris,7,35
cabo_corrientes,piedra_oswaldo,4,2016,luis_chasqui,2,1,50,22,21,2,10,suave,exposed,mul_den,mulloidichthys_dentatus,20,25
cabo_corrientes,piedra_oswaldo,4,2016,luis_chasqui,2,1,50,22,21,2,10,suave,exposed,bod_dip,bodianus_diplotaenia,1,25
cabo_corrientes,piedra_oswaldo,4,2016,luis_chasqui,2,1,50,22,21,2,10,suave,exposed,hae_fla,haemulon_flaviguttatum,20,25
cabo_corrientes,piedra_oswaldo,4,2016,luis_chasqui,2,1,50,22,21,2,10,suave,exposed,ste_fla,stegastes_flavilatus,1,13
cabo_corrientes,piedra_oswaldo,4,2016,luis_chasqui,2,1,50,22,21,2,10,suave,exposed,par_col,paranthias_colonus,2,25
cabo_corrientes,piedra_oswaldo,4,2016,luis_chasqui,2,1,50,22,21,2,10,suave,exposed,ani_cae,anisotremus_caesius,1,25
cabo_corrientes,piedra_oswaldo,4,2016,luis_chasqui,2,1,50,22,21,2,10,suave,exposed,hol_pas,holacanthus_passer,1,18
cabo_corrientes,piedra_oswaldo,4,2016,luis_chasqui,2,1,50,22,21,2,10,suave,exposed,hae_mac,haemulon_maculicauda,5,25
cabo_corrientes,piedra_oswaldo,4,2016,luis_chasqui,2,1,50,22,21,2,10,suave,exposed,cir_oxy,cirrhitichthys_oxycephalus,2,3
cabo_corrientes,piedra_oswaldo,4,2016,luis_chasqui,2,1,50,22,21,2,10,suave,exposed,epi_lab,epinephelus_labriformis,1,45
cabo_corrientes,piedra_oswaldo,4,2016,luis_chasqui,2,1,50,22,21,2,10,suave,exposed,hal_dis,halichoeres_dispilus,20,3
cabo_corrientes,piedra_oswaldo,4,2016,luis_chasqui,3,1,50,22,17,2,10,suave,exposed,bod_dip,bodianus_diplotaenia,60,3
cabo_corrientes,piedra_oswaldo,4,2016,luis_chasqui,3,1,50,22,17,2,10,suave,exposed,epi_lab,epinephelus_labriformis,4,25
cabo_corrientes,piedra_oswaldo,4,2016,luis_chasqui,3,1,50,22,17,2,10,suave,exposed,hol_pas,holacanthus_passer,4,25
cabo_corrientes,piedra_oswaldo,4,2016,luis_chasqui,3,1,50,22,17,2,10,suave,exposed,myr_lei,myripristis_leiognathus,6,18
cabo_corrientes,piedra_oswaldo,4,2016,luis_chasqui,3,1,50,22,17,2,10,suave,exposed,lut_arg,lutjanus_argentiventris,5,25
cabo_corrientes,piedra_oswaldo,4,2016,luis_chasqui,3,1,50,22,17,2,10,suave,exposed,par_col,paranthias_colonus,1,18
cabo_corrientes,piedra_oswaldo,4,2016,luis_chasqui,3,1,50,22,17,2,10,suave,exposed,hae_mac,haemulon_maculicauda,25,18
cabo_corrientes,piedra_oswaldo,4,2016,luis_chasqui,3,1,50,22,17,2,10,suave,exposed,joh_nig,johnrandallia_nigrirostris,4,8
cabo_corrientes,piedra_oswaldo,4,2016,luis_chasqui,3,1,50,22,17,2,10,suave,exposed,bod_dip,bodianus_diplotaenia,2,18
cabo_corrientes,piedra_oswaldo,4,2016,luis_chasqui,3,1,50,22,17,2,10,suave,exposed,tha_luc,thalassoma_lucasanum,20,3
cabo_corrientes,piedra_oswaldo,4,2016,luis_chasqui,3,1,50,22,17,2,10,suave,exposed,aro_mel,arothron_meleagris,1,13
cabo_corrientes,piedra_oswaldo,4,2016,luis_chasqui,3,1,50,22,17,2,10,suave,exposed,myc_xen,mycteroperca_xenarcha,1,45
cabo_corrientes,piedra_oswaldo,4,2016,luis_chasqui,3,1,50,22,17,2,10,suave,exposed,cep_pan,cephalopholis_panamensis,4,35
cabo_corrientes,piedra_oswaldo,4,2016,luis_chasqui,3,1,50,22,17,2,10,suave,exposed,ste_fla,stegastes_flavilatus,3,13
cabo_corrientes,piedra_oswaldo,4,2016,luis_chasqui,3,1,50,22,17,2,10,suave,exposed,chr_atr,chromis_atrilobata,200,3
cabo_corrientes,piedra_oswaldo,4,2016,luis_chasqui,3,1,50,22,17,2,10,suave,exposed,ani_cae,anisotremus_caesius,1,25
cabo_corrientes,piedra_oswaldo,4,2016,luis_chasqui,3,1,50,22,17,2,10,suave,exposed,cir_oxy,cirrhitichthys_oxycephalus,6,3
cabo_corrientes,piedra_oswaldo,4,2016,luis_chasqui,3,1,50,22,17,2,10,suave,exposed,suf_ver,sufflamen_verres,1,18
cabo_corrientes,piedra_oswaldo,4,2016,luis_chasqui,3,1,50,22,17,2,10,suave,exposed,par_col,paranthias_colonus,20,3
cabo_corrientes,piedra_oswaldo,4,2016,luis_chasqui,3,1,50,22,17,2,10,suave,exposed,par_col,paranthias_colonus,4,8
cabo_corrientes,piedra_oswaldo,4,2016,luis_chasqui,3,1,50,22,17,2,10,suave,exposed,epi_lab,epinephelus_labriformis,1,18
cabo_corrientes,piedra_oswaldo,4,2016,luis_chasqui,4,1,50,22,17,1,10,suave,exposed,epi_lab,epinephelus_labriformis,4,25
cabo_corrientes,piedra_oswaldo,4,2016,luis_chasqui,4,1,50,22,17,1,10,suave,exposed,cep_pan,cephalopholis_panamensis,4,25
cabo_corrientes,piedra_oswaldo,4,2016,luis_chasqui,4,1,50,22,17,1,10,suave,exposed,hol_pas,holacanthus_passer,3,25
cabo_corrientes,piedra_oswaldo,4,2016,luis_chasqui,4,1,50,22,17,1,10,suave,exposed,hol_pas,holacanthus_passer,1,18
cabo_corrientes,piedra_oswaldo,4,2016,luis_chasqui,4,1,50,22,17,1,10,suave,exposed,joh_nig,johnrandallia_nigrirostris,1,13
cabo_corrientes,piedra_oswaldo,4,2016,luis_chasqui,4,1,50,22,17,1,10,suave,exposed,ste_fla,stegastes_flavilatus,2,13
cabo_corrientes,piedra_oswaldo,4,2016,luis_chasqui,4,1,50,22,17,1,10,suave,exposed,bod_dip,bodianus_diplotaenia,1,18
cabo_corrientes,piedra_oswaldo,4,2016,luis_chasqui,4,1,50,22,17,1,10,suave,exposed,mur_cle,muraena_clepsydra,1,45
cabo_corrientes,piedra_oswaldo,4,2016,luis_chasqui,4,1,50,22,17,1,10,suave,exposed,suf_ver,sufflamen_verres,2,18
cabo_corrientes,piedra_oswaldo,4,2016,luis_chasqui,4,1,50,22,17,1,10,suave,exposed,lut_arg,lutjanus_argentiventris,5,25
cabo_corrientes,piedra_oswaldo,4,2016,luis_chasqui,4,1,50,22,17,1,10,suave,exposed,hae_fla,haemulon_flaviguttatum,5,25
cabo_corrientes,piedra_oswaldo,4,2016,luis_chasqui,4,1,50,22,17,1,10,suave,exposed,lut_arg,lutjanus_argentiventris,2,35
cabo_corrientes,piedra_oswaldo,4,2016,luis_chasqui,4,1,50,22,17,1,10,suave,exposed,bal_pol,balistes_polylepis,1,35
cabo_corrientes,piedra_oswaldo,4,2016,luis_chasqui,4,1,50,22,17,1,10,suave,exposed,pla_aza,plagiotremus_azaleus,1,8
cabo_corrientes,piedra_oswaldo,4,2016,luis_chasqui,4,1,50,22,17,1,10,suave,exposed,tha_luc,thalassoma_lucasanum,100,3
cabo_corrientes,piedra_oswaldo,4,2016,luis_chasqui,4,1,50,22,17,1,10,suave,exposed,tha_luc,thalassoma_lucasanum,2,8
cabo_corrientes,piedra_oswaldo,4,2016,luis_chasqui,4,1,50,22,17,1,10,suave,exposed,chr_atr,chromis_atrilobata,100,3
cabo_corrientes,piedra_oswaldo,4,2016,luis_chasqui,4,1,50,22,17,1,10,suave,exposed,cir_oxy,cirrhitichthys_oxycephalus,3,3
cabo_corrientes,piedra_oswaldo,4,2016,luis_chasqui,4,1,50,22,17,1,10,suave,exposed,aro_mel,arothron_meleagris,1,25
cabo_corrientes,piedra_oswaldo,4,2016,luis_chasqui,5,1,50,22,18,1,10,suave,exposed,bal_pol,balistes_polylepis,4,25
cabo_corrientes,piedra_oswaldo,4,2016,luis_chasqui,5,1,50,22,18,1,10,suave,exposed,cha_hum,chaetodon_humeralis,7,8
cabo_corrientes,piedra_oswaldo,4,2016,luis_chasqui,5,1,50,22,18,1,10,suave,exposed,cep_pan,cephalopholis_panamensis,1,25
cabo_corrientes,piedra_oswaldo,4,2016,luis_chasqui,5,1,50,22,18,1,10,suave,exposed,hae_mac,haemulon_maculicauda,5,25
cabo_corrientes,piedra_oswaldo,4,2016,luis_chasqui,5,1,50,22,18,1,10,suave,exposed,lut_gut,lutjanus_guttatus,1,25
cabo_corrientes,piedra_oswaldo,4,2016,luis_chasqui,5,1,50,22,18,1,10,suave,exposed,hol_pas,holacanthus_passer,2,25
cabo_corrientes,piedra_oswaldo,4,2016,luis_chasqui,5,1,50,22,18,1,10,suave,exposed,suf_ver,sufflamen_verres,1,25
cabo_corrientes,piedra_oswaldo,4,2016,luis_chasqui,5,1,50,22,18,1,10,suave,exposed,joh_nig,johnrandallia_nigrirostris,5,8
cabo_corrientes,piedra_oswaldo,4,2016,luis_chasqui,5,1,50,22,18,1,10,suave,exposed,can_pun,canthigaster_punctatissima,2,3
cabo_corrientes,piedra_oswaldo,4,2016,luis_chasqui,5,1,50,22,18,1,10,suave,exposed,epi_lab,epinephelus_labriformis,1,25
cabo_corrientes,piedra_oswaldo,4,2016,luis_chasqui,5,1,50,22,18,1,10,suave,exposed,ste_fla,stegastes_flavilatus,2,8
cabo_corrientes,piedra_oswaldo,4,2016,luis_chasqui,5,1,50,22,18,1,10,suave,exposed,epi_qui,epinephelus_quinquefasciatus,1,125
cabo_corrientes,parguera2,4,2016,luis_chasqui,6,2,50,24,17,2,15,media,exposed,par_col,paranthias_colonus,20,8
cabo_corrientes,parguera2,4,2016,luis_chasqui,6,2,50,24,17,2,15,media,exposed,joh_nig,johnrandallia_nigrirostris,10,8
cabo_corrientes,parguera2,4,2016,luis_chasqui,6,2,50,24,17,2,15,media,exposed,hol_pas,holacanthus_passer,10,8
cabo_corrientes,parguera2,4,2016,luis_chasqui,6,2,50,24,17,2,15,media,exposed,hol_pas,holacanthus_passer,11,18
cabo_corrientes,parguera2,4,2016,luis_chasqui,6,2,50,24,17,2,15,media,exposed,ste_fla,stegastes_flavilatus,4,8
cabo_corrientes,parguera2,4,2016,luis_chasqui,6,2,50,24,17,2,15,media,exposed,epi_lab,epinephelus_labriformis,6,18
cabo_corrientes,parguera2,4,2016,luis_chasqui,6,2,50,24,17,2,15,media,exposed,lut_arg,lutjanus_argentiventris,17,18
cabo_corrientes,parguera2,4,2016,luis_chasqui,6,2,50,24,17,2,15,media,exposed,mul_den,mulloidichthys_dentatus,50,18
cabo_corrientes,parguera2,4,2016,luis_chasqui,6,2,50,24,17,2,15,media,exposed,chr_atr,chromis_atrilobata,200,3
cabo_corrientes,parguera2,4,2016,luis_chasqui,6,2,50,24,17,2,15,media,exposed,lut_ine,lutjanus_inermis,1,18
cabo_corrientes,parguera2,4,2016,luis_chasqui,6,2,50,24,17,2,15,media,exposed,aro_mel,arothron_meleagris,1,13
cabo_corrientes,parguera2,4,2016,luis_chasqui,6,2,50,24,17,2,15,media,exposed,cep_pan,cephalopholis_panamensis,2,25
cabo_corrientes,parguera2,4,2016,luis_chasqui,6,2,50,24,17,2,15,media,exposed,cep_pan,cephalopholis_panamensis,6,13
cabo_corrientes,parguera2,4,2016,luis_chasqui,6,2,50,24,17,2,15,media,exposed,myc_xen,mycteroperca_xenarcha,1,18
cabo_corrientes,parguera2,4,2016,luis_chasqui,6,2,50,24,17,2,15,media,exposed,myc_xen,mycteroperca_xenarcha,1,25
cabo_corrientes,parguera2,4,2016,luis_chasqui,6,2,50,24,17,2,15,media,exposed,hae_mac,haemulon_maculicauda,5,18
cabo_corrientes,parguera2,4,2016,luis_chasqui,6,2,50,24,17,2,15,media,exposed,cir_oxy,cirrhitichthys_oxycephalus,5,3
cabo_corrientes,parguera2,4,2016,luis_chasqui,6,2,50,24,17,2,15,media,exposed,bod_dip,bodianus_diplotaenia,1,18
cabo_corrientes,parguera2,4,2016,luis_chasqui,6,2,50,24,17,2,15,media,exposed,bod_dip,bodianus_diplotaenia,50,3
cabo_corrientes,parguera2,4,2016,luis_chasqui,6,2,50,24,17,2,15,media,exposed,suf_ver,sufflamen_verres,1,18
cabo_corrientes,parguera2,4,2016,luis_chasqui,6,2,50,24,17,2,15,media,exposed,par_col,paranthias_colonus,5,3
cabo_corrientes,parguera2,4,2016,luis_chasqui,6,2,50,24,17,2,15,media,exposed,pla_aza,plagiotremus_azaleus,2,8
cabo_corrientes,parguera2,4,2016,luis_chasqui,6,2,50,24,17,2,15,media,exposed,gym_fla,gymnothorax_flavimarginatus,1,55
cabo_corrientes,parguera2,4,2016,luis_chasqui,6,2,50,24,17,2,15,media,exposed,aul_chi,aulostomus_chinensis,1,35
cabo_corrientes,parguera2,4,2016,luis_chasqui,6,2,50,24,17,2,15,media,exposed,can_pun,canthigaster_punctatissima,4,3
cabo_corrientes,parguera2,4,2016,luis_chasqui,7,2,50,23,18,2,15,media,exposed,ste_fla,stegastes_flavilatus,10,8
cabo_corrientes,parguera2,4,2016,luis_chasqui,7,2,50,23,18,2,15,media,exposed,hol_pas,holacanthus_passer,4,3
cabo_corrientes,parguera2,4,2016,luis_chasqui,7,2,50,23,18,2,15,media,exposed,suf_ver,sufflamen_verres,1,3
cabo_corrientes,parguera2,4,2016,luis_chasqui,7,2,50,23,18,2,15,media,exposed,epi_lab,epinephelus_labriformis,4,18
cabo_corrientes,parguera2,4,2016,luis_chasqui,7,2,50,23,18,2,15,media,exposed,epi_lab,epinephelus_labriformis,2,13
cabo_corrientes,parguera2,4,2016,luis_chasqui,7,2,50,23,18,2,15,media,exposed,hal_dis,halichoeres_dispilus,30,3
cabo_corrientes,parguera2,4,2016,luis_chasqui,7,2,50,23,18,2,15,media,exposed,chr_atr,chromis_atrilobata,100,3
cabo_corrientes,parguera2,4,2016,luis_chasqui,7,2,50,23,18,2,15,media,exposed,pla_aza,plagiotremus_azaleus,3,3
cabo_corrientes,parguera2,4,2016,luis_chasqui,7,2,50,23,18,2,15,media,exposed,joh_nig,johnrandallia_nigrirostris,12,8
cabo_corrientes,parguera2,4,2016,luis_chasqui,7,2,50,23,18,2,15,media,exposed,hae_mac,haemulon_maculicauda,3,18
cabo_corrientes,parguera2,4,2016,luis_chasqui,7,2,50,23,18,2,15,media,exposed,lut_ine,lutjanus_inermis,6,25
cabo_corrientes,parguera2,4,2016,luis_chasqui,7,2,50,23,18,2,15,media,exposed,abu_tro,abudefduf_troschelii,5,18
cabo_corrientes,parguera2,4,2016,luis_chasqui,7,2,50,23,18,2,15,media,exposed,hol_pas,holacanthus_passer,3,18
cabo_corrientes,parguera2,4,2016,luis_chasqui,7,2,50,23,18,2,15,media,exposed,cha_hum,chaetodon_humeralis,4,8
cabo_corrientes,parguera2,4,2016,luis_chasqui,7,2,50,23,18,2,15,media,exposed,lut_gut,lutjanus_guttatus,5,35
cabo_corrientes,parguera2,4,2016,luis_chasqui,7,2,50,23,18,2,15,media,exposed,epi_lab,epinephelus_labriformis,2,35
cabo_corrientes,parguera2,4,2016,luis_chasqui,7,2,50,23,18,2,15,media,exposed,mul_den,mulloidichthys_dentatus,20,25
cabo_corrientes,parguera2,4,2016,luis_chasqui,7,2,50,23,18,2,15,media,exposed,hal_nic,halichoeres_nicholsi,1,25
cabo_corrientes,parguera2,4,2016,luis_chasqui,7,2,50,23,18,2,15,media,exposed,ser_psi,serranus_psittacinus,2,13
cabo_corrientes,parguera2,4,2016,luis_chasqui,7,2,50,23,18,2,15,media,exposed,ser_psi,serranus_psittacinus,5,8
cabo_corrientes,parguera2,4,2016,luis_chasqui,7,2,50,23,18,2,15,media,exposed,ani_tae,anisotremus_taeniatus,2,25
cabo_corrientes,parguera2,4,2016,luis_chasqui,7,2,50,23,18,2,15,media,exposed,fis_com,fistularia_commersonii,2,55
cabo_corrientes,parguera2,4,2016,luis_chasqui,7,2,50,23,18,2,15,media,exposed,pri_lat,prionurus_laticlavius,1,35
cabo_corrientes,parguera2,4,2016,luis_chasqui,7,2,50,23,18,2,15,media,exposed,cir_oxy,cirrhitichthys_oxycephalus,2,3
cabo_corrientes,parguera2,4,2016,luis_chasqui,7,2,50,23,18,2,15,media,exposed,tha_luc,thalassoma_lucasanum,20,8
cabo_corrientes,parguera2,4,2016,luis_chasqui,7,2,50,23,18,2,15,media,exposed,hal_dis,halichoeres_dispilus,50,3
cabo_corrientes,parguera2,4,2016,luis_chasqui,7,2,50,23,18,2,15,media,exposed,can_pun,canthigaster_punctatissima,2,3
cabo_corrientes,parguera2,4,2016,luis_chasqui,7,2,50,23,18,2,15,media,exposed,gym_cas,gymnothorax_castaneus,1,45
cabo_corrientes,parguera2,4,2016,luis_chasqui,8,2,50,23,18,2,15,media,exposed,epi_lab,epinephelus_labriformis,2,13
cabo_corrientes,parguera2,4,2016,luis_chasqui,8,2,50,23,18,2,15,media,exposed,ste_fla,stegastes_flavilatus,6,8
cabo_corrientes,parguera2,4,2016,luis_chasqui,8,2,50,23,18,2,15,media,exposed,cir_oxy,cirrhitichthys_oxycephalus,2,3
cabo_corrientes,parguera2,4,2016,luis_chasqui,8,2,50,23,18,2,15,media,exposed,hol_pas,holacanthus_passer,2,8
cabo_corrientes,parguera2,4,2016,luis_chasqui,8,2,50,23,18,2,15,media,exposed,hol_pas,holacanthus_passer,2,13
cabo_corrientes,parguera2,4,2016,luis_chasqui,8,2,50,23,18,2,15,media,exposed,joh_nig,johnrandallia_nigrirostris,5,8
cabo_corrientes,parguera2,4,2016,luis_chasqui,8,2,50,23,18,2,15,media,exposed,joh_nig,johnrandallia_nigrirostris,1,3
cabo_corrientes,parguera2,4,2016,luis_chasqui,8,2,50,23,18,2,15,media,exposed,par_col,paranthias_colonus,100,8
cabo_corrientes,parguera2,4,2016,luis_chasqui,8,2,50,23,18,2,15,media,exposed,pla_aza,plagiotremus_azaleus,10,8
cabo_corrientes,parguera2,4,2016,luis_chasqui,8,2,50,23,18,2,15,media,exposed,bod_dip,bodianus_diplotaenia,3,13
cabo_corrientes,parguera2,4,2016,luis_chasqui,8,2,50,23,18,2,15,media,exposed,abu_tro,abudefduf_troschelii,2,13
cabo_corrientes,parguera2,4,2016,luis_chasqui,8,2,50,23,18,2,15,media,exposed,gym_cas,gymnothorax_castaneus,1,55
cabo_corrientes,parguera2,4,2016,luis_chasqui,8,2,50,23,18,2,15,media,exposed,hal_dis,halichoeres_dispilus,5,8
cabo_corrientes,parguera2,4,2016,luis_chasqui,8,2,50,23,18,2,15,media,exposed,hal_dis,halichoeres_dispilus,100,3
cabo_corrientes,parguera2,4,2016,luis_chasqui,8,2,50,23,18,2,15,media,exposed,suf_ver,sufflamen_verres,3,3
cabo_corrientes,parguera2,4,2016,luis_chasqui,8,2,50,23,18,2,15,media,exposed,suf_ver,sufflamen_verres,1,8
cabo_corrientes,parguera2,4,2016,luis_chasqui,8,2,50,23,18,2,15,media,exposed,suf_ver,sufflamen_verres,2,13
cabo_corrientes,parguera2,4,2016,luis_chasqui,8,2,50,23,18,2,15,media,exposed,epi_lab,epinephelus_labriformis,3,25
cabo_corrientes,parguera2,4,2016,luis_chasqui,8,2,50,23,18,2,15,media,exposed,suf_ver,sufflamen_verres,1,18
cabo_corrientes,parguera2,4,2016,luis_chasqui,8,2,50,23,18,2,15,media,exposed,tha_luc,thalassoma_lucasanum,2,13
cabo_corrientes,parguera2,4,2016,luis_chasqui,8,2,50,23,18,2,15,media,exposed,cep_pan,cephalopholis_panamensis,2,18
cabo_corrientes,parguera2,4,2016,luis_chasqui,8,2,50,23,18,2,15,media,exposed,ser_psi,serranus_psittacinus,1,8
cabo_corrientes,parguera2,4,2016,luis_chasqui,8,2,50,23,18,2,15,media,exposed,aro_mel,arothron_meleagris,1,8
cabo_corrientes,parguera2,4,2016,luis_chasqui,8,2,50,23,18,2,15,media,exposed,aul_chi,aulostomus_chinensis,1,13
cabo_corrientes,parguera2,4,2016,luis_chasqui,8,2,50,23,18,2,15,media,exposed,par_col,paranthias_colonus,20,3
cabo_corrientes,parguera2,4,2016,luis_chasqui,9,2,50,23,17,2,15,media,exposed,cir_oxy,cirrhitichthys_oxycephalus,10,3
cabo_corrientes,parguera2,4,2016,luis_chasqui,9,2,50,23,17,2,15,media,exposed,epi_lab,epinephelus_labriformis,4,13
cabo_corrientes,parguera2,4,2016,luis_chasqui,9,2,50,23,17,2,15,media,exposed,epi_lab,epinephelus_labriformis,1,18
cabo_corrientes,parguera2,4,2016,luis_chasqui,9,2,50,23,17,2,15,media,exposed,ste_fla,stegastes_flavilatus,15,8
cabo_corrientes,parguera2,4,2016,luis_chasqui,9,2,50,23,17,2,15,media,exposed,hal_dis,halichoeres_dispilus,100,3
cabo_corrientes,parguera2,4,2016,luis_chasqui,9,2,50,23,17,2,15,media,exposed,par_col,paranthias_colonus,40,3
cabo_corrientes,parguera2,4,2016,luis_chasqui,9,2,50,23,17,2,15,media,exposed,bod_dip,bodianus_diplotaenia,1,8
cabo_corrientes,parguera2,4,2016,luis_chasqui,9,2,50,23,17,2,15,media,exposed,hol_pas,holacanthus_passer,1,3
cabo_corrientes,parguera2,4,2016,luis_chasqui,9,2,50,23,17,2,15,media,exposed,hol_pas,holacanthus_passer,4,18
cabo_corrientes,parguera2,4,2016,luis_chasqui,9,2,50,23,17,2,15,media,exposed,pla_aza,plagiotremus_azaleus,2,3
cabo_corrientes,parguera2,4,2016,luis_chasqui,9,2,50,23,17,2,15,media,exposed,cep_pan,cephalopholis_panamensis,4,18
cabo_corrientes,parguera2,4,2016,luis_chasqui,9,2,50,23,17,2,15,media,exposed,suf_ver,sufflamen_verres,1,8
cabo_corrientes,parguera2,4,2016,luis_chasqui,9,2,50,23,17,2,15,media,exposed,suf_ver,sufflamen_verres,1,3
cabo_corrientes,parguera2,4,2016,luis_chasqui,9,2,50,23,17,2,15,media,exposed,suf_ver,sufflamen_verres,1,18
cabo_corrientes,parguera2,4,2016,luis_chasqui,9,2,50,23,17,2,15,media,exposed,sca_per,scarus_perrico,8,35
cabo_corrientes,parguera2,4,2016,luis_chasqui,9,2,50,23,17,2,15,media,exposed,lut_arg,lutjanus_argentiventris,3,25
cabo_corrientes,parguera2,4,2016,luis_chasqui,9,2,50,23,17,2,15,media,exposed,par_col,paranthias_colonus,100,8
cabo_corrientes,parguera2,4,2016,luis_chasqui,9,2,50,23,17,2,15,media,exposed,ser_psi,serranus_psittacinus,1,3
cabo_corrientes,parguera2,4,2016,luis_chasqui,9,2,50,23,17,2,15,media,exposed,ryp_bic,rypticus_bicolor,2,8
cabo_corrientes,parguera2,4,2016,luis_chasqui,9,2,50,23,17,2,15,media,exposed,mul_den,mulloidichthys_dentatus,1,25
cabo_corrientes,parguera2,4,2016,luis_chasqui,9,2,50,23,17,2,15,media,exposed,hal_dis,halichoeres_dispilus,1,13
cabo_corrientes,parguera2,4,2016,luis_chasqui,9,2,50,23,17,2,15,media,exposed,joh_nig,johnrandallia_nigrirostris,1,3
cabo_corrientes,parguera2,4,2016,luis_chasqui,9,2,50,23,17,2,15,media,exposed,can_pun,canthigaster_punctatissima,2,3
cabo_corrientes,parguera2,4,2016,luis_chasqui,9,2,50,23,17,2,15,media,exposed,hol_pas,holacanthus_passer,1,8
cabo_corrientes,parguera2,4,2016,luis_chasqui,9,2,50,23,17,2,15,media,exposed,hol_pas,holacanthus_passer,1,13
cabo_corrientes,parguera2,4,2016,luis_chasqui,9,2,50,23,17,2,15,media,exposed,myr_lei,myripristis_leiognathus,1,13
cabo_corrientes,parguera2,4,2016,luis_chasqui,9,2,50,23,17,2,15,media,exposed,tha_luc,thalassoma_lucasanum,20,3
cabo_corrientes,parguera2,4,2016,luis_chasqui,10,2,50,23,14,2,15,media,exposed,ste_fla,stegastes_flavilatus,2,3
cabo_corrientes,parguera2,4,2016,luis_chasqui,10,2,50,23,14,2,15,media,exposed,ste_fla,stegastes_flavilatus,2,13
cabo_corrientes,parguera2,4,2016,luis_chasqui,10,2,50,23,14,2,15,media,exposed,ste_fla,stegastes_flavilatus,1,8
cabo_corrientes,parguera2,4,2016,luis_chasqui,10,2,50,23,14,2,15,media,exposed,cir_oxy,cirrhitichthys_oxycephalus,10,3
cabo_corrientes,parguera2,4,2016,luis_chasqui,10,2,50,23,14,2,15,media,exposed,pla_aza,plagiotremus_azaleus,15,3
cabo_corrientes,parguera2,4,2016,luis_chasqui,10,2,50,23,14,2,15,media,exposed,tha_luc,thalassoma_lucasanum,30,3
cabo_corrientes,parguera2,4,2016,luis_chasqui,10,2,50,23,14,2,15,media,exposed,epi_lab,epinephelus_labriformis,5,18
cabo_corrientes,parguera2,4,2016,luis_chasqui,10,2,50,23,14,2,15,media,exposed,epi_lab,epinephelus_labriformis,3,35
cabo_corrientes,parguera2,4,2016,luis_chasqui,10,2,50,23,14,2,15,media,exposed,zan_cor,zanclus_cornutus,1,13
cabo_corrientes,parguera2,4,2016,luis_chasqui,10,2,50,23,14,2,15,media,exposed,chr_atr,chromis_atrilobata,100,3
cabo_corrientes,parguera2,4,2016,luis_chasqui,10,2,50,23,14,2,15,media,exposed,bod_dip,bodianus_diplotaenia,1,25
cabo_corrientes,parguera2,4,2016,luis_chasqui,10,2,50,23,14,2,15,media,exposed,bod_dip,bodianus_diplotaenia,3,18
cabo_corrientes,parguera2,4,2016,luis_chasqui,10,2,50,23,14,2,15,media,exposed,bod_dip,bodianus_diplotaenia,1,13
cabo_corrientes,parguera2,4,2016,luis_chasqui,10,2,50,23,14,2,15,media,exposed,cep_pan,cephalopholis_panamensis,1,18
cabo_corrientes,parguera2,4,2016,luis_chasqui,10,2,50,23,14,2,15,media,exposed,hol_pas,holacanthus_passer,10,18
cabo_corrientes,parguera2,4,2016,luis_chasqui,10,2,50,23,14,2,15,media,exposed,par_col,paranthias_colonus,20,3
cabo_corrientes,parguera2,4,2016,luis_chasqui,10,2,50,23,14,2,15,media,exposed,suf_ver,sufflamen_verres,3,25
cabo_corrientes,parguera2,4,2016,luis_chasqui,10,2,50,23,14,2,15,media,exposed,suf_ver,sufflamen_verres,2,3
cabo_corrientes,parguera2,4,2016,luis_chasqui,10,2,50,23,14,2,15,media,exposed,hol_pas,holacanthus_passer,1,3
cabo_corrientes,parguera2,4,2016,luis_chasqui,10,2,50,23,14,2,15,media,exposed,hol_pas,holacanthus_passer,2,8
cabo_corrientes,parguera2,4,2016,luis_chasqui,10,2,50,23,14,2,15,media,exposed,joh_nig,johnrandallia_nigrirostris,1,8
cabo_corrientes,parguera2,4,2016,luis_chasqui,10,2,50,23,14,2,15,media,exposed,cep_pan,cephalopholis_panamensis,1,13
cabo_corrientes,parguera2,4,2016,luis_chasqui,10,2,50,23,14,2,15,media,exposed,hae_fla,haemulon_flaviguttatum,5,25
cabo_corrientes,parguera2,4,2016,luis_chasqui,10,2,50,23,14,2,15,media,exposed,fis_com,fistularia_commersonii,2,45
cabo_corrientes,parguera2,4,2016,luis_chasqui,10,2,50,23,14,2,15,media,exposed,lut_arg,lutjanus_argentiventris,2,25
cabo_corrientes,parguera2,4,2016,luis_chasqui,11,2,50,23,14,2,15,fuerte,exposed,bod_dip,bodianus_diplotaenia,4,25
cabo_corrientes,parguera2,4,2016,luis_chasqui,11,2,50,23,14,2,15,fuerte,exposed,hol_pas,holacanthus_passer,10,18
cabo_corrientes,parguera2,4,2016,luis_chasqui,11,2,50,23,14,2,15,fuerte,exposed,par_col,paranthias_colonus,100,8
cabo_corrientes,parguera2,4,2016,luis_chasqui,11,2,50,23,14,2,15,fuerte,exposed,lut_arg,lutjanus_argentiventris,3,35
cabo_corrientes,parguera2,4,2016,luis_chasqui,11,2,50,23,14,2,15,fuerte,exposed,gym_cas,gymnothorax_castaneus,3,55
cabo_corrientes,parguera2,4,2016,luis_chasqui,11,2,50,23,14,2,15,fuerte,exposed,cep_pan,cephalopholis_panamensis,6,25
cabo_corrientes,parguera2,4,2016,luis_chasqui,11,2,50,23,14,2,15,fuerte,exposed,gym_fla,gymnothorax_flavimarginatus,1,55
cabo_corrientes,parguera2,4,2016,luis_chasqui,11,2,50,23,14,2,15,fuerte,exposed,suf_ver,sufflamen_verres,2,18
cabo_corrientes,parguera2,4,2016,luis_chasqui,11,2,50,23,14,2,15,fuerte,exposed,chr_atr,chromis_atrilobata,100,3
cabo_corrientes,parguera2,4,2016,luis_chasqui,11,2,50,23,14,2,15,fuerte,exposed,hae_fla,haemulon_flaviguttatum,10,25
cabo_corrientes,parguera2,4,2016,luis_chasqui,11,2,50,23,14,2,15,fuerte,exposed,aca_xan,acanthurus_xanthopterus,1,25
cabo_corrientes,parguera2,4,2016,luis_chasqui,11,2,50,23,14,2,15,fuerte,exposed,hal_dis,halichoeres_dispilus,100,3
cabo_corrientes,parguera2,4,2016,luis_chasqui,11,2,50,23,14,2,15,fuerte,exposed,ste_fla,stegastes_flavilatus,2,8
cabo_corrientes,parguera2,4,2016,luis_chasqui,11,2,50,23,14,2,15,fuerte,exposed,myr_lei,myripristis_leiognathus,6,18
cabo_corrientes,parguera2,4,2016,luis_chasqui,11,2,50,23,14,2,15,fuerte,exposed,cir_oxy,cirrhitichthys_oxycephalus,10,3
cabo_corrientes,parguera2,4,2016,luis_chasqui,11,2,50,23,14,2,15,fuerte,exposed,tha_luc,thalassoma_lucasanum,100,3
cabo_corrientes,parguera2,4,2016,luis_chasqui,11,2,50,23,14,2,15,fuerte,exposed,bod_dip,bodianus_diplotaenia,50,3
cabo_corrientes,parguera2,4,2016,luis_chasqui,11,2,50,23,14,2,15,fuerte,exposed,epi_qui,epinephelus_quinquefasciatus,1,125
cabo_corrientes,amargal,4,2016,luis_chasqui,12,3,50,25,26,2,10,suave,exposed,par_col,paranthias_colonus,5,13
cabo_corrientes,amargal,4,2016,luis_chasqui,12,3,50,25,26,2,10,suave,exposed,aro_mel,arothron_meleagris,1,13
cabo_corrientes,amargal,4,2016,luis_chasqui,12,3,50,25,26,2,10,suave,exposed,joh_nig,johnrandallia_nigrirostris,5,8
cabo_corrientes,amargal,4,2016,luis_chasqui,12,3,50,25,26,2,10,suave,exposed,ser_riv,seriola_rivoliana,9,45
cabo_corrientes,amargal,4,2016,luis_chasqui,12,3,50,25,26,2,10,suave,exposed,ser_riv,seriola_rivoliana,3,55
cabo_corrientes,amargal,4,2016,luis_chasqui,12,3,50,25,26,2,10,suave,exposed,ser_riv,seriola_rivoliana,1,35
cabo_corrientes,amargal,4,2016,luis_chasqui,12,3,50,25,26,2,10,suave,exposed,lut_arg,lutjanus_argentiventris,2,35
cabo_corrientes,amargal,4,2016,luis_chasqui,12,3,50,25,26,2,10,suave,exposed,hae_sex,haemulon_sexfasciatum,1,25
cabo_corrientes,amargal,4,2016,luis_chasqui,12,3,50,25,26,2,10,suave,exposed,aca_xan,acanthurus_xanthopterus,1,25
cabo_corrientes,amargal,4,2016,luis_chasqui,12,3,50,25,26,2,10,suave,exposed,lut_arg,lutjanus_argentiventris,5,25
cabo_corrientes,amargal,4,2016,luis_chasqui,12,3,50,25,26,2,10,suave,exposed,lut_gut,lutjanus_guttatus,5,25
cabo_corrientes,amargal,4,2016,luis_chasqui,12,3,50,25,26,2,10,suave,exposed,hol_pas,holacanthus_passer,2,18
cabo_corrientes,amargal,4,2016,luis_chasqui,12,3,50,25,26,2,10,suave,exposed,hol_pas,holacanthus_passer,4,13
cabo_corrientes,amargal,4,2016,luis_chasqui,12,3,50,25,26,2,10,suave,exposed,hae_fla,haemulon_flaviguttatum,20,25
cabo_corrientes,amargal,4,2016,luis_chasqui,12,3,50,25,26,2,10,suave,exposed,aul_chi,aulostomus_chinensis,1,18
cabo_corrientes,amargal,4,2016,luis_chasqui,13,3,50,25,27,2,10,suave,exposed,gym_cas,gymnothorax_castaneus,1,55
cabo_corrientes,amargal,4,2016,luis_chasqui,13,3,50,25,27,2,10,suave,exposed,ser_riv,seriola_rivoliana,4,35
cabo_corrientes,amargal,4,2016,luis_chasqui,13,3,50,25,27,2,10,suave,exposed,ser_riv,seriola_rivoliana,2,55
cabo_corrientes,amargal,4,2016,luis_chasqui,13,3,50,25,27,2,10,suave,exposed,joh_nig,johnrandallia_nigrirostris,12,8
cabo_corrientes,amargal,4,2016,luis_chasqui,13,3,50,25,27,2,10,suave,exposed,zan_cor,zanclus_cornutus,1,18
cabo_corrientes,amargal,4,2016,luis_chasqui,13,3,50,25,27,2,10,suave,exposed,hol_pas,holacanthus_passer,20,18
cabo_corrientes,amargal,4,2016,luis_chasqui,13,3,50,25,27,2,10,suave,exposed,hae_mac,haemulon_maculicauda,10,18
cabo_corrientes,amargal,4,2016,luis_chasqui,13,3,50,25,27,2,10,suave,exposed,lut_gut,lutjanus_guttatus,10,25
cabo_corrientes,amargal,4,2016,luis_chasqui,13,3,50,25,27,2,10,suave,exposed,par_col,paranthias_colonus,20,18
cabo_corrientes,amargal,4,2016,luis_chasqui,13,3,50,25,27,2,10,suave,exposed,hae_fla,haemulon_flaviguttatum,20,25
cabo_corrientes,amargal,4,2016,luis_chasqui,13,3,50,25,27,2,10,suave,exposed,xan_cae,xanthychthys_caeruleolineatus,4,25
cabo_corrientes,amargal,4,2016,luis_chasqui,13,3,50,25,27,2,10,suave,exposed,suf_ver,sufflamen_verres,1,25
cabo_corrientes,amargal,4,2016,luis_chasqui,13,3,50,25,27,2,10,suave,exposed,chr_atr,chromis_atrilobata,100,3
cabo_corrientes,amargal,4,2016,luis_chasqui,13,3,50,25,27,2,10,suave,exposed,epi_lab,epinephelus_labriformis,1,25
cabo_corrientes,amargal,4,2016,luis_chasqui,13,3,50,25,27,2,10,suave,exposed,aro_mel,arothron_meleagris,1,13
cabo_corrientes,amargal,4,2016,luis_chasqui,13,3,50,25,27,2,10,suave,exposed,cep_pan,cephalopholis_panamensis,1,18
cabo_corrientes,amargal,4,2016,luis_chasqui,14,3,50,25,27,2,10,suave,exposed,ryp_bic,rypticus_bicolor,2,18
cabo_corrientes,amargal,4,2016,luis_chasqui,14,3,50,25,27,2,10,suave,exposed,myr_lei,myripristis_leiognathus,10,18
cabo_corrientes,amargal,4,2016,luis_chasqui,14,3,50,25,27,2,10,suave,exposed,epi_lab,epinephelus_labriformis,1,13
cabo_corrientes,amargal,4,2016,luis_chasqui,14,3,50,25,27,2,10,suave,exposed,epi_lab,epinephelus_labriformis,2,18
cabo_corrientes,amargal,4,2016,luis_chasqui,14,3,50,25,27,2,10,suave,exposed,ser_riv,seriola_rivoliana,3,3
cabo_corrientes,amargal,4,2016,luis_chasqui,14,3,50,25,27,2,10,suave,exposed,ser_riv,seriola_rivoliana,1,65
cabo_corrientes,amargal,4,2016,luis_chasqui,14,3,50,25,27,2,10,suave,exposed,lut_arg,lutjanus_argentiventris,15,35
cabo_corrientes,amargal,4,2016,luis_chasqui,14,3,50,25,27,2,10,suave,exposed,hae_fla,haemulon_flaviguttatum,10,25
cabo_corrientes,amargal,4,2016,luis_chasqui,14,3,50,25,27,2,10,suave,exposed,lut_ine,lutjanus_inermis,3,25
cabo_corrientes,amargal,4,2016,luis_chasqui,14,3,50,25,27,2,10,suave,exposed,joh_nig,johnrandallia_nigrirostris,10,8
cabo_corrientes,amargal,4,2016,luis_chasqui,14,3,50,25,27,2,10,suave,exposed,bod_dip,bodianus_diplotaenia,3,18
cabo_corrientes,amargal,4,2016,luis_chasqui,14,3,50,25,27,2,10,suave,exposed,bod_dip,bodianus_diplotaenia,1,35
cabo_corrientes,amargal,4,2016,luis_chasqui,14,3,50,25,27,2,10,suave,exposed,ste_fla,stegastes_flavilatus,1,8
cabo_corrientes,amargal,4,2016,luis_chasqui,14,3,50,25,27,2,10,suave,exposed,cep_pan,cephalopholis_panamensis,1,18
cabo_corrientes,amargal,4,2016,luis_chasqui,14,3,50,25,27,2,10,suave,exposed,par_col,paranthias_colonus,50,3
cabo_corrientes,amargal,4,2016,luis_chasqui,14,3,50,25,27,2,10,suave,exposed,cir_oxy,cirrhitichthys_oxycephalus,1,3
cabo_corrientes,amargal,4,2016,luis_chasqui,14,3,50,25,27,2,10,suave,exposed,epi_lab,epinephelus_labriformis,1,13
cabo_corrientes,amargal,4,2016,luis_chasqui,14,3,50,25,27,2,10,suave,exposed,aul_chi,aulostomus_chinensis,1,18
cabo_corrientes,amargal,4,2016,luis_chasqui,14,3,50,25,27,2,10,suave,exposed,mur_cle,muraena_clepsydra,1,65
cabo_corrientes,amargal,4,2016,luis_chasqui,14,3,50,25,27,2,10,suave,exposed,epi_qui,epinephelus_quinquefasciatus,1,175
cabo_corrientes,amargal,4,2016,natalia_rincon,15,3,50,25,27,2,10,suave,exposed,joh_nig,johnrandallia_nigrirostris,20,3
cabo_corrientes,amargal,4,2016,natalia_rincon,15,3,50,25,27,2,10,suave,exposed,chr_atr,chromis_atrilobata,4,3
cabo_corrientes,amargal,4,2016,natalia_rincon,15,3,50,25,27,2,10,suave,exposed,par_col,paranthias_colonus,2,13
cabo_corrientes,amargal,4,2016,natalia_rincon,15,3,50,25,27,2,10,suave,exposed,par_col,paranthias_colonus,6,3
cabo_corrientes,amargal,4,2016,natalia_rincon,15,3,50,25,27,2,10,suave,exposed,bod_dip,bodianus_diplotaenia,2,25
cabo_corrientes,amargal,4,2016,natalia_rincon,15,3,50,25,27,2,10,suave,exposed,aca_xan,acanthurus_xanthopterus,7,25
cabo_corrientes,amargal,4,2016,natalia_rincon,15,3,50,25,27,2,10,suave,exposed,hae_fla,haemulon_flaviguttatum,1,13
cabo_corrientes,amargal,4,2016,natalia_rincon,15,3,50,25,27,2,10,suave,exposed,lut_arg,lutjanus_argentiventris,1,35
cabo_corrientes,amargal,4,2016,natalia_rincon,15,3,50,25,27,2,10,suave,exposed,aro_mel,arothron_meleagris,1,25
cabo_corrientes,amargal,4,2016,natalia_rincon,15,3,50,25,27,2,10,suave,exposed,suf_ver,sufflamen_verres,2,25
cabo_corrientes,amargal,4,2016,natalia_rincon,15,3,50,25,27,2,10,suave,exposed,epi_lab,epinephelus_labriformis,1,35
cabo_corrientes,amargal,4,2016,natalia_rincon,15,3,50,25,27,2,10,suave,exposed,lut_gut,lutjanus_guttatus,5,25
cabo_corrientes,amargal,4,2016,natalia_rincon,15,3,50,25,27,2,10,suave,exposed,ste_fla,stegastes_flavilatus,1,13
cabo_corrientes,amargal,4,2016,natalia_rincon,15,3,50,25,27,2,10,suave,exposed,hol_pas,holacanthus_passer,2,13
cabo_corrientes,amargal,4,2016,natalia_rincon,15,3,50,25,27,2,10,suave,exposed,ser_riv,seriola_rivoliana,16,55
cabo_corrientes,amargal,4,2016,natalia_rincon,15,3,50,25,27,2,10,suave,exposed,fis_com,fistularia_commersonii,1,55
cabo_corrientes,amargal,4,2016,natalia_rincon,15,3,50,25,27,2,10,suave,exposed,car_can,caranx_caninus,1,45
cabo_corrientes,amargal,4,2016,natalia_rincon,16,3,50,25,26,2,10,suave,exposed,par_col,paranthias_colonus,23,3
cabo_corrientes,amargal,4,2016,natalia_rincon,16,3,50,25,26,2,10,suave,exposed,joh_nig,johnrandallia_nigrirostris,11,8
cabo_corrientes,amargal,4,2016,natalia_rincon,16,3,50,25,26,2,10,suave,exposed,hae_mac,haemulon_maculicauda,20,13
cabo_corrientes,amargal,4,2016,natalia_rincon,16,3,50,25,26,2,10,suave,exposed,par_col,paranthias_colonus,7,13
cabo_corrientes,amargal,4,2016,natalia_rincon,16,3,50,25,26,2,10,suave,exposed,hae_fla,haemulon_flaviguttatum,9,13
cabo_corrientes,amargal,4,2016,natalia_rincon,16,3,50,25,26,2,10,suave,exposed,bod_dip,bodianus_diplotaenia,1,18
cabo_corrientes,amargal,4,2016,natalia_rincon,16,3,50,25,26,2,10,suave,exposed,ser_riv,seriola_rivoliana,2,55
cabo_corrientes,amargal,4,2016,natalia_rincon,16,3,50,25,26,2,10,suave,exposed,suf_ver,sufflamen_verres,2,8
cabo_corrientes,amargal,4,2016,natalia_rincon,16,3,50,25,26,2,10,suave,exposed,lut_arg,lutjanus_argentiventris,2,18
cabo_corrientes,amargal,4,2016,natalia_rincon,16,3,50,25,26,2,10,suave,exposed,lut_gut,lutjanus_guttatus,6,25
cabo_corrientes,amargal,4,2016,natalia_rincon,16,3,50,25,26,2,10,suave,exposed,hol_pas,holacanthus_passer,1,13
cabo_corrientes,parguera2,4,2016,natalia_rincon,17,2,50,25,14,2,15,media,exposed,par_col,paranthias_colonus,40,8
cabo_corrientes,parguera2,4,2016,natalia_rincon,17,2,50,25,14,2,15,media,exposed,lut_arg,lutjanus_argentiventris,15,13
cabo_corrientes,parguera2,4,2016,natalia_rincon,17,2,50,25,14,2,15,media,exposed,suf_ver,sufflamen_verres,1,13
cabo_corrientes,parguera2,4,2016,natalia_rincon,17,2,50,25,14,2,15,media,exposed,mur_cle,muraena_clepsydra,1,65
cabo_corrientes,parguera2,4,2016,natalia_rincon,17,2,50,25,14,2,15,media,exposed,hol_pas,holacanthus_passer,5,18
cabo_corrientes,parguera2,4,2016,natalia_rincon,17,2,50,25,14,2,15,media,exposed,par_col,paranthias_colonus,20,13
cabo_corrientes,parguera2,4,2016,natalia_rincon,17,2,50,25,14,2,15,media,exposed,cep_pan,cephalopholis_panamensis,2,25
cabo_corrientes,parguera2,4,2016,natalia_rincon,17,2,50,25,14,2,15,media,exposed,epi_lab,epinephelus_labriformis,1,25
cabo_corrientes,parguera2,4,2016,natalia_rincon,17,2,50,25,14,2,15,media,exposed,ste_aca,stegastes_acapulcoensis,1,13
cabo_corrientes,parguera2,4,2016,natalia_rincon,17,2,50,25,14,2,15,media,exposed,cir_oxy,cirrhitichthys_oxycephalus,1,3
cabo_corrientes,parguera2,4,2016,natalia_rincon,17,2,50,25,14,2,15,media,exposed,par_col,paranthias_colonus,50,8
cabo_corrientes,parguera2,4,2016,natalia_rincon,17,2,50,25,14,2,15,media,exposed,hol_pas,holacanthus_passer,1,18
cabo_corrientes,parguera2,4,2016,natalia_rincon,17,2,50,25,14,2,15,media,exposed,chr_atr,chromis_atrilobata,14,3
cabo_corrientes,parguera2,4,2016,natalia_rincon,17,2,50,25,14,2,15,media,exposed,lut_arg,lutjanus_argentiventris,1,35
cabo_corrientes,parguera2,4,2016,natalia_rincon,17,2,50,25,14,2,15,media,exposed,tha_luc,thalassoma_lucasanum,15,3
cabo_corrientes,parguera2,4,2016,natalia_rincon,17,2,50,25,14,2,15,media,exposed,bod_dip,bodianus_diplotaenia,1,25
cabo_corrientes,parguera2,4,2016,natalia_rincon,17,2,50,25,14,2,15,media,exposed,bod_dip,bodianus_diplotaenia,1,35
cabo_corrientes,parguera2,4,2016,natalia_rincon,17,2,50,25,14,2,15,media,exposed,bod_dip,bodianus_diplotaenia,11,8
cabo_corrientes,parguera2,4,2016,natalia_rincon,17,2,50,25,14,2,15,media,exposed,lut_arg,lutjanus_argentiventris,1,35
cabo_corrientes,parguera2,4,2016,natalia_rincon,17,2,50,25,14,2,15,media,exposed,zan_cor,zanclus_cornutus,2,18
cabo_corrientes,parguera2,4,2016,natalia_rincon,17,2,50,25,14,2,15,media,exposed,joh_nig,johnrandallia_nigrirostris,3,8
cabo_corrientes,parguera2,4,2016,natalia_rincon,17,2,50,25,14,2,15,media,exposed,ste_fla,stegastes_flavilatus,1,13
cabo_corrientes,ronosa,4,2016,luis_chasqui,18,4,50,26,15,3,10,ninguna,exposed,cep_pan,cephalopholis_panamensis,7,18
cabo_corrientes,ronosa,4,2016,luis_chasqui,18,4,50,26,15,3,10,ninguna,exposed,pla_aza,plagiotremus_azaleus,10,3
cabo_corrientes,ronosa,4,2016,luis_chasqui,18,4,50,26,15,3,10,ninguna,exposed,ste_fla,stegastes_flavilatus,10,8
cabo_corrientes,ronosa,4,2016,luis_chasqui,18,4,50,26,15,3,10,ninguna,exposed,car_cab,caranx_caballus,20,35
cabo_corrientes,ronosa,4,2016,luis_chasqui,18,4,50,26,15,3,10,ninguna,exposed,pse_nau,pseudobalistes_naufragium,3,35
cabo_corrientes,ronosa,4,2016,luis_chasqui,18,4,50,26,15,3,10,ninguna,exposed,joh_nig,johnrandallia_nigrirostris,1,3
cabo_corrientes,ronosa,4,2016,luis_chasqui,18,4,50,26,15,3,10,ninguna,exposed,joh_nig,johnrandallia_nigrirostris,4,13
cabo_corrientes,ronosa,4,2016,luis_chasqui,18,4,50,26,15,3,10,ninguna,exposed,bod_dip,bodianus_diplotaenia,20,3
cabo_corrientes,ronosa,4,2016,luis_chasqui,18,4,50,26,15,3,10,ninguna,exposed,bod_dip,bodianus_diplotaenia,1,18
cabo_corrientes,ronosa,4,2016,luis_chasqui,18,4,50,26,15,3,10,ninguna,exposed,bod_dip,bodianus_diplotaenia,1,25
cabo_corrientes,ronosa,4,2016,luis_chasqui,18,4,50,26,15,3,10,ninguna,exposed,bod_dip,bodianus_diplotaenia,1,35
cabo_corrientes,ronosa,4,2016,luis_chasqui,18,4,50,26,15,3,10,ninguna,exposed,hal_nic,halichoeres_nicholsi,3,13
cabo_corrientes,ronosa,4,2016,luis_chasqui,18,4,50,26,15,3,10,ninguna,exposed,hal_nic,halichoeres_nicholsi,1,25
cabo_corrientes,ronosa,4,2016,luis_chasqui,18,4,50,26,15,3,10,ninguna,exposed,suf_ver,sufflamen_verres,3,18
cabo_corrientes,ronosa,4,2016,luis_chasqui,18,4,50,26,15,3,10,ninguna,exposed,chr_atr,chromis_atrilobata,60,3
cabo_corrientes,ronosa,4,2016,luis_chasqui,18,4,50,26,15,3,10,ninguna,exposed,lut_gut,lutjanus_guttatus,1,25
cabo_corrientes,ronosa,4,2016,luis_chasqui,18,4,50,26,15,3,10,ninguna,exposed,tha_luc,thalassoma_lucasanum,20,3
cabo_corrientes,ronosa,4,2016,luis_chasqui,18,4,50,26,15,3,10,ninguna,exposed,lut_vir,lutjanus_viridis,1,18
cabo_corrientes,ronosa,4,2016,luis_chasqui,18,4,50,26,15,3,10,ninguna,exposed,aro_mel,arothron_meleagris,1,13
cabo_corrientes,ronosa,4,2016,luis_chasqui,18,4,50,26,15,3,10,ninguna,exposed,cir_riv,cirrhitus_rivulatus,1,18
cabo_corrientes,ronosa,4,2016,luis_chasqui,18,4,50,26,15,3,10,ninguna,exposed,epi_lab,epinephelus_labriformis,1,23
cabo_corrientes,ronosa,4,2016,luis_chasqui,18,4,50,26,15,3,10,ninguna,exposed,hol_pas,holacanthus_passer,2,13
cabo_corrientes,ronosa,4,2016,luis_chasqui,18,4,50,26,15,3,10,ninguna,exposed,can_pun,canthigaster_punctatissima,2,3
cabo_corrientes,ronosa,4,2016,luis_chasqui,18,4,50,26,15,3,10,ninguna,exposed,par_col,paranthias_colonus,10,3
cabo_corrientes,ronosa,4,2016,luis_chasqui,18,4,50,26,15,3,10,ninguna,exposed,lut_arg,lutjanus_argentiventris,1,18
cabo_corrientes,ronosa,4,2016,luis_chasqui,18,4,50,26,15,3,10,ninguna,exposed,apo_pac,apogon_pacificus,30,3
cabo_corrientes,ronosa,4,2016,luis_chasqui,18,4,50,26,15,3,10,ninguna,exposed,apo_pac,apogon_pacificus,2,8
cabo_corrientes,ronosa,4,2016,luis_chasqui,19,4,50,26,15,3,10,ninguna,exposed,bod_dip,bodianus_diplotaenia,1,13
cabo_corrientes,ronosa,4,2016,luis_chasqui,19,4,50,26,15,3,10,ninguna,exposed,can_pun,canthigaster_punctatissima,3,3
cabo_corrientes,ronosa,4,2016,luis_chasqui,19,4,50,26,15,3,10,ninguna,exposed,ste_fla,stegastes_flavilatus,10,8
cabo_corrientes,ronosa,4,2016,luis_chasqui,19,4,50,26,15,3,10,ninguna,exposed,ste_fla,stegastes_flavilatus,10,13
cabo_corrientes,ronosa,4,2016,luis_chasqui,19,4,50,26,15,3,10,ninguna,exposed,odo_xan,odontoscion_xanthops,3,13
cabo_corrientes,ronosa,4,2016,luis_chasqui,19,4,50,26,15,3,10,ninguna,exposed,bod_dip,bodianus_diplotaenia,2,25
cabo_corrientes,ronosa,4,2016,luis_chasqui,19,4,50,26,15,3,10,ninguna,exposed,bod_dip,bodianus_diplotaenia,2,18
cabo_corrientes,ronosa,4,2016,luis_chasqui,19,4,50,26,15,3,10,ninguna,exposed,pla_aza,plagiotremus_azaleus,12,3
cabo_corrientes,ronosa,4,2016,luis_chasqui,19,4,50,26,15,3,10,ninguna,exposed,cep_pan,cephalopholis_panamensis,3,8
cabo_corrientes,ronosa,4,2016,luis_chasqui,19,4,50,26,15,3,10,ninguna,exposed,cep_pan,cephalopholis_panamensis,5,18
cabo_corrientes,ronosa,4,2016,luis_chasqui,19,4,50,26,15,3,10,ninguna,exposed,cep_pan,cephalopholis_panamensis,1,25
cabo_corrientes,ronosa,4,2016,luis_chasqui,19,4,50,26,15,3,10,ninguna,exposed,tha_luc,thalassoma_lucasanum,20,3
cabo_corrientes,ronosa,4,2016,luis_chasqui,19,4,50,26,15,3,10,ninguna,exposed,hal_nic,halichoeres_nicholsi,2,13
cabo_corrientes,ronosa,4,2016,luis_chasqui,19,4,50,26,15,3,10,ninguna,exposed,hal_nic,halichoeres_nicholsi,3,18
cabo_corrientes,ronosa,4,2016,luis_chasqui,19,4,50,26,15,3,10,ninguna,exposed,hal_nic,halichoeres_nicholsi,2,25
cabo_corrientes,ronosa,4,2016,luis_chasqui,19,4,50,26,15,3,10,ninguna,exposed,hol_pas,holacanthus_passer,1,18
cabo_corrientes,ronosa,4,2016,luis_chasqui,19,4,50,26,15,3,10,ninguna,exposed,lut_arg,lutjanus_argentiventris,7,18
cabo_corrientes,ronosa,4,2016,luis_chasqui,19,4,50,26,15,3,10,ninguna,exposed,lut_arg,lutjanus_argentiventris,1,25
cabo_corrientes,ronosa,4,2016,luis_chasqui,19,4,50,26,15,3,10,ninguna,exposed,epi_lab,epinephelus_labriformis,2,25
cabo_corrientes,ronosa,4,2016,luis_chasqui,19,4,50,26,15,3,10,ninguna,exposed,cir_riv,cirrhitus_rivulatus,1,25
cabo_corrientes,ronosa,4,2016,luis_chasqui,19,4,50,26,15,3,10,ninguna,exposed,epi_lab,epinephelus_labriformis,3,18
cabo_corrientes,ronosa,4,2016,luis_chasqui,19,4,50,26,15,3,10,ninguna,exposed,epi_lab,epinephelus_labriformis,4,13
cabo_corrientes,ronosa,4,2016,luis_chasqui,19,4,50,26,15,3,10,ninguna,exposed,sar_sub,sargocentron_suborbitalis,2,18
cabo_corrientes,ronosa,4,2016,luis_chasqui,19,4,50,26,15,3,10,ninguna,exposed,myr_lei,myripristis_leiognathus,3,13
cabo_corrientes,ronosa,4,2016,luis_chasqui,19,4,50,26,15,3,10,ninguna,exposed,cir_oxy,cirrhitichthys_oxycephalus,10,3
cabo_corrientes,ronosa,4,2016,luis_chasqui,20,4,50,26,12,3,10,ninguna,exposed,cep_pan,cephalopholis_panamensis,9,18
cabo_corrientes,ronosa,4,2016,luis_chasqui,20,4,50,26,12,3,10,ninguna,exposed,abu_tro,abudefduf_troschelii,1,13
cabo_corrientes,ronosa,4,2016,luis_chasqui,20,4,50,26,12,3,10,ninguna,exposed,bod_dip,bodianus_diplotaenia,2,18
cabo_corrientes,ronosa,4,2016,luis_chasqui,20,4,50,26,12,3,10,ninguna,exposed,ste_fla,stegastes_flavilatus,10,8
cabo_corrientes,ronosa,4,2016,luis_chasqui,20,4,50,26,12,3,10,ninguna,exposed,chr_atr,chromis_atrilobata,100,3
cabo_corrientes,ronosa,4,2016,luis_chasqui,20,4,50,26,12,3,10,ninguna,exposed,hol_pas,holacanthus_passer,1,25
cabo_corrientes,ronosa,4,2016,luis_chasqui,20,4,50,26,12,3,10,ninguna,exposed,hol_pas,holacanthus_passer,1,13
cabo_corrientes,ronosa,4,2016,luis_chasqui,20,4,50,26,12,3,10,ninguna,exposed,odo_xan,odontoscion_xanthops,1,18
cabo_corrientes,ronosa,4,2016,luis_chasqui,20,4,50,26,12,3,10,ninguna,exposed,bod_dip,bodianus_diplotaenia,1,13
cabo_corrientes,ronosa,4,2016,luis_chasqui,20,4,50,26,12,3,10,ninguna,exposed,joh_nig,johnrandallia_nigrirostris,2,3
cabo_corrientes,ronosa,4,2016,luis_chasqui,20,4,50,26,12,3,10,ninguna,exposed,lut_vir,lutjanus_viridis,12,13
cabo_corrientes,ronosa,4,2016,luis_chasqui,20,4,50,26,12,3,10,ninguna,exposed,hal_nic,halichoeres_nicholsi,2,13
cabo_corrientes,ronosa,4,2016,luis_chasqui,20,4,50,26,12,3,10,ninguna,exposed,suf_ver,sufflamen_verres,3,18
cabo_corrientes,ronosa,4,2016,luis_chasqui,20,4,50,26,12,3,10,ninguna,exposed,pse_nau,pseudobalistes_naufragium,1,35
cabo_corrientes,ronosa,4,2016,luis_chasqui,20,4,50,26,12,3,10,ninguna,exposed,lut_arg,lutjanus_argentiventris,2,18
cabo_corrientes,ronosa,4,2016,luis_chasqui,20,4,50,26,12,3,10,ninguna,exposed,hal_dis,halichoeres_dispilus,1,13
cabo_corrientes,ronosa,4,2016,luis_chasqui,20,4,50,26,12,3,10,ninguna,exposed,sar_sub,sargocentron_suborbitalis,2,18
cabo_corrientes,ronosa,4,2016,luis_chasqui,20,4,50,26,12,3,10,ninguna,exposed,aca_xan,acanthurus_xanthopterus,1,25
cabo_corrientes,ronosa,4,2016,luis_chasqui,20,4,50,26,12,3,10,ninguna,exposed,can_pun,canthigaster_punctatissima,4,3
cabo_corrientes,ronosa,4,2016,luis_chasqui,20,4,50,26,12,3,10,ninguna,exposed,epi_lab,epinephelus_labriformis,1,18
cabo_corrientes,ronosa,4,2016,luis_chasqui,20,4,50,26,12,3,10,ninguna,exposed,cir_oxy,cirrhitichthys_oxycephalus,4,3
cabo_corrientes,ronosa,4,2016,luis_chasqui,20,4,50,26,12,3,10,ninguna,exposed,tha_luc,thalassoma_lucasanum,20,3
cabo_corrientes,ronosa,4,2016,luis_chasqui,20,4,50,26,12,3,10,ninguna,exposed,hal_dis,halichoeres_dispilus,30,3
cabo_corrientes,ronosa,4,2016,luis_chasqui,20,4,50,26,12,3,10,ninguna,exposed,par_col,paranthias_colonus,20,3
cabo_corrientes,ronosa,4,2016,luis_chasqui,20,4,50,26,12,3,10,ninguna,exposed,par_col,paranthias_colonus,10,8
cabo_corrientes,ronosa,4,2016,luis_chasqui,21,4,50,26,12,3,5,ninguna,exposed,epi_lab,epinephelus_labriformis,6,13
cabo_corrientes,ronosa,4,2016,luis_chasqui,21,4,50,26,12,3,5,ninguna,exposed,epi_lab,epinephelus_labriformis,2,25
cabo_corrientes,ronosa,4,2016,luis_chasqui,21,4,50,26,12,3,5,ninguna,exposed,ste_fla,stegastes_flavilatus,10,8
cabo_corrientes,ronosa,4,2016,luis_chasqui,21,4,50,26,12,3,5,ninguna,exposed,par_col,paranthias_colonus,5,8
cabo_corrientes,ronosa,4,2016,luis_chasqui,21,4,50,26,12,3,5,ninguna,exposed,cep_pan,cephalopholis_panamensis,5,18
cabo_corrientes,ronosa,4,2016,luis_chasqui,21,4,50,26,12,3,5,ninguna,exposed,cep_pan,cephalopholis_panamensis,5,13
cabo_corrientes,ronosa,4,2016,luis_chasqui,21,4,50,26,12,3,5,ninguna,exposed,hal_nic,halichoeres_nicholsi,2,13
cabo_corrientes,ronosa,4,2016,luis_chasqui,21,4,50,26,12,3,5,ninguna,exposed,bod_dip,bodianus_diplotaenia,3,18
cabo_corrientes,ronosa,4,2016,luis_chasqui,21,4,50,26,12,3,5,ninguna,exposed,bod_dip,bodianus_diplotaenia,1,13
cabo_corrientes,ronosa,4,2016,luis_chasqui,21,4,50,26,12,3,5,ninguna,exposed,lut_gut,lutjanus_guttatus,3,18
cabo_corrientes,ronosa,4,2016,luis_chasqui,21,4,50,26,12,3,5,ninguna,exposed,cir_oxy,cirrhitichthys_oxycephalus,3,3
cabo_corrientes,ronosa,4,2016,luis_chasqui,21,4,50,26,12,3,5,ninguna,exposed,can_pun,canthigaster_punctatissima,5,3
cabo_corrientes,ronosa,4,2016,luis_chasqui,21,4,50,26,12,3,5,ninguna,exposed,myc_xen,mycteroperca_xenarcha,1,25
cabo_corrientes,ronosa,4,2016,luis_chasqui,21,4,50,26,12,3,5,ninguna,exposed,abu_tro,abudefduf_troschelii,1,13
cabo_corrientes,ronosa,4,2016,luis_chasqui,21,4,50,26,12,3,5,ninguna,exposed,hol_pas,holacanthus_passer,1,13
cabo_corrientes,ronosa,4,2016,luis_chasqui,21,4,50,26,12,3,5,ninguna,exposed,hol_pas,holacanthus_passer,1,8
cabo_corrientes,ronosa,4,2016,luis_chasqui,21,4,50,26,12,3,5,ninguna,exposed,lut_vir,lutjanus_viridis,1,8
cabo_corrientes,ronosa,4,2016,luis_chasqui,21,4,50,26,12,3,5,ninguna,exposed,tha_luc,thalassoma_lucasanum,20,3
cabo_corrientes,ronosa,4,2016,luis_chasqui,21,4,50,26,12,3,5,ninguna,exposed,pla_aza,plagiotremus_azaleus,4,3
cabo_corrientes,ronosa,4,2016,luis_chasqui,21,4,50,26,12,3,5,ninguna,exposed,odo_xan,odontoscion_xanthops,1,18
cabo_corrientes,ronosa,4,2016,luis_chasqui,21,4,50,26,12,3,5,ninguna,exposed,chr_atr,chromis_atrilobata,100,3
cabo_corrientes,ronosa,4,2016,luis_chasqui,21,4,50,26,12,3,5,ninguna,exposed,hal_nic,halichoeres_nicholsi,1,25
cabo_corrientes,ronosa,4,2016,luis_chasqui,22,4,50,26,9,3,5,ninguna,exposed,cep_pan,cephalopholis_panamensis,1,18
cabo_corrientes,ronosa,4,2016,luis_chasqui,22,4,50,26,9,3,5,ninguna,exposed,cep_pan,cephalopholis_panamensis,2,25
cabo_corrientes,ronosa,4,2016,luis_chasqui,22,4,50,26,9,3,5,ninguna,exposed,cep_pan,cephalopholis_panamensis,1,13
cabo_corrientes,ronosa,4,2016,luis_chasqui,22,4,50,26,9,3,5,ninguna,exposed,tha_luc,thalassoma_lucasanum,1,8
cabo_corrientes,ronosa,4,2016,luis_chasqui,22,4,50,26,9,3,5,ninguna,exposed,tha_luc,thalassoma_lucasanum,100,3
cabo_corrientes,ronosa,4,2016,luis_chasqui,22,4,50,26,9,3,5,ninguna,exposed,lut_vir,lutjanus_viridis,1,13
cabo_corrientes,ronosa,4,2016,luis_chasqui,22,4,50,26,9,3,5,ninguna,exposed,ost_mel,ostracion_meleagris,1,13
cabo_corrientes,ronosa,4,2016,luis_chasqui,22,4,50,26,9,3,5,ninguna,exposed,epi_lab,epinephelus_labriformis,1,25
cabo_corrientes,ronosa,4,2016,luis_chasqui,22,4,50,26,9,3,5,ninguna,exposed,ste_aca,stegastes_acapulcoensis,7,13
cabo_corrientes,ronosa,4,2016,luis_chasqui,22,4,50,26,9,3,5,ninguna,exposed,hol_pas,holacanthus_passer,4,13
cabo_corrientes,ronosa,4,2016,luis_chasqui,22,4,50,26,9,3,5,ninguna,exposed,hol_pas,holacanthus_passer,2,18
cabo_corrientes,ronosa,4,2016,luis_chasqui,22,4,50,26,9,3,5,ninguna,exposed,cir_riv,cirrhitus_rivulatus,1,25
cabo_corrientes,ronosa,4,2016,luis_chasqui,22,4,50,26,9,3,5,ninguna,exposed,cir_riv,cirrhitus_rivulatus,4,13
cabo_corrientes,ronosa,4,2016,luis_chasqui,22,4,50,26,9,3,5,ninguna,exposed,hal_nic,halichoeres_nicholsi,1,18
cabo_corrientes,ronosa,4,2016,luis_chasqui,22,4,50,26,9,3,5,ninguna,exposed,aro_mel,arothron_meleagris,1,25
cabo_corrientes,ronosa,4,2016,luis_chasqui,22,4,50,26,9,3,5,ninguna,exposed,chi_ret,chilomycterus_reticulatus,1,45
cabo_corrientes,ronosa,4,2016,luis_chasqui,22,4,50,26,9,3,5,ninguna,exposed,ani_int,anisotremus_interruptus,1,35
cabo_corrientes,ronosa,4,2016,luis_chasqui,22,4,50,26,9,3,5,ninguna,exposed,lut_nov,lutjanus_novemfasciatus,1,35
cabo_corrientes,ronosa,4,2016,luis_chasqui,22,4,50,26,9,3,5,ninguna,exposed,ani_cae,anisotremus_caesius,2,25
cabo_corrientes,ronosa,4,2016,luis_chasqui,22,4,50,26,9,3,5,ninguna,exposed,bod_dip,bodianus_diplotaenia,2,35
cabo_corrientes,ronosa,4,2016,luis_chasqui,22,4,50,26,9,3,5,ninguna,exposed,joh_nig,johnrandallia_nigrirostris,5,8
cabo_corrientes,ronosa,4,2016,luis_chasqui,22,4,50,26,9,3,5,ninguna,exposed,sar_sub,sargocentron_suborbitalis,2,18
cabo_corrientes,ronosa,4,2016,luis_chasqui,22,4,50,26,9,3,5,ninguna,exposed,aro_mel,arothron_meleagris,1,18
cabo_corrientes,ronosa,4,2016,luis_chasqui,22,4,50,26,9,3,5,ninguna,exposed,suf_ver,sufflamen_verres,1,3
cabo_corrientes,ronosa,4,2016,luis_chasqui,22,4,50,26,9,3,5,ninguna,exposed,mic_dor,microspathodon_dorsalis,4,18
cabo_corrientes,ronosa,4,2016,luis_chasqui,22,4,50,26,9,3,5,ninguna,exposed,lut_arg,lutjanus_argentiventris,2,25
cabo_corrientes,ronosa,4,2016,luis_chasqui,22,4,50,26,9,3,5,ninguna,exposed,abu_tro,abudefduf_troschelii,20,13
cabo_corrientes,ronosa,4,2016,luis_chasqui,22,4,50,26,9,3,5,ninguna,exposed,can_pun,canthigaster_punctatissima,1,3
cabo_corrientes,ronosa,4,2016,luis_chasqui,22,4,50,26,9,3,5,ninguna,exposed,sco_mys,scorpaena_mystes,2,35
cabo_corrientes,ronosa,4,2016,luis_chasqui,23,4,50,26,9,3,5,ninguna,exposed,bod_dip,bodianus_diplotaenia,5,13
cabo_corrientes,ronosa,4,2016,luis_chasqui,23,4,50,26,9,3,5,ninguna,exposed,bod_dip,bodianus_diplotaenia,1,3
cabo_corrientes,ronosa,4,2016,luis_chasqui,23,4,50,26,9,3,5,ninguna,exposed,bod_dip,bodianus_diplotaenia,3,35
cabo_corrientes,ronosa,4,2016,luis_chasqui,23,4,50,26,9,3,5,ninguna,exposed,bod_dip,bodianus_diplotaenia,1,18
cabo_corrientes,ronosa,4,2016,luis_chasqui,23,4,50,26,9,3,5,ninguna,exposed,hol_pas,holacanthus_passer,5,18
cabo_corrientes,ronosa,4,2016,luis_chasqui,23,4,50,26,9,3,5,ninguna,exposed,hol_pas,holacanthus_passer,2,25
cabo_corrientes,ronosa,4,2016,luis_chasqui,23,4,50,26,9,3,5,ninguna,exposed,can_pun,canthigaster_punctatissima,6,3
cabo_corrientes,ronosa,4,2016,luis_chasqui,23,4,50,26,9,3,5,ninguna,exposed,abu_tro,abudefduf_troschelii,20,13
cabo_corrientes,ronosa,4,2016,luis_chasqui,23,4,50,26,9,3,5,ninguna,exposed,cep_pan,cephalopholis_panamensis,5,18
cabo_corrientes,ronosa,4,2016,luis_chasqui,23,4,50,26,9,3,5,ninguna,exposed,cep_pan,cephalopholis_panamensis,5,13
cabo_corrientes,ronosa,4,2016,luis_chasqui,23,4,50,26,9,3,5,ninguna,exposed,epi_lab,epinephelus_labriformis,5,25
cabo_corrientes,ronosa,4,2016,luis_chasqui,23,4,50,26,9,3,5,ninguna,exposed,epi_lab,epinephelus_labriformis,5,18
cabo_corrientes,ronosa,4,2016,luis_chasqui,23,4,50,26,9,3,5,ninguna,exposed,cir_riv,cirrhitus_rivulatus,1,35
cabo_corrientes,ronosa,4,2016,luis_chasqui,23,4,50,26,9,3,5,ninguna,exposed,cir_riv,cirrhitus_rivulatus,1,25
cabo_corrientes,ronosa,4,2016,luis_chasqui,23,4,50,26,9,3,5,ninguna,exposed,cir_riv,cirrhitus_rivulatus,1,18
cabo_corrientes,ronosa,4,2016,luis_chasqui,23,4,50,26,9,3,5,ninguna,exposed,chi_ret,chilomycterus_reticulatus,1,35
cabo_corrientes,ronosa,4,2016,luis_chasqui,23,4,50,26,9,3,5,ninguna,exposed,sar_sub,sargocentron_suborbitalis,2,18
cabo_corrientes,ronosa,4,2016,luis_chasqui,23,4,50,26,9,3,5,ninguna,exposed,lut_ine,lutjanus_inermis,20,13
cabo_corrientes,ronosa,4,2016,luis_chasqui,23,4,50,26,9,3,5,ninguna,exposed,lut_vir,lutjanus_viridis,5,13
cabo_corrientes,ronosa,4,2016,luis_chasqui,23,4,50,26,9,3,5,ninguna,exposed,lut_vir,lutjanus_viridis,1,18
cabo_corrientes,ronosa,4,2016,luis_chasqui,23,4,50,26,9,3,5,ninguna,exposed,hal_nic,halichoeres_nicholsi,1,18
cabo_corrientes,ronosa,4,2016,luis_chasqui,23,4,50,26,9,3,5,ninguna,exposed,hal_nic,halichoeres_nicholsi,3,13
cabo_corrientes,ronosa,4,2016,luis_chasqui,23,4,50,26,9,3,5,ninguna,exposed,chr_atr,chromis_atrilobata,100,3
cabo_corrientes,ronosa,4,2016,luis_chasqui,23,4,50,26,9,3,5,ninguna,exposed,gym_cas,gymnothorax_castaneus,1,45
cabo_corrientes,ronosa,4,2016,luis_chasqui,23,4,50,26,9,3,5,ninguna,exposed,lut_arg,lutjanus_argentiventris,1,18
cabo_corrientes,ronosa,4,2016,luis_chasqui,23,4,50,26,9,3,5,ninguna,exposed,zan_cor,zanclus_cornutus,3,18
cabo_corrientes,ronosa,4,2016,natalia_rincon,24,4,50,26,15,3,10,ninguna,exposed,chr_atr,chromis_atrilobata,114,3
cabo_corrientes,ronosa,4,2016,natalia_rincon,24,4,50,26,15,3,10,ninguna,exposed,lut_arg,lutjanus_argentiventris,1,13
cabo_corrientes,ronosa,4,2016,natalia_rincon,24,4,50,26,15,3,10,ninguna,exposed,car_cab,caranx_caballus,61,25
cabo_corrientes,ronosa,4,2016,natalia_rincon,24,4,50,26,15,3,10,ninguna,exposed,mul_den,mulloidichthys_dentatus,4,25
cabo_corrientes,ronosa,4,2016,natalia_rincon,24,4,50,26,15,3,10,ninguna,exposed,suf_ver,sufflamen_verres,2,13
cabo_corrientes,ronosa,4,2016,natalia_rincon,24,4,50,26,15,3,10,ninguna,exposed,bod_dip,bodianus_diplotaenia,2,18
cabo_corrientes,ronosa,4,2016,natalia_rincon,24,4,50,26,15,3,10,ninguna,exposed,cep_pan,cephalopholis_panamensis,2,18
cabo_corrientes,ronosa,4,2016,natalia_rincon,24,4,50,26,15,3,10,ninguna,exposed,hol_pas,holacanthus_passer,4,18
cabo_corrientes,ronosa,4,2016,natalia_rincon,24,4,50,26,15,3,10,ninguna,exposed,bod_dip,bodianus_diplotaenia,2,3
cabo_corrientes,ronosa,4,2016,natalia_rincon,24,4,50,26,15,3,10,ninguna,exposed,hal_nic,halichoeres_nicholsi,2,13
cabo_corrientes,ronosa,4,2016,natalia_rincon,24,4,50,26,15,3,10,ninguna,exposed,tha_luc,thalassoma_lucasanum,28,3
cabo_corrientes,ronosa,4,2016,natalia_rincon,24,4,50,26,15,3,10,ninguna,exposed,lut_arg,lutjanus_argentiventris,3,13
cabo_corrientes,ronosa,4,2016,natalia_rincon,24,4,50,26,15,3,10,ninguna,exposed,ani_tae,anisotremus_taeniatus,1,13
cabo_corrientes,ronosa,4,2016,natalia_rincon,24,4,50,26,15,3,10,ninguna,exposed,abu_tro,abudefduf_troschelii,2,13
cabo_corrientes,ronosa,4,2016,natalia_rincon,24,4,50,26,15,3,10,ninguna,exposed,cep_pan,cephalopholis_panamensis,2,13
cabo_corrientes,ronosa,4,2016,natalia_rincon,24,4,50,26,15,3,10,ninguna,exposed,ste_fla,stegastes_flavilatus,3,13
cabo_corrientes,ronosa,4,2016,natalia_rincon,24,4,50,26,15,3,10,ninguna,exposed,bod_dip,bodianus_diplotaenia,1,8
cabo_corrientes,ronosa,4,2016,natalia_rincon,24,4,50,26,15,3,10,ninguna,exposed,hol_pas,holacanthus_passer,2,25
cabo_corrientes,ronosa,4,2016,natalia_rincon,24,4,50,26,15,3,10,ninguna,exposed,bod_dip,bodianus_diplotaenia,1,25
cabo_corrientes,ronosa,4,2016,natalia_rincon,24,4,50,26,15,3,10,ninguna,exposed,par_col,paranthias_colonus,2,3
cabo_corrientes,ronosa,4,2016,natalia_rincon,24,4,50,26,15,3,10,ninguna,exposed,can_pun,canthigaster_punctatissima,2,3
cabo_corrientes,ronosa,4,2016,natalia_rincon,24,4,50,26,15,3,10,ninguna,exposed,aca_xan,acanthurus_xanthopterus,1,25
cabo_corrientes,ronosa,4,2016,natalia_rincon,25,4,50,26,14,3,10,ninguna,exposed,chr_atr,chromis_atrilobata,41,3
cabo_corrientes,ronosa,4,2016,natalia_rincon,25,4,50,26,14,3,10,ninguna,exposed,suf_ver,sufflamen_verres,3,13
cabo_corrientes,ronosa,4,2016,natalia_rincon,25,4,50,26,14,3,10,ninguna,exposed,cep_pan,cephalopholis_panamensis,3,25
cabo_corrientes,ronosa,4,2016,natalia_rincon,25,4,50,26,14,3,10,ninguna,exposed,bod_dip,bodianus_diplotaenia,3,13
cabo_corrientes,ronosa,4,2016,natalia_rincon,25,4,50,26,14,3,10,ninguna,exposed,bod_dip,bodianus_diplotaenia,1,8
cabo_corrientes,ronosa,4,2016,natalia_rincon,25,4,50,26,14,3,10,ninguna,exposed,hol_pas,holacanthus_passer,5,8
cabo_corrientes,ronosa,4,2016,natalia_rincon,25,4,50,26,14,3,10,ninguna,exposed,tha_luc,thalassoma_lucasanum,37,3
cabo_corrientes,ronosa,4,2016,natalia_rincon,25,4,50,26,14,3,10,ninguna,exposed,pla_aza,plagiotremus_azaleus,3,3
cabo_corrientes,ronosa,4,2016,natalia_rincon,25,4,50,26,14,3,10,ninguna,exposed,bod_dip,bodianus_diplotaenia,2,18
cabo_corrientes,ronosa,4,2016,natalia_rincon,25,4,50,26,14,3,10,ninguna,exposed,abu_tro,abudefduf_troschelii,12,13
cabo_corrientes,ronosa,4,2016,natalia_rincon,25,4,50,26,14,3,10,ninguna,exposed,myc_xen,mycteroperca_xenarcha,1,25
cabo_corrientes,ronosa,4,2016,natalia_rincon,25,4,50,26,14,3,10,ninguna,exposed,hal_nic,halichoeres_nicholsi,6,8
cabo_corrientes,ronosa,4,2016,natalia_rincon,25,4,50,26,14,3,10,ninguna,exposed,epi_lab,epinephelus_labriformis,2,18
cabo_corrientes,ronosa,4,2016,natalia_rincon,25,4,50,26,14,3,10,ninguna,exposed,cir_oxy,cirrhitichthys_oxycephalus,2,3
cabo_corrientes,ronosa,4,2016,natalia_rincon,25,4,50,26,14,3,10,ninguna,exposed,ste_fla,stegastes_flavilatus,1,13
cabo_corrientes,ronosa,4,2016,natalia_rincon,26,4,50,27,10,3,10,ninguna,exposed,ste_fla,stegastes_flavilatus,1,3
cabo_corrientes,ronosa,4,2016,natalia_rincon,26,4,50,27,10,3,10,ninguna,exposed,chr_atr,chromis_atrilobata,47,3
cabo_corrientes,ronosa,4,2016,natalia_rincon,26,4,50,27,10,3,10,ninguna,exposed,bod_dip,bodianus_diplotaenia,1,8
cabo_corrientes,ronosa,4,2016,natalia_rincon,26,4,50,27,10,3,10,ninguna,exposed,suf_ver,sufflamen_verres,2,13
cabo_corrientes,ronosa,4,2016,natalia_rincon,26,4,50,27,10,3,10,ninguna,exposed,zan_cor,zanclus_cornutus,3,18
cabo_corrientes,ronosa,4,2016,natalia_rincon,26,4,50,27,10,3,10,ninguna,exposed,tha_luc,thalassoma_lucasanum,47,3
cabo_corrientes,ronosa,4,2016,natalia_rincon,26,4,50,27,10,3,10,ninguna,exposed,cep_pan,cephalopholis_panamensis,2,25
cabo_corrientes,ronosa,4,2016,natalia_rincon,26,4,50,27,10,3,10,ninguna,exposed,ste_fla,stegastes_flavilatus,1,8
cabo_corrientes,ronosa,4,2016,natalia_rincon,26,4,50,27,10,3,10,ninguna,exposed,par_col,paranthias_colonus,2,8
cabo_corrientes,ronosa,4,2016,natalia_rincon,26,4,50,27,10,3,10,ninguna,exposed,par_col,paranthias_colonus,5,3
cabo_corrientes,ronosa,4,2016,natalia_rincon,26,4,50,27,10,3,10,ninguna,exposed,oph_ste,ophioblennius_steindachneri,2,8
cabo_corrientes,ronosa,4,2016,natalia_rincon,26,4,50,27,10,3,10,ninguna,exposed,hol_pas,holacanthus_passer,2,13
cabo_corrientes,ronosa,4,2016,natalia_rincon,26,4,50,27,10,3,10,ninguna,exposed,hol_pas,holacanthus_passer,3,3
cabo_corrientes,ronosa,4,2016,natalia_rincon,26,4,50,27,10,3,10,ninguna,exposed,hal_not,halichoeres_notospilus,2,8
cabo_corrientes,ronosa,4,2016,natalia_rincon,26,4,50,27,10,3,10,ninguna,exposed,mal_ebi,malacoctenus_ebisui,1,3
cabo_corrientes,ronosa,4,2016,natalia_rincon,26,4,50,27,10,3,10,ninguna,exposed,joh_nig,johnrandallia_nigrirostris,6,8
cabo_corrientes,ronosa,4,2016,natalia_rincon,26,4,50,27,10,3,10,ninguna,exposed,ste_fla,stegastes_flavilatus,2,3
cabo_corrientes,ronosa,4,2016,natalia_rincon,26,4,50,27,10,3,10,ninguna,exposed,epi_lab,epinephelus_labriformis,1,18
cabo_corrientes,ronosa,4,2016,natalia_rincon,26,4,50,27,10,3,10,ninguna,exposed,bod_dip,bodianus_diplotaenia,1,25
cabo_corrientes,ronosa,4,2016,natalia_rincon,26,4,50,27,10,3,10,ninguna,exposed,aca_nig,acanthurus_nigricans,4,8
cabo_corrientes,ronosa,4,2016,natalia_rincon,26,4,50,27,10,3,10,ninguna,exposed,ani_tae,anisotremus_taeniatus,1,18
cabo_corrientes,ronosa,4,2016,natalia_rincon,26,4,50,27,10,3,10,ninguna,exposed,lut_arg,lutjanus_argentiventris,1,18
cabo_corrientes,ronosa,4,2016,natalia_rincon,26,4,50,27,10,3,10,ninguna,exposed,mic_dor,microspathodon_dorsalis,2,18
cabo_corrientes,ronosa,4,2016,natalia_rincon,26,4,50,27,10,3,10,ninguna,exposed,ste_aca,stegastes_acapulcoensis,3,8
cabo_corrientes,ronosa,4,2016,natalia_rincon,26,4,50,27,10,3,10,ninguna,exposed,ste_aca,stegastes_acapulcoensis,1,13
cabo_corrientes,ronosa,4,2016,natalia_rincon,26,4,50,27,10,3,10,ninguna,exposed,hal_chi,halichoeres_chierchiae,2,13
cabo_corrientes,ronosa,4,2016,natalia_rincon,26,4,50,27,10,3,10,ninguna,exposed,par_col,paranthias_colonus,1,8
cabo_corrientes,ronosa,4,2016,natalia_rincon,26,4,50,27,10,3,10,ninguna,exposed,abu_tro,abudefduf_troschelii,8,13
cabo_corrientes,ronosa,4,2016,natalia_rincon,26,4,50,27,10,3,10,ninguna,exposed,aro_mel,arothron_meleagris,2,18
cabo_corrientes,ronosa,4,2016,natalia_rincon,26,4,50,27,10,3,10,ninguna,exposed,hol_pas,holacanthus_passer,1,18
cabo_corrientes,ronosa,4,2016,natalia_rincon,26,4,50,27,10,3,10,ninguna,exposed,pla_aza,plagiotremus_azaleus,2,3
cabo_corrientes,ronosa,4,2016,natalia_rincon,26,4,50,27,10,3,10,ninguna,exposed,nov_tae,novaculichthys_taeniourus,1,18
cabo_corrientes,ronosa,4,2016,natalia_rincon,26,4,50,27,10,3,10,ninguna,exposed,aro_mel,arothron_meleagris,1,25
cabo_corrientes,ronosa,4,2016,natalia_rincon,26,4,50,27,10,3,10,ninguna,exposed,pom_zon,pomacanthus_zonipectus,2,18
cabo_corrientes,piedra_colo,4,2016,luis_chasqui,51,8,50,24,13,2,20,suave,exposed,hal_nic,halichoeres_nicholsi,1,13
cabo_corrientes,piedra_colo,4,2016,luis_chasqui,51,8,50,24,13,2,20,suave,exposed,epi_lab,epinephelus_labriformis,4,25
cabo_corrientes,piedra_colo,4,2016,luis_chasqui,51,8,50,24,13,2,20,suave,exposed,epi_lab,epinephelus_labriformis,3,13
cabo_corrientes,piedra_colo,4,2016,luis_chasqui,51,8,50,24,13,2,20,suave,exposed,ste_fla,stegastes_flavilatus,2,3
cabo_corrientes,piedra_colo,4,2016,luis_chasqui,51,8,50,24,13,2,20,suave,exposed,aul_chi,aulostomus_chinensis,1,18
cabo_corrientes,piedra_colo,4,2016,luis_chasqui,51,8,50,24,13,2,20,suave,exposed,hol_pas,holacanthus_passer,1,13
cabo_corrientes,piedra_colo,4,2016,luis_chasqui,51,8,50,24,13,2,20,suave,exposed,par_col,paranthias_colonus,20,18
cabo_corrientes,piedra_colo,4,2016,luis_chasqui,51,8,50,24,13,2,20,suave,exposed,hae_mac,haemulon_maculicauda,100,8
cabo_corrientes,piedra_colo,4,2016,luis_chasqui,51,8,50,24,13,2,20,suave,exposed,aca_xan,acanthurus_xanthopterus,2,25
cabo_corrientes,piedra_colo,4,2016,luis_chasqui,51,8,50,24,13,2,20,suave,exposed,hae_fla,haemulon_flaviguttatum,50,18
cabo_corrientes,piedra_colo,4,2016,luis_chasqui,51,8,50,24,13,2,20,suave,exposed,suf_ver,sufflamen_verres,1,18
cabo_corrientes,piedra_colo,4,2016,luis_chasqui,51,8,50,24,13,2,20,suave,exposed,suf_ver,sufflamen_verres,5,13
cabo_corrientes,piedra_colo,4,2016,luis_chasqui,51,8,50,24,13,2,20,suave,exposed,suf_ver,sufflamen_verres,1,8
cabo_corrientes,piedra_colo,4,2016,luis_chasqui,51,8,50,24,13,2,20,suave,exposed,cep_pan,cephalopholis_panamensis,4,18
cabo_corrientes,piedra_colo,4,2016,luis_chasqui,51,8,50,24,13,2,20,suave,exposed,mul_den,mulloidichthys_dentatus,10,13
cabo_corrientes,piedra_colo,4,2016,luis_chasqui,51,8,50,24,13,2,20,suave,exposed,cep_pan,cephalopholis_panamensis,1,25
cabo_corrientes,piedra_colo,4,2016,luis_chasqui,51,8,50,24,13,2,20,suave,exposed,pla_aza,plagiotremus_azaleus,10,3
cabo_corrientes,piedra_colo,4,2016,luis_chasqui,51,8,50,24,13,2,20,suave,exposed,tha_luc,thalassoma_lucasanum,50,8
cabo_corrientes,piedra_colo,4,2016,luis_chasqui,51,8,50,24,13,2,20,suave,exposed,chr_atr,chromis_atrilobata,200,3
cabo_corrientes,piedra_colo,4,2016,luis_chasqui,51,8,50,24,13,2,20,suave,exposed,tha_luc,thalassoma_lucasanum,2,13
cabo_corrientes,piedra_colo,4,2016,luis_chasqui,51,8,50,24,13,2,20,suave,exposed,lut_arg,lutjanus_argentiventris,1,18
cabo_corrientes,piedra_colo,4,2016,luis_chasqui,51,8,50,24,13,2,20,suave,exposed,par_col,paranthias_colonus,100,8
cabo_corrientes,piedra_colo,4,2016,luis_chasqui,51,8,50,24,13,2,20,suave,exposed,can_pun,canthigaster_punctatissima,2,3
cabo_corrientes,piedra_colo,4,2016,luis_chasqui,51,8,50,24,13,2,20,suave,exposed,lut_ine,lutjanus_inermis,10,8
cabo_corrientes,piedra_colo,4,2016,luis_chasqui,51,8,50,24,13,2,20,suave,exposed,hal_dis,halichoeres_dispilus,30,8
cabo_corrientes,piedra_colo,4,2016,luis_chasqui,51,8,50,24,13,2,20,suave,exposed,bod_dip,bodianus_diplotaenia,4,18
cabo_corrientes,piedra_colo,4,2016,luis_chasqui,52,8,50,24,14,2,20,suave,exposed,cir_oxy,cirrhitichthys_oxycephalus,5,3
cabo_corrientes,piedra_colo,4,2016,luis_chasqui,52,8,50,24,14,2,20,suave,exposed,joh_nig,johnrandallia_nigrirostris,2,3
cabo_corrientes,piedra_colo,4,2016,luis_chasqui,52,8,50,24,14,2,20,suave,exposed,tha_luc,thalassoma_lucasanum,100,8
cabo_corrientes,piedra_colo,4,2016,luis_chasqui,52,8,50,24,14,2,20,suave,exposed,par_col,paranthias_colonus,50,3
cabo_corrientes,piedra_colo,4,2016,luis_chasqui,52,8,50,24,14,2,20,suave,exposed,lut_ine,lutjanus_inermis,125,13
cabo_corrientes,piedra_colo,4,2016,luis_chasqui,52,8,50,24,14,2,20,suave,exposed,epi_lab,epinephelus_labriformis,2,25
cabo_corrientes,piedra_colo,4,2016,luis_chasqui,52,8,50,24,14,2,20,suave,exposed,hol_pas,holacanthus_passer,1,13
cabo_corrientes,piedra_colo,4,2016,luis_chasqui,52,8,50,24,14,2,20,suave,exposed,par_col,paranthias_colonus,1,25
cabo_corrientes,piedra_colo,4,2016,luis_chasqui,52,8,50,24,14,2,20,suave,exposed,lut_arg,lutjanus_argentiventris,43,18
cabo_corrientes,piedra_colo,4,2016,luis_chasqui,52,8,50,24,14,2,20,suave,exposed,par_col,paranthias_colonus,30,18
cabo_corrientes,piedra_colo,4,2016,luis_chasqui,52,8,50,24,14,2,20,suave,exposed,cep_pan,cephalopholis_panamensis,1,18
cabo_corrientes,piedra_colo,4,2016,luis_chasqui,52,8,50,24,14,2,20,suave,exposed,hae_mac,haemulon_maculicauda,20,13
cabo_corrientes,piedra_colo,4,2016,luis_chasqui,52,8,50,24,14,2,20,suave,exposed,mul_den,mulloidichthys_dentatus,20,18
cabo_corrientes,piedra_colo,4,2016,luis_chasqui,52,8,50,24,14,2,20,suave,exposed,ste_fla,stegastes_flavilatus,5,8
cabo_corrientes,piedra_colo,4,2016,luis_chasqui,52,8,50,24,14,2,20,suave,exposed,suf_ver,sufflamen_verres,2,3
cabo_corrientes,piedra_colo,4,2016,luis_chasqui,52,8,50,24,14,2,20,suave,exposed,epi_lab,epinephelus_labriformis,5,13
cabo_corrientes,piedra_colo,4,2016,luis_chasqui,52,8,50,24,14,2,20,suave,exposed,hal_nic,halichoeres_nicholsi,2,8
cabo_corrientes,piedra_colo,4,2016,luis_chasqui,52,8,50,24,14,2,20,suave,exposed,hal_dis,halichoeres_dispilus,50,3
cabo_corrientes,piedra_colo,4,2016,luis_chasqui,52,8,50,24,14,2,20,suave,exposed,aul_chi,aulostomus_chinensis,1,18
cabo_corrientes,piedra_colo,4,2016,luis_chasqui,52,8,50,24,14,2,20,suave,exposed,can_pun,canthigaster_punctatissima,2,3
cabo_corrientes,piedra_colo,4,2016,luis_chasqui,53,8,50,24,16,2,20,suave,exposed,ste_fla,stegastes_flavilatus,3,3
cabo_corrientes,piedra_colo,4,2016,luis_chasqui,53,8,50,24,16,2,20,suave,exposed,lut_arg,lutjanus_argentiventris,1,18
cabo_corrientes,piedra_colo,4,2016,luis_chasqui,53,8,50,24,16,2,20,suave,exposed,hol_pas,holacanthus_passer,4,13
cabo_corrientes,piedra_colo,4,2016,luis_chasqui,53,8,50,24,16,2,20,suave,exposed,cep_pan,cephalopholis_panamensis,3,25
cabo_corrientes,piedra_colo,4,2016,luis_chasqui,53,8,50,24,16,2,20,suave,exposed,joh_nig,johnrandallia_nigrirostris,1,3
cabo_corrientes,piedra_colo,4,2016,luis_chasqui,53,8,50,24,16,2,20,suave,exposed,par_col,paranthias_colonus,50,13
cabo_corrientes,piedra_colo,4,2016,luis_chasqui,53,8,50,24,16,2,20,suave,exposed,myr_lei,myripristis_leiognathus,5,13
cabo_corrientes,piedra_colo,4,2016,luis_chasqui,53,8,50,24,16,2,20,suave,exposed,epi_lab,epinephelus_labriformis,1,35
cabo_corrientes,piedra_colo,4,2016,luis_chasqui,53,8,50,24,16,2,20,suave,exposed,aca_xan,acanthurus_xanthopterus,14,25
cabo_corrientes,piedra_colo,4,2016,luis_chasqui,53,8,50,24,16,2,20,suave,exposed,lut_gut,lutjanus_guttatus,14,25
cabo_corrientes,piedra_colo,4,2016,luis_chasqui,53,8,50,24,16,2,20,suave,exposed,lut_nov,lutjanus_novemfasciatus,2,35
cabo_corrientes,piedra_colo,4,2016,luis_chasqui,53,8,50,24,16,2,20,suave,exposed,fis_com,fistularia_commersonii,1,85
cabo_corrientes,piedra_colo,4,2016,luis_chasqui,53,8,50,24,16,2,20,suave,exposed,chr_atr,chromis_atrilobata,100,8
cabo_corrientes,piedra_colo,4,2016,luis_chasqui,53,8,50,24,16,2,20,suave,exposed,bod_dip,bodianus_diplotaenia,20,8
cabo_corrientes,piedra_colo,4,2016,luis_chasqui,53,8,50,24,16,2,20,suave,exposed,tha_luc,thalassoma_lucasanum,50,3
cabo_corrientes,piedra_colo,4,2016,luis_chasqui,53,8,50,24,16,2,20,suave,exposed,cir_oxy,cirrhitichthys_oxycephalus,10,3
cabo_corrientes,piedra_colo,4,2016,luis_chasqui,53,8,50,24,16,2,20,suave,exposed,epi_lab,epinephelus_labriformis,5,13
cabo_corrientes,piedra_colo,4,2016,luis_chasqui,53,8,50,24,16,2,20,suave,exposed,par_col,paranthias_colonus,20,3
cabo_corrientes,piedra_colo,4,2016,luis_chasqui,54,8,50,24,15,2,20,suave,exposed,cep_pan,cephalopholis_panamensis,3,18
cabo_corrientes,piedra_colo,4,2016,luis_chasqui,54,8,50,24,15,2,20,suave,exposed,suf_ver,sufflamen_verres,2,8
cabo_corrientes,piedra_colo,4,2016,luis_chasqui,54,8,50,24,15,2,20,suave,exposed,hol_pas,holacanthus_passer,4,13
cabo_corrientes,piedra_colo,4,2016,luis_chasqui,54,8,50,24,15,2,20,suave,exposed,hol_pas,holacanthus_passer,2,18
cabo_corrientes,piedra_colo,4,2016,luis_chasqui,54,8,50,24,15,2,20,suave,exposed,par_col,paranthias_colonus,20,18
cabo_corrientes,piedra_colo,4,2016,luis_chasqui,54,8,50,24,15,2,20,suave,exposed,epi_lab,epinephelus_labriformis,2,25
cabo_corrientes,piedra_colo,4,2016,luis_chasqui,54,8,50,24,15,2,20,suave,exposed,epi_lab,epinephelus_labriformis,2,18
cabo_corrientes,piedra_colo,4,2016,luis_chasqui,54,8,50,24,15,2,20,suave,exposed,lut_ine,lutjanus_inermis,20,13
cabo_corrientes,piedra_colo,4,2016,luis_chasqui,54,8,50,24,15,2,20,suave,exposed,suf_ver,sufflamen_verres,2,18
cabo_corrientes,piedra_colo,4,2016,luis_chasqui,54,8,50,24,15,2,20,suave,exposed,lut_arg,lutjanus_argentiventris,2,18
cabo_corrientes,piedra_colo,4,2016,luis_chasqui,54,8,50,24,15,2,20,suave,exposed,bod_dip,bodianus_diplotaenia,1,18
cabo_corrientes,piedra_colo,4,2016,luis_chasqui,54,8,50,24,15,2,20,suave,exposed,hae_mac,haemulon_maculicauda,100,8
cabo_corrientes,piedra_colo,4,2016,luis_chasqui,54,8,50,24,15,2,20,suave,exposed,par_col,paranthias_colonus,100,8
cabo_corrientes,piedra_colo,4,2016,luis_chasqui,54,8,50,24,15,2,20,suave,exposed,hal_dis,halichoeres_dispilus,10,8
cabo_corrientes,piedra_colo,4,2016,luis_chasqui,54,8,50,24,15,2,20,suave,exposed,hol_pas,holacanthus_passer,1,8
cabo_corrientes,piedra_colo,4,2016,luis_chasqui,54,8,50,24,15,2,20,suave,exposed,ste_fla,stegastes_flavilatus,10,8
cabo_corrientes,piedra_colo,4,2016,luis_chasqui,54,8,50,24,15,2,20,suave,exposed,cir_oxy,cirrhitichthys_oxycephalus,5,3
cabo_corrientes,piedra_colo,4,2016,luis_chasqui,54,8,50,24,15,2,20,suave,exposed,dio_hol,diodon_holocanthus,1,13
cabo_corrientes,piedra_colo,4,2016,luis_chasqui,54,8,50,24,15,2,20,suave,exposed,suf_ver,sufflamen_verres,2,3
cabo_corrientes,piedra_colo,4,2016,luis_chasqui,54,8,50,24,15,2,20,suave,exposed,aro_mel,arothron_meleagris,1,18
cabo_corrientes,piedra_colo,4,2016,luis_chasqui,54,8,50,24,15,2,20,suave,exposed,tha_luc,thalassoma_lucasanum,20,8
cabo_corrientes,piedra_colo,4,2016,luis_chasqui,54,8,50,24,15,2,20,suave,exposed,epi_lab,epinephelus_labriformis,3,18
cabo_corrientes,piedra_colo,4,2016,luis_chasqui,54,8,50,24,15,2,20,suave,exposed,chr_atr,chromis_atrilobata,100,3
cabo_corrientes,piedra_colo,4,2016,luis_chasqui,55,8,50,24,11,2,20,suave,exposed,cep_pan,cephalopholis_panamensis,4,18
cabo_corrientes,piedra_colo,4,2016,luis_chasqui,55,8,50,24,11,2,20,suave,exposed,hol_pas,holacanthus_passer,1,13
cabo_corrientes,piedra_colo,4,2016,luis_chasqui,55,8,50,24,11,2,20,suave,exposed,epi_lab,epinephelus_labriformis,6,18
cabo_corrientes,piedra_colo,4,2016,luis_chasqui,55,8,50,24,11,2,20,suave,exposed,par_col,paranthias_colonus,2,18
cabo_corrientes,piedra_colo,4,2016,luis_chasqui,55,8,50,24,11,2,20,suave,exposed,lut_ine,lutjanus_inermis,50,13
cabo_corrientes,piedra_colo,4,2016,luis_chasqui,55,8,50,24,11,2,20,suave,exposed,hol_pas,holacanthus_passer,1,18
cabo_corrientes,piedra_colo,4,2016,luis_chasqui,55,8,50,24,11,2,20,suave,exposed,aro_mel,arothron_meleagris,1,8
cabo_corrientes,piedra_colo,4,2016,luis_chasqui,55,8,50,24,11,2,20,suave,exposed,suf_ver,sufflamen_verres,1,18
cabo_corrientes,piedra_colo,4,2016,luis_chasqui,55,8,50,24,11,2,20,suave,exposed,epi_lab,epinephelus_labriformis,2,35
cabo_corrientes,piedra_colo,4,2016,luis_chasqui,55,8,50,24,11,2,20,suave,exposed,bod_dip,bodianus_diplotaenia,1,18
cabo_corrientes,piedra_colo,4,2016,luis_chasqui,55,8,50,24,11,2,20,suave,exposed,lut_ine,lutjanus_inermis,200,8
cabo_corrientes,piedra_colo,4,2016,luis_chasqui,55,8,50,24,11,2,20,suave,exposed,hae_mac,haemulon_maculicauda,3,8
cabo_corrientes,piedra_colo,4,2016,luis_chasqui,55,8,50,24,11,2,20,suave,exposed,par_col,paranthias_colonus,50,8
cabo_corrientes,piedra_colo,4,2016,luis_chasqui,55,8,50,24,11,2,20,suave,exposed,chr_atr,chromis_atrilobata,300,3
cabo_corrientes,piedra_colo,4,2016,luis_chasqui,55,8,50,24,11,2,20,suave,exposed,ste_fla,stegastes_flavilatus,2,3
cabo_corrientes,piedra_colo,4,2016,luis_chasqui,55,8,50,24,11,2,20,suave,exposed,epi_lab,epinephelus_labriformis,5,13
cabo_corrientes,piedra_colo,4,2016,luis_chasqui,55,8,50,24,11,2,20,suave,exposed,aul_chi,aulostomus_chinensis,1,18
cabo_corrientes,piedra_colo,4,2016,luis_chasqui,55,8,50,24,11,2,20,suave,exposed,tha_luc,thalassoma_lucasanum,50,8
cabo_corrientes,piedra_colo,4,2016,luis_chasqui,55,8,50,24,11,2,20,suave,exposed,epi_qui,epinephelus_quinquefasciatus,1,95
cabo_corrientes,piedra_bonita,4,2016,luis_chasqui,56,9,50,24,18,2,20,suave,exposed,hae_fla,haemulon_flaviguttatum,10,25
cabo_corrientes,piedra_bonita,4,2016,luis_chasqui,56,9,50,24,18,2,20,suave,exposed,lut_arg,lutjanus_argentiventris,26,25
cabo_corrientes,piedra_bonita,4,2016,luis_chasqui,56,9,50,24,18,2,20,suave,exposed,suf_ver,sufflamen_verres,1,18
cabo_corrientes,piedra_bonita,4,2016,luis_chasqui,56,9,50,24,18,2,20,suave,exposed,chr_atr,chromis_atrilobata,300,3
cabo_corrientes,piedra_bonita,4,2016,luis_chasqui,56,9,50,24,18,2,20,suave,exposed,hol_pas,holacanthus_passer,2,18
cabo_corrientes,piedra_bonita,4,2016,luis_chasqui,56,9,50,24,18,2,20,suave,exposed,par_col,paranthias_colonus,5,18
cabo_corrientes,piedra_bonita,4,2016,luis_chasqui,56,9,50,24,18,2,20,suave,exposed,cep_pan,cephalopholis_panamensis,11,18
cabo_corrientes,piedra_bonita,4,2016,luis_chasqui,56,9,50,24,18,2,20,suave,exposed,myr_lei,myripristis_leiognathus,2,13
cabo_corrientes,piedra_bonita,4,2016,luis_chasqui,56,9,50,24,18,2,20,suave,exposed,bod_dip,bodianus_diplotaenia,1,18
cabo_corrientes,piedra_bonita,4,2016,luis_chasqui,56,9,50,24,18,2,20,suave,exposed,ste_fla,stegastes_flavilatus,5,3
cabo_corrientes,piedra_bonita,4,2016,luis_chasqui,56,9,50,24,18,2,20,suave,exposed,hae_fla,haemulon_flaviguttatum,50,25
cabo_corrientes,piedra_bonita,4,2016,luis_chasqui,56,9,50,24,18,2,20,suave,exposed,lut_gut,lutjanus_guttatus,2,25
cabo_corrientes,piedra_bonita,4,2016,luis_chasqui,56,9,50,24,18,2,20,suave,exposed,abu_tro,abudefduf_troschelii,4,13
cabo_corrientes,piedra_bonita,4,2016,luis_chasqui,56,9,50,24,18,2,20,suave,exposed,hal_nic,halichoeres_nicholsi,2,18
cabo_corrientes,piedra_bonita,4,2016,luis_chasqui,56,9,50,24,18,2,20,suave,exposed,epi_lab,epinephelus_labriformis,1,25
cabo_corrientes,piedra_bonita,4,2016,luis_chasqui,56,9,50,24,18,2,20,suave,exposed,suf_ver,sufflamen_verres,2,18
cabo_corrientes,piedra_bonita,4,2016,luis_chasqui,56,9,50,24,18,2,20,suave,exposed,cir_oxy,cirrhitichthys_oxycephalus,1,3
cabo_corrientes,piedra_bonita,4,2016,luis_chasqui,56,9,50,24,18,2,20,suave,exposed,hol_pas,holacanthus_passer,1,3
cabo_corrientes,piedra_bonita,4,2016,luis_chasqui,56,9,50,24,18,2,20,suave,exposed,hol_pas,holacanthus_passer,1,8
cabo_corrientes,piedra_bonita,4,2016,luis_chasqui,56,9,50,24,18,2,20,suave,exposed,ser_psi,serranus_psittacinus,1,8
cabo_corrientes,piedra_bonita,4,2016,luis_chasqui,56,9,50,24,18,2,20,suave,exposed,can_pun,canthigaster_punctatissima,1,3
cabo_corrientes,piedra_bonita,4,2016,luis_chasqui,57,9,50,24,18,2,20,suave,exposed,joh_nig,johnrandallia_nigrirostris,4,8
cabo_corrientes,piedra_bonita,4,2016,luis_chasqui,57,9,50,24,18,2,20,suave,exposed,lut_ine,lutjanus_inermis,2,18
cabo_corrientes,piedra_bonita,4,2016,luis_chasqui,57,9,50,24,18,2,20,suave,exposed,mul_den,mulloidichthys_dentatus,4,18
cabo_corrientes,piedra_bonita,4,2016,luis_chasqui,57,9,50,24,18,2,20,suave,exposed,abu_tro,abudefduf_troschelii,1,8
cabo_corrientes,piedra_bonita,4,2016,luis_chasqui,57,9,50,24,18,2,20,suave,exposed,cha_hum,chaetodon_humeralis,1,8
cabo_corrientes,piedra_bonita,4,2016,luis_chasqui,57,9,50,24,18,2,20,suave,exposed,par_col,paranthias_colonus,5,13
cabo_corrientes,piedra_bonita,4,2016,luis_chasqui,57,9,50,24,18,2,20,suave,exposed,cep_pan,cephalopholis_panamensis,2,18
cabo_corrientes,piedra_bonita,4,2016,luis_chasqui,57,9,50,24,18,2,20,suave,exposed,lut_gut,lutjanus_guttatus,5,18
cabo_corrientes,piedra_bonita,4,2016,luis_chasqui,57,9,50,24,18,2,20,suave,exposed,hae_mac,haemulon_maculicauda,5,18
cabo_corrientes,piedra_bonita,4,2016,luis_chasqui,57,9,50,24,18,2,20,suave,exposed,lut_arg,lutjanus_argentiventris,5,25
cabo_corrientes,piedra_bonita,4,2016,luis_chasqui,57,9,50,24,18,2,20,suave,exposed,fis_com,fistularia_commersonii,2,65
cabo_corrientes,piedra_bonita,4,2016,luis_chasqui,57,9,50,24,18,2,20,suave,exposed,epi_lab,epinephelus_labriformis,3,13
cabo_corrientes,piedra_bonita,4,2016,luis_chasqui,57,9,50,24,18,2,20,suave,exposed,ste_fla,stegastes_flavilatus,5,3
cabo_corrientes,piedra_bonita,4,2016,luis_chasqui,57,9,50,24,18,2,20,suave,exposed,bod_dip,bodianus_diplotaenia,1,18
cabo_corrientes,piedra_bonita,4,2016,luis_chasqui,57,9,50,24,18,2,20,suave,exposed,suf_ver,sufflamen_verres,2,18
cabo_corrientes,piedra_bonita,4,2016,luis_chasqui,57,9,50,24,18,2,20,suave,exposed,can_pun,canthigaster_punctatissima,3,3
cabo_corrientes,piedra_bonita,4,2016,luis_chasqui,57,9,50,24,18,2,20,suave,exposed,epi_lab,epinephelus_labriformis,7,18
cabo_corrientes,piedra_bonita,4,2016,luis_chasqui,57,9,50,24,18,2,20,suave,exposed,hol_pas,holacanthus_passer,1,13
cabo_corrientes,piedra_bonita,4,2016,luis_chasqui,57,9,50,24,18,2,20,suave,exposed,mul_den,mulloidichthys_dentatus,6,18
cabo_corrientes,piedra_bonita,4,2016,luis_chasqui,57,9,50,24,18,2,20,suave,exposed,hal_dis,halichoeres_dispilus,100,3
cabo_corrientes,piedra_bonita,4,2016,luis_chasqui,58,9,50,24,15,2,20,suave,exposed,hol_pas,holacanthus_passer,2,8
cabo_corrientes,piedra_bonita,4,2016,luis_chasqui,58,9,50,24,15,2,20,suave,exposed,hol_pas,holacanthus_passer,1,18
cabo_corrientes,piedra_bonita,4,2016,luis_chasqui,58,9,50,24,15,2,20,suave,exposed,can_pun,canthigaster_punctatissima,2,3
cabo_corrientes,piedra_bonita,4,2016,luis_chasqui,58,9,50,24,15,2,20,suave,exposed,cep_pan,cephalopholis_panamensis,4,25
cabo_corrientes,piedra_bonita,4,2016,luis_chasqui,58,9,50,24,15,2,20,suave,exposed,cep_pan,cephalopholis_panamensis,7,18
cabo_corrientes,piedra_bonita,4,2016,luis_chasqui,58,9,50,24,15,2,20,suave,exposed,aro_mel,arothron_meleagris,1,25
cabo_corrientes,piedra_bonita,4,2016,luis_chasqui,58,9,50,24,15,2,20,suave,exposed,bod_dip,bodianus_diplotaenia,20,3
cabo_corrientes,piedra_bonita,4,2016,luis_chasqui,58,9,50,24,15,2,20,suave,exposed,bod_dip,bodianus_diplotaenia,2,13
cabo_corrientes,piedra_bonita,4,2016,luis_chasqui,58,9,50,24,15,2,20,suave,exposed,ste_fla,stegastes_flavilatus,10,3
cabo_corrientes,piedra_bonita,4,2016,luis_chasqui,58,9,50,24,15,2,20,suave,exposed,lut_arg,lutjanus_argentiventris,10,25
cabo_corrientes,piedra_bonita,4,2016,luis_chasqui,58,9,50,24,15,2,20,suave,exposed,suf_ver,sufflamen_verres,3,18
cabo_corrientes,piedra_bonita,4,2016,luis_chasqui,58,9,50,24,15,2,20,suave,exposed,mul_den,mulloidichthys_dentatus,2,25
cabo_corrientes,piedra_bonita,4,2016,luis_chasqui,58,9,50,24,15,2,20,suave,exposed,hal_dis,halichoeres_dispilus,50,3
cabo_corrientes,piedra_bonita,4,2016,luis_chasqui,58,9,50,24,15,2,20,suave,exposed,hal_nic,halichoeres_nicholsi,1,13
cabo_corrientes,piedra_bonita,4,2016,luis_chasqui,58,9,50,24,15,2,20,suave,exposed,epi_lab,epinephelus_labriformis,3,18
cabo_corrientes,piedra_bonita,4,2016,luis_chasqui,58,9,50,24,15,2,20,suave,exposed,myr_lei,myripristis_leiognathus,6,18
cabo_corrientes,piedra_bonita,4,2016,luis_chasqui,58,9,50,24,15,2,20,suave,exposed,sar_sub,sargocentron_suborbitalis,1,18
cabo_corrientes,piedra_bonita,4,2016,luis_chasqui,58,9,50,24,15,2,20,suave,exposed,odo_xan,odontoscion_xanthops,1,18
cabo_corrientes,piedra_bonita,4,2016,luis_chasqui,58,9,50,24,15,2,20,suave,exposed,abu_tro,abudefduf_troschelii,1,18
cabo_corrientes,piedra_bonita,4,2016,luis_chasqui,58,9,50,24,15,2,20,suave,exposed,pla_aza,plagiotremus_azaleus,5,3
cabo_corrientes,piedra_bonita,4,2016,luis_chasqui,59,9,50,24,14,2,20,suave,exposed,abu_tro,abudefduf_troschelii,15,18
cabo_corrientes,piedra_bonita,4,2016,luis_chasqui,59,9,50,24,14,2,20,suave,exposed,ste_fla,stegastes_flavilatus,10,3
cabo_corrientes,piedra_bonita,4,2016,luis_chasqui,59,9,50,24,14,2,20,suave,exposed,hal_nic,halichoeres_nicholsi,2,18
cabo_corrientes,piedra_bonita,4,2016,luis_chasqui,59,9,50,24,14,2,20,suave,exposed,hal_dis,halichoeres_dispilus,100,3
cabo_corrientes,piedra_bonita,4,2016,luis_chasqui,59,9,50,24,14,2,20,suave,exposed,hol_pas,holacanthus_passer,1,8
cabo_corrientes,piedra_bonita,4,2016,luis_chasqui,59,9,50,24,14,2,20,suave,exposed,cep_pan,cephalopholis_panamensis,10,18
cabo_corrientes,piedra_bonita,4,2016,luis_chasqui,59,9,50,24,14,2,20,suave,exposed,hol_pas,holacanthus_passer,1,13
cabo_corrientes,piedra_bonita,4,2016,luis_chasqui,59,9,50,24,14,2,20,suave,exposed,hae_fla,haemulon_flaviguttatum,1,25
cabo_corrientes,piedra_bonita,4,2016,luis_chasqui,59,9,50,24,14,2,20,suave,exposed,bod_dip,bodianus_diplotaenia,20,3
cabo_corrientes,piedra_bonita,4,2016,luis_chasqui,59,9,50,24,14,2,20,suave,exposed,cha_hum,chaetodon_humeralis,1,8
cabo_corrientes,piedra_bonita,4,2016,luis_chasqui,59,9,50,24,14,2,20,suave,exposed,suf_ver,sufflamen_verres,2,18
cabo_corrientes,piedra_bonita,4,2016,luis_chasqui,59,9,50,24,14,2,20,suave,exposed,bod_dip,bodianus_diplotaenia,1,25
cabo_corrientes,piedra_bonita,4,2016,luis_chasqui,59,9,50,24,14,2,20,suave,exposed,bod_dip,bodianus_diplotaenia,5,18
cabo_corrientes,piedra_bonita,4,2016,luis_chasqui,59,9,50,24,14,2,20,suave,exposed,suf_ver,sufflamen_verres,2,3
cabo_corrientes,piedra_bonita,4,2016,luis_chasqui,59,9,50,24,14,2,20,suave,exposed,sco_sie,scomberomorus_sierra,1,45
cabo_corrientes,piedra_bonita,4,2016,luis_chasqui,59,9,50,24,14,2,20,suave,exposed,aul_chi,aulostomus_chinensis,1,25
cabo_corrientes,piedra_bonita,4,2016,luis_chasqui,59,9,50,24,14,2,20,suave,exposed,par_col,paranthias_colonus,2,25
cabo_corrientes,piedra_bonita,4,2016,luis_chasqui,59,9,50,24,14,2,20,suave,exposed,joh_nig,johnrandallia_nigrirostris,10,8
cabo_corrientes,piedra_bonita,4,2016,luis_chasqui,59,9,50,24,14,2,20,suave,exposed,par_col,paranthias_colonus,30,8
cabo_corrientes,piedra_bonita,4,2016,luis_chasqui,59,9,50,24,14,2,20,suave,exposed,tha_luc,thalassoma_lucasanum,100,3
cabo_corrientes,piedra_bonita,4,2016,luis_chasqui,59,9,50,24,14,2,20,suave,exposed,myr_lei,myripristis_leiognathus,5,13
cabo_corrientes,piedra_bonita,4,2016,luis_chasqui,59,9,50,24,14,2,20,suave,exposed,can_pun,canthigaster_punctatissima,20,3
cabo_corrientes,piedra_bonita,4,2016,luis_chasqui,59,9,50,24,14,2,20,suave,exposed,hal_nic,halichoeres_nicholsi,1,25
cabo_corrientes,piedra_bonita,4,2016,luis_chasqui,59,9,50,24,14,2,20,suave,exposed,epi_lab,epinephelus_labriformis,2,18
cabo_corrientes,piedra_bonita,4,2016,luis_chasqui,59,9,50,24,14,2,20,suave,exposed,cir_oxy,cirrhitichthys_oxycephalus,2,3
cabo_corrientes,piedra_bonita,4,2016,luis_chasqui,60,9,50,24,10,2,20,suave,exposed,cep_pan,cephalopholis_panamensis,8,25
cabo_corrientes,piedra_bonita,4,2016,luis_chasqui,60,9,50,24,10,2,20,suave,exposed,ste_fla,stegastes_flavilatus,10,3
cabo_corrientes,piedra_bonita,4,2016,luis_chasqui,60,9,50,24,10,2,20,suave,exposed,par_col,paranthias_colonus,30,8
cabo_corrientes,piedra_bonita,4,2016,luis_chasqui,60,9,50,24,10,2,20,suave,exposed,hol_pas,holacanthus_passer,1,20
cabo_corrientes,piedra_bonita,4,2016,luis_chasqui,60,9,50,24,10,2,20,suave,exposed,bod_dip,bodianus_diplotaenia,2,13
cabo_corrientes,piedra_bonita,4,2016,luis_chasqui,60,9,50,24,10,2,20,suave,exposed,joh_nig,johnrandallia_nigrirostris,5,8
cabo_corrientes,piedra_bonita,4,2016,luis_chasqui,60,9,50,24,10,2,20,suave,exposed,abu_tro,abudefduf_troschelii,15,13
cabo_corrientes,piedra_bonita,4,2016,luis_chasqui,60,9,50,24,10,2,20,suave,exposed,lut_ine,lutjanus_inermis,8,8
cabo_corrientes,piedra_bonita,4,2016,luis_chasqui,60,9,50,24,10,2,20,suave,exposed,par_col,paranthias_colonus,30,8
cabo_corrientes,piedra_bonita,4,2016,luis_chasqui,60,9,50,24,10,2,20,suave,exposed,bod_dip,bodianus_diplotaenia,20,8
cabo_corrientes,piedra_bonita,4,2016,luis_chasqui,60,9,50,24,10,2,20,suave,exposed,chr_atr,chromis_atrilobata,100,3
cabo_corrientes,piedra_bonita,4,2016,luis_chasqui,60,9,50,24,10,2,20,suave,exposed,suf_ver,sufflamen_verres,1,3
cabo_corrientes,piedra_bonita,4,2016,luis_chasqui,60,9,50,24,10,2,20,suave,exposed,lut_arg,lutjanus_argentiventris,20,18
cabo_corrientes,piedra_bonita,4,2016,luis_chasqui,60,9,50,24,10,2,20,suave,exposed,hae_fla,haemulon_flaviguttatum,30,25
cabo_corrientes,piedra_bonita,4,2016,luis_chasqui,60,9,50,24,10,2,20,suave,exposed,lut_gut,lutjanus_guttatus,2,35
cabo_corrientes,piedra_bonita,4,2016,luis_chasqui,60,9,50,24,10,2,20,suave,exposed,hal_nic,halichoeres_nicholsi,1,18
cabo_corrientes,piedra_bonita,4,2016,luis_chasqui,60,9,50,24,10,2,20,suave,exposed,pla_aza,plagiotremus_azaleus,10,3
cabo_corrientes,piedra_bonita,4,2016,luis_chasqui,60,9,50,24,10,2,20,suave,exposed,myr_lei,myripristis_leiognathus,3,18
cabo_corrientes,piedra_bonita,4,2016,luis_chasqui,60,9,50,24,10,2,20,suave,exposed,epi_lab,epinephelus_labriformis,3,25
cabo_corrientes,piedra_bonita,4,2016,luis_chasqui,60,9,50,24,10,2,20,suave,exposed,epi_lab,epinephelus_labriformis,1,18
cabo_corrientes,piedra_bonita,4,2016,luis_chasqui,60,9,50,24,10,2,20,suave,exposed,bod_dip,bodianus_diplotaenia,10,8
cabo_corrientes,piedra_bonita,4,2016,luis_chasqui,60,9,50,24,10,2,20,suave,exposed,tha_luc,thalassoma_lucasanum,200,3
cabo_corrientes,piedra_bonita,4,2016,luis_chasqui,60,9,50,24,10,2,20,suave,exposed,can_pun,canthigaster_punctatissima,3,3
cabo_corrientes,piedra_bonita,4,2016,luis_chasqui,61,9,50,24,10,2,20,suave,exposed,myr_lei,myripristis_leiognathus,29,18
cabo_corrientes,piedra_bonita,4,2016,luis_chasqui,61,9,50,24,10,2,20,suave,exposed,suf_ver,sufflamen_verres,1,25
cabo_corrientes,piedra_bonita,4,2016,luis_chasqui,61,9,50,24,10,2,20,suave,exposed,suf_ver,sufflamen_verres,1,18
cabo_corrientes,piedra_bonita,4,2016,luis_chasqui,61,9,50,24,10,2,20,suave,exposed,cep_pan,cephalopholis_panamensis,5,25
cabo_corrientes,piedra_bonita,4,2016,luis_chasqui,61,9,50,24,10,2,20,suave,exposed,cep_pan,cephalopholis_panamensis,1,18
cabo_corrientes,piedra_bonita,4,2016,luis_chasqui,61,9,50,24,10,2,20,suave,exposed,bod_dip,bodianus_diplotaenia,1,25
cabo_corrientes,piedra_bonita,4,2016,luis_chasqui,61,9,50,24,10,2,20,suave,exposed,bod_dip,bodianus_diplotaenia,1,18
cabo_corrientes,piedra_bonita,4,2016,luis_chasqui,61,9,50,24,10,2,20,suave,exposed,ste_fla,stegastes_flavilatus,1,3
cabo_corrientes,piedra_bonita,4,2016,luis_chasqui,61,9,50,24,10,2,20,suave,exposed,hol_pas,holacanthus_passer,20,13
cabo_corrientes,piedra_bonita,4,2016,luis_chasqui,61,9,50,24,10,2,20,suave,exposed,hae_mac,haemulon_maculicauda,4,18
cabo_corrientes,piedra_bonita,4,2016,luis_chasqui,61,9,50,24,10,2,20,suave,exposed,mul_den,mulloidichthys_dentatus,5,13
cabo_corrientes,piedra_bonita,4,2016,luis_chasqui,61,9,50,24,10,2,20,suave,exposed,par_col,paranthias_colonus,30,13
cabo_corrientes,piedra_bonita,4,2016,luis_chasqui,61,9,50,24,10,2,20,suave,exposed,abu_tro,abudefduf_troschelii,30,18
cabo_corrientes,piedra_bonita,4,2016,luis_chasqui,61,9,50,24,10,2,20,suave,exposed,lut_arg,lutjanus_argentiventris,4,18
cabo_corrientes,piedra_bonita,4,2016,luis_chasqui,61,9,50,24,10,2,20,suave,exposed,sar_sub,sargocentron_suborbitalis,1,18
cabo_corrientes,piedra_bonita,4,2016,luis_chasqui,61,9,50,24,10,2,20,suave,exposed,lut_vir,lutjanus_viridis,3,25
cabo_corrientes,piedra_bonita,4,2016,luis_chasqui,61,9,50,24,10,2,20,suave,exposed,lut_arg,lutjanus_argentiventris,3,25
cabo_corrientes,piedra_bonita,4,2016,luis_chasqui,61,9,50,24,10,2,20,suave,exposed,suf_ver,sufflamen_verres,1,18
cabo_corrientes,piedra_bonita,4,2016,luis_chasqui,61,9,50,24,10,2,20,suave,exposed,chr_atr,chromis_atrilobata,300,3
cabo_corrientes,piedra_bonita,4,2016,luis_chasqui,61,9,50,24,10,2,20,suave,exposed,joh_nig,johnrandallia_nigrirostris,2,8
cabo_corrientes,piedra_bonita,4,2016,luis_chasqui,61,9,50,24,10,2,20,suave,exposed,mul_den,mulloidichthys_dentatus,2,18
cabo_corrientes,piedra_bonita,4,2016,luis_chasqui,61,9,50,24,10,2,20,suave,exposed,epi_lab,epinephelus_labriformis,3,25
cabo_corrientes,piedra_bonita,4,2016,luis_chasqui,61,9,50,24,10,2,20,suave,exposed,tha_luc,thalassoma_lucasanum,100,3
cabo_corrientes,piedra_bonita,4,2016,luis_chasqui,61,9,50,24,10,2,20,suave,exposed,tha_luc,thalassoma_lucasanum,1,8
cabo_corrientes,piedra_bonita,4,2016,luis_chasqui,61,9,50,24,10,2,20,suave,exposed,aro_mel,arothron_meleagris,1,25
cabo_corrientes,piedra_bonita,4,2016,luis_chasqui,61,9,50,24,10,2,20,suave,exposed,cep_pan,cephalopholis_panamensis,5,18
cabo_corrientes,piedra_bonita,4,2016,luis_chasqui,61,9,50,24,10,2,20,suave,exposed,can_pun,canthigaster_punctatissima,5,3
cabo_corrientes,piedra_bonita,4,2016,luis_chasqui,61,9,50,24,10,2,20,suave,exposed,cir_oxy,cirrhitichthys_oxycephalus,5,3
cabo_corrientes,piedra_bonita,4,2016,luis_chasqui,61,9,50,24,10,2,20,suave,exposed,bod_dip,bodianus_diplotaenia,10,8
cabo_corrientes,piedra_bonita,4,2016,luis_chasqui,61,9,50,24,10,2,20,suave,exposed,epi_lab,epinephelus_labriformis,3,18
cabo_corrientes,piedra_bonita,4,2016,luis_chasqui,61,9,50,24,10,2,20,suave,exposed,gym_cas,gymnothorax_castaneus,1,55
cabo_corrientes,piedra_colo,4,2016,natalia_rincon,62,8,50,27,14,2,20,suave,exposed,myc_xen,mycteroperca_xenarcha,1,18
cabo_corrientes,piedra_colo,4,2016,natalia_rincon,62,8,50,27,14,2,20,suave,exposed,epi_lab,epinephelus_labriformis,2,13
cabo_corrientes,piedra_colo,4,2016,natalia_rincon,62,8,50,27,14,2,20,suave,exposed,epi_lab,epinephelus_labriformis,2,18
cabo_corrientes,piedra_colo,4,2016,natalia_rincon,62,8,50,27,14,2,20,suave,exposed,epi_lab,epinephelus_labriformis,1,25
cabo_corrientes,piedra_colo,4,2016,natalia_rincon,62,8,50,27,14,2,20,suave,exposed,tha_luc,thalassoma_lucasanum,51,3
cabo_corrientes,piedra_colo,4,2016,natalia_rincon,62,8,50,27,14,2,20,suave,exposed,hal_dis,halichoeres_dispilus,2,3
cabo_corrientes,piedra_colo,4,2016,natalia_rincon,62,8,50,27,14,2,20,suave,exposed,chr_atr,chromis_atrilobata,200,3
cabo_corrientes,piedra_colo,4,2016,natalia_rincon,62,8,50,27,14,2,20,suave,exposed,suf_ver,sufflamen_verres,1,18
cabo_corrientes,piedra_colo,4,2016,natalia_rincon,62,8,50,27,14,2,20,suave,exposed,hol_pas,holacanthus_passer,1,13
cabo_corrientes,piedra_colo,4,2016,natalia_rincon,62,8,50,27,14,2,20,suave,exposed,par_col,paranthias_colonus,12,3
cabo_corrientes,piedra_colo,4,2016,natalia_rincon,62,8,50,27,14,2,20,suave,exposed,par_col,paranthias_colonus,2,8
cabo_corrientes,piedra_colo,4,2016,natalia_rincon,62,8,50,27,14,2,20,suave,exposed,bod_dip,bodianus_diplotaenia,1,8
cabo_corrientes,piedra_colo,4,2016,natalia_rincon,62,8,50,27,14,2,20,suave,exposed,cep_pan,cephalopholis_panamensis,1,35
cabo_corrientes,piedra_colo,4,2016,natalia_rincon,62,8,50,27,14,2,20,suave,exposed,bod_dip,bodianus_diplotaenia,2,8
cabo_corrientes,piedra_colo,4,2016,natalia_rincon,62,8,50,27,14,2,20,suave,exposed,ste_fla,stegastes_flavilatus,2,13
cabo_corrientes,piedra_colo,4,2016,natalia_rincon,62,8,50,27,14,2,20,suave,exposed,suf_ver,sufflamen_verres,1,3
cabo_corrientes,piedra_colo,4,2016,natalia_rincon,62,8,50,27,14,2,20,suave,exposed,suf_ver,sufflamen_verres,1,8
cabo_corrientes,piedra_colo,4,2016,natalia_rincon,62,8,50,27,14,2,20,suave,exposed,hol_pas,holacanthus_passer,1,3
cabo_corrientes,piedra_colo,4,2016,natalia_rincon,62,8,50,27,14,2,20,suave,exposed,hol_pas,holacanthus_passer,4,18
cabo_corrientes,piedra_colo,4,2016,natalia_rincon,62,8,50,27,14,2,20,suave,exposed,myr_ber,myripristis_berndti,2,13
cabo_corrientes,piedra_colo,4,2016,natalia_rincon,62,8,50,27,14,2,20,suave,exposed,pom_zon,pomacanthus_zonipectus,1,3
cabo_corrientes,piedra_colo,4,2016,natalia_rincon,63,8,50,26,13,2,20,suave,exposed,par_col,paranthias_colonus,7,3
cabo_corrientes,piedra_colo,4,2016,natalia_rincon,63,8,50,26,13,2,20,suave,exposed,par_col,paranthias_colonus,17,13
cabo_corrientes,piedra_colo,4,2016,natalia_rincon,63,8,50,26,13,2,20,suave,exposed,par_col,paranthias_colonus,35,8
cabo_corrientes,piedra_colo,4,2016,natalia_rincon,63,8,50,26,13,2,20,suave,exposed,ste_fla,stegastes_flavilatus,1,13
cabo_corrientes,piedra_colo,4,2016,natalia_rincon,63,8,50,26,13,2,20,suave,exposed,hol_pas,holacanthus_passer,1,13
cabo_corrientes,piedra_colo,4,2016,natalia_rincon,63,8,50,26,13,2,20,suave,exposed,cep_pan,cephalopholis_panamensis,1,25
cabo_corrientes,piedra_colo,4,2016,natalia_rincon,63,8,50,26,13,2,20,suave,exposed,alu_scr,aluterus_scriptus,1,45
cabo_corrientes,piedra_colo,4,2016,natalia_rincon,63,8,50,26,13,2,20,suave,exposed,chr_atr,chromis_atrilobata,190,3
cabo_corrientes,piedra_colo,4,2016,natalia_rincon,63,8,50,26,13,2,20,suave,exposed,par_col,paranthias_colonus,2,18
cabo_corrientes,piedra_colo,4,2016,natalia_rincon,63,8,50,26,13,2,20,suave,exposed,joh_nig,johnrandallia_nigrirostris,2,8
cabo_corrientes,piedra_colo,4,2016,natalia_rincon,63,8,50,26,13,2,20,suave,exposed,hal_dis,halichoeres_dispilus,4,3
cabo_corrientes,piedra_colo,4,2016,natalia_rincon,63,8,50,26,13,2,20,suave,exposed,tha_luc,thalassoma_lucasanum,21,3
cabo_corrientes,piedra_colo,4,2016,natalia_rincon,63,8,50,26,13,2,20,suave,exposed,epi_lab,epinephelus_labriformis,2,18
cabo_corrientes,piedra_colo,4,2016,natalia_rincon,63,8,50,26,13,2,20,suave,exposed,cir_oxy,cirrhitichthys_oxycephalus,1,3
cabo_corrientes,piedra_colo,4,2016,natalia_rincon,63,8,50,26,13,2,20,suave,exposed,suf_ver,sufflamen_verres,1,13
cabo_corrientes,piedra_colo,4,2016,natalia_rincon,63,8,50,26,13,2,20,suave,exposed,bod_dip,bodianus_diplotaenia,1,13
cabo_corrientes,piedra_colo,4,2016,natalia_rincon,63,8,50,26,13,2,20,suave,exposed,bod_dip,bodianus_diplotaenia,2,8
cabo_corrientes,piedra_colo,4,2016,natalia_rincon,63,8,50,26,13,2,20,suave,exposed,bod_dip,bodianus_diplotaenia,1,3
cabo_corrientes,piedra_colo,4,2016,natalia_rincon,63,8,50,26,13,2,20,suave,exposed,lut_arg,lutjanus_argentiventris,6,25
cabo_corrientes,piedra_colo,4,2016,natalia_rincon,63,8,50,26,13,2,20,suave,exposed,lut_vir,lutjanus_viridis,1,25
cabo_corrientes,piedra_bonita,4,2016,natalia_rincon,64,9,50,24,18,2,15,suave,exposed,hol_pas,holacanthus_passer,2,13
cabo_corrientes,piedra_bonita,4,2016,natalia_rincon,64,9,50,24,18,2,15,suave,exposed,hol_pas,holacanthus_passer,2,8
cabo_corrientes,piedra_bonita,4,2016,natalia_rincon,64,9,50,24,18,2,15,suave,exposed,aro_mel,arothron_meleagris,1,18
cabo_corrientes,piedra_bonita,4,2016,natalia_rincon,64,9,50,24,18,2,15,suave,exposed,ste_fla,stegastes_flavilatus,1,8
cabo_corrientes,piedra_bonita,4,2016,natalia_rincon,64,9,50,24,18,2,15,suave,exposed,hal_nic,halichoeres_nicholsi,1,18
cabo_corrientes,piedra_bonita,4,2016,natalia_rincon,64,9,50,24,18,2,15,suave,exposed,epi_lab,epinephelus_labriformis,1,18
cabo_corrientes,piedra_bonita,4,2016,natalia_rincon,64,9,50,24,18,2,15,suave,exposed,par_col,paranthias_colonus,21,13
cabo_corrientes,piedra_bonita,4,2016,natalia_rincon,64,9,50,24,18,2,15,suave,exposed,hae_mac,haemulon_maculicauda,20,13
cabo_corrientes,piedra_bonita,4,2016,natalia_rincon,64,9,50,24,18,2,15,suave,exposed,lut_gut,lutjanus_guttatus,1,13
cabo_corrientes,piedra_bonita,4,2016,natalia_rincon,64,9,50,24,18,2,15,suave,exposed,mul_den,mulloidichthys_dentatus,2,25
cabo_corrientes,piedra_bonita,4,2016,natalia_rincon,64,9,50,24,18,2,15,suave,exposed,lut_arg,lutjanus_argentiventris,7,25
cabo_corrientes,piedra_bonita,4,2016,natalia_rincon,64,9,50,24,18,2,15,suave,exposed,lut_arg,lutjanus_argentiventris,5,18
cabo_corrientes,piedra_bonita,4,2016,natalia_rincon,64,9,50,24,18,2,15,suave,exposed,fis_com,fistularia_commersonii,1,65
cabo_corrientes,piedra_bonita,4,2016,natalia_rincon,64,9,50,24,18,2,15,suave,exposed,mal_bre,malacanthus_brevirostris,1,18
cabo_corrientes,piedra_bonita,4,2016,natalia_rincon,64,9,50,24,18,2,15,suave,exposed,suf_ver,sufflamen_verres,1,13
cabo_corrientes,piedra_bonita,4,2016,natalia_rincon,64,9,50,24,18,2,15,suave,exposed,suf_ver,sufflamen_verres,1,8
cabo_corrientes,piedra_bonita,4,2016,natalia_rincon,64,9,50,24,18,2,15,suave,exposed,pla_aza,plagiotremus_azaleus,1,3
cabo_corrientes,piedra_bonita,4,2016,natalia_rincon,64,9,50,24,18,2,15,suave,exposed,cha_hum,chaetodon_humeralis,2,13
cabo_corrientes,piedra_bonita,4,2016,natalia_rincon,64,9,50,24,18,2,15,suave,exposed,joh_nig,johnrandallia_nigrirostris,2,8
cabo_corrientes,punta_arusi,4,2016,natalia_rincon,65,10,50,24,15,2,10,suave,exposed,myc_xen,mycteroperca_xenarcha,1,25
cabo_corrientes,punta_arusi,4,2016,natalia_rincon,65,10,50,24,15,2,10,suave,exposed,ste_fla,stegastes_flavilatus,2,13
cabo_corrientes,punta_arusi,4,2016,natalia_rincon,65,10,50,24,15,2,10,suave,exposed,cep_pan,cephalopholis_panamensis,1,18
cabo_corrientes,punta_arusi,4,2016,natalia_rincon,65,10,50,24,15,2,10,suave,exposed,lut_gut,lutjanus_guttatus,6,18
cabo_corrientes,punta_arusi,4,2016,natalia_rincon,65,10,50,24,15,2,10,suave,exposed,bod_dip,bodianus_diplotaenia,10,3
cabo_corrientes,punta_arusi,4,2016,natalia_rincon,65,10,50,24,15,2,10,suave,exposed,bod_dip,bodianus_diplotaenia,1,25
cabo_corrientes,punta_arusi,4,2016,natalia_rincon,65,10,50,24,15,2,10,suave,exposed,bod_dip,bodianus_diplotaenia,1,13
cabo_corrientes,punta_arusi,4,2016,natalia_rincon,65,10,50,24,15,2,10,suave,exposed,par_col,paranthias_colonus,2,8
cabo_corrientes,punta_arusi,4,2016,natalia_rincon,65,10,50,24,15,2,10,suave,exposed,epi_lab,epinephelus_labriformis,2,13
cabo_corrientes,punta_arusi,4,2016,natalia_rincon,65,10,50,24,15,2,10,suave,exposed,hal_dis,halichoeres_dispilus,8,3
cabo_corrientes,punta_arusi,4,2016,natalia_rincon,65,10,50,24,15,2,10,suave,exposed,hal_dis,halichoeres_dispilus,1,8
cabo_corrientes,punta_arusi,4,2016,natalia_rincon,65,10,50,24,15,2,10,suave,exposed,lut_gut,lutjanus_guttatus,3,8
cabo_corrientes,punta_arusi,4,2016,natalia_rincon,65,10,50,24,15,2,10,suave,exposed,lut_gut,lutjanus_guttatus,11,3
cabo_corrientes,punta_arusi,4,2016,natalia_rincon,65,10,50,24,15,2,10,suave,exposed,hae_mac,haemulon_maculicauda,76,3
cabo_corrientes,punta_arusi,4,2016,natalia_rincon,65,10,50,24,15,2,10,suave,exposed,cep_pan,cephalopholis_panamensis,1,18
cabo_corrientes,punta_arusi,4,2016,natalia_rincon,65,10,50,24,15,2,10,suave,exposed,apo_pac,apogon_pacificus,50,3
cabo_corrientes,punta_arusi,4,2016,natalia_rincon,65,10,50,24,15,2,10,suave,exposed,suf_ver,sufflamen_verres,1,3
cabo_corrientes,punta_arusi,4,2016,natalia_rincon,65,10,50,24,15,2,10,suave,exposed,epi_lab,epinephelus_labriformis,1,13
cabo_corrientes,punta_arusi,4,2016,natalia_rincon,66,10,50,25,15,2,10,suave,exposed,bod_dip,bodianus_diplotaenia,7,3
cabo_corrientes,punta_arusi,4,2016,natalia_rincon,66,10,50,25,15,2,10,suave,exposed,hae_mac,haemulon_maculicauda,5,18
cabo_corrientes,punta_arusi,4,2016,natalia_rincon,66,10,50,25,15,2,10,suave,exposed,lut_gut,lutjanus_guttatus,2,18
cabo_corrientes,punta_arusi,4,2016,natalia_rincon,66,10,50,25,15,2,10,suave,exposed,cha_hum,chaetodon_humeralis,1,8
cabo_corrientes,punta_arusi,4,2016,natalia_rincon,66,10,50,25,15,2,10,suave,exposed,cep_pan,cephalopholis_panamensis,1,18
cabo_corrientes,punta_arusi,4,2016,natalia_rincon,66,10,50,25,15,2,10,suave,exposed,ste_fla,stegastes_flavilatus,1,8
cabo_corrientes,punta_arusi,4,2016,natalia_rincon,66,10,50,25,15,2,10,suave,exposed,hal_dis,halichoeres_dispilus,14,3
cabo_corrientes,punta_arusi,4,2016,natalia_rincon,66,10,50,25,15,2,10,suave,exposed,aro_his,arothron_hispidus,1,25
cabo_corrientes,punta_arusi,4,2016,natalia_rincon,66,10,50,25,15,2,10,suave,exposed,epi_lab,epinephelus_labriformis,1,13
cabo_corrientes,punta_arusi,4,2016,natalia_rincon,66,10,50,25,15,2,10,suave,exposed,ser_psi,serranus_psittacinus,1,3
cabo_corrientes,punta_arusi,4,2016,natalia_rincon,66,10,50,25,15,2,10,suave,exposed,hal_dis,halichoeres_dispilus,19,3
cabo_corrientes,punta_arusi,4,2016,natalia_rincon,66,10,50,25,15,2,10,suave,exposed,mal_bre,malacanthus_brevirostris,1,18
cabo_corrientes,punta_arusi,4,2016,natalia_rincon,66,10,50,25,15,2,10,suave,exposed,par_col,paranthias_colonus,4,3
cabo_corrientes,punta_arusi,4,2016,natalia_rincon,66,10,50,25,15,2,10,suave,exposed,suf_ver,sufflamen_verres,1,13
cabo_corrientes,punta_arusi,4,2016,natalia_rincon,66,10,50,25,15,2,10,suave,exposed,can_pun,canthigaster_punctatissima,1,3
cabo_corrientes,punta_arusi,4,2016,natalia_rincon,67,10,50,25,11,2,10,suave,exposed,chr_atr,chromis_atrilobata,65,3
cabo_corrientes,punta_arusi,4,2016,natalia_rincon,67,10,50,25,11,2,10,suave,exposed,cep_pan,cephalopholis_panamensis,1,13
cabo_corrientes,punta_arusi,4,2016,natalia_rincon,67,10,50,25,11,2,10,suave,exposed,cep_pan,cephalopholis_panamensis,1,18
cabo_corrientes,punta_arusi,4,2016,natalia_rincon,67,10,50,25,11,2,10,suave,exposed,epi_lab,epinephelus_labriformis,1,25
cabo_corrientes,punta_arusi,4,2016,natalia_rincon,67,10,50,25,11,2,10,suave,exposed,par_col,paranthias_colonus,4,8
cabo_corrientes,punta_arusi,4,2016,natalia_rincon,67,10,50,25,11,2,10,suave,exposed,par_col,paranthias_colonus,1,13
cabo_corrientes,punta_arusi,4,2016,natalia_rincon,67,10,50,25,11,2,10,suave,exposed,pla_aza,plagiotremus_azaleus,3,3
cabo_corrientes,punta_arusi,4,2016,natalia_rincon,67,10,50,25,11,2,10,suave,exposed,hal_dis,halichoeres_dispilus,12,3
cabo_corrientes,punta_arusi,4,2016,natalia_rincon,67,10,50,25,11,2,10,suave,exposed,suf_ver,sufflamen_verres,1,18
cabo_corrientes,punta_arusi,4,2016,natalia_rincon,67,10,50,25,11,2,10,suave,exposed,cep_pan,cephalopholis_panamensis,4,25
cabo_corrientes,punta_arusi,4,2016,natalia_rincon,67,10,50,25,11,2,10,suave,exposed,bod_dip,bodianus_diplotaenia,2,18
cabo_corrientes,punta_arusi,4,2016,natalia_rincon,67,10,50,25,11,2,10,suave,exposed,bod_dip,bodianus_diplotaenia,24,3
cabo_corrientes,punta_arusi,4,2016,natalia_rincon,67,10,50,25,11,2,10,suave,exposed,par_col,paranthias_colonus,5,3
cabo_corrientes,punta_arusi,4,2016,natalia_rincon,67,10,50,25,11,2,10,suave,exposed,apo_pac,apogon_pacificus,100,3
cabo_corrientes,punta_arusi,4,2016,natalia_rincon,67,10,50,25,11,2,10,suave,exposed,can_pun,canthigaster_punctatissima,1,3
cabo_corrientes,punta_arusi,4,2016,natalia_rincon,67,10,50,25,11,2,10,suave,exposed,hae_mac,haemulon_maculicauda,200,3
cabo_corrientes,punta_arusi,4,2016,natalia_rincon,67,10,50,25,11,2,10,suave,exposed,aro_mel,arothron_meleagris,1,18
cabo_corrientes,punta_arusi,4,2016,natalia_rincon,67,10,50,25,11,2,10,suave,exposed,hal_not,halichoeres_notospilus,2,13
cabo_corrientes,punta_arusi,4,2016,natalia_rincon,67,10,50,25,11,2,10,suave,exposed,chr_atr,chromis_atrilobata,1,8
cabo_corrientes,punta_arusi,4,2016,natalia_rincon,67,10,50,25,11,2,10,suave,exposed,lut_arg,lutjanus_argentiventris,1,18
cabo_corrientes,punta_arusi,4,2016,natalia_rincon,67,10,50,25,11,2,10,suave,exposed,odo_xan,odontoscion_xanthops,1,13
cabo_corrientes,punta_arusi,4,2016,natalia_rincon,67,10,50,25,11,2,10,suave,exposed,epi_lab,epinephelus_labriformis,1,18
cabo_corrientes,punta_arusi,4,2016,natalia_rincon,67,10,50,25,11,2,10,suave,exposed,suf_ver,sufflamen_verres,1,8
cabo_corrientes,punta_arusi,4,2016,luis_chasqui,68,10,50,22,14,2,10,suave,exposed,ste_fla,stegastes_flavilatus,8,8
cabo_corrientes,punta_arusi,4,2016,luis_chasqui,68,10,50,22,14,2,10,suave,exposed,suf_ver,sufflamen_verres,3,25
cabo_corrientes,punta_arusi,4,2016,luis_chasqui,68,10,50,22,14,2,10,suave,exposed,aro_mel,arothron_meleagris,1,18
cabo_corrientes,punta_arusi,4,2016,luis_chasqui,68,10,50,22,14,2,10,suave,exposed,can_pun,canthigaster_punctatissima,4,3
cabo_corrientes,punta_arusi,4,2016,luis_chasqui,68,10,50,22,14,2,10,suave,exposed,par_col,paranthias_colonus,3,8
cabo_corrientes,punta_arusi,4,2016,luis_chasqui,68,10,50,22,14,2,10,suave,exposed,epi_lab,epinephelus_labriformis,4,13
cabo_corrientes,punta_arusi,4,2016,luis_chasqui,68,10,50,22,14,2,10,suave,exposed,epi_lab,epinephelus_labriformis,3,25
cabo_corrientes,punta_arusi,4,2016,luis_chasqui,68,10,50,22,14,2,10,suave,exposed,aro_his,arothron_hispidus,9,25
cabo_corrientes,punta_arusi,4,2016,luis_chasqui,68,10,50,22,14,2,10,suave,exposed,lut_gut,lutjanus_guttatus,1,18
cabo_corrientes,punta_arusi,4,2016,luis_chasqui,68,10,50,22,14,2,10,suave,exposed,cir_riv,cirrhitus_rivulatus,1,35
cabo_corrientes,punta_arusi,4,2016,luis_chasqui,68,10,50,22,14,2,10,suave,exposed,cep_pan,cephalopholis_panamensis,1,25
cabo_corrientes,punta_arusi,4,2016,luis_chasqui,68,10,50,22,14,2,10,suave,exposed,suf_ver,sufflamen_verres,1,8
cabo_corrientes,punta_arusi,4,2016,luis_chasqui,68,10,50,22,14,2,10,suave,exposed,hol_pas,holacanthus_passer,1,18
cabo_corrientes,punta_arusi,4,2016,luis_chasqui,68,10,50,22,14,2,10,suave,exposed,lut_arg,lutjanus_argentiventris,8,25
cabo_corrientes,punta_arusi,4,2016,luis_chasqui,68,10,50,22,14,2,10,suave,exposed,bod_dip,bodianus_diplotaenia,1,8
cabo_corrientes,punta_arusi,4,2016,luis_chasqui,68,10,50,22,14,2,10,suave,exposed,mul_den,mulloidichthys_dentatus,2,25
cabo_corrientes,punta_arusi,4,2016,luis_chasqui,68,10,50,22,14,2,10,suave,exposed,pla_aza,plagiotremus_azaleus,5,3
cabo_corrientes,punta_arusi,4,2016,luis_chasqui,68,10,50,22,14,2,10,suave,exposed,bod_dip,bodianus_diplotaenia,50,3
cabo_corrientes,punta_arusi,4,2016,luis_chasqui,68,10,50,22,14,2,10,suave,exposed,hal_dis,halichoeres_dispilus,50,3
cabo_corrientes,punta_arusi,4,2016,luis_chasqui,68,10,50,22,14,2,10,suave,exposed,apo_dov,apogon_dovii,50,3
cabo_corrientes,punta_arusi,4,2016,luis_chasqui,68,10,50,22,14,2,10,suave,exposed,apo_pac,apogon_pacificus,10,3
cabo_corrientes,punta_arusi,4,2016,luis_chasqui,68,10,50,22,14,2,10,suave,exposed,chr_atr,chromis_atrilobata,50,3
cabo_corrientes,punta_arusi,4,2016,luis_chasqui,69,10,50,22,14,2,10,suave,exposed,lut_gut,lutjanus_guttatus,1,25
cabo_corrientes,punta_arusi,4,2016,luis_chasqui,69,10,50,22,14,2,10,suave,exposed,ste_fla,stegastes_flavilatus,4,8
cabo_corrientes,punta_arusi,4,2016,luis_chasqui,69,10,50,22,14,2,10,suave,exposed,apo_dov,apogon_dovii,300,3
cabo_corrientes,punta_arusi,4,2016,luis_chasqui,69,10,50,22,14,2,10,suave,exposed,pla_aza,plagiotremus_azaleus,1,3
cabo_corrientes,punta_arusi,4,2016,luis_chasqui,69,10,50,22,14,2,10,suave,exposed,epi_lab,epinephelus_labriformis,2,13
cabo_corrientes,punta_arusi,4,2016,luis_chasqui,69,10,50,22,14,2,10,suave,exposed,epi_lab,epinephelus_labriformis,3,25
cabo_corrientes,punta_arusi,4,2016,luis_chasqui,69,10,50,22,14,2,10,suave,exposed,suf_ver,sufflamen_verres,1,25
cabo_corrientes,punta_arusi,4,2016,luis_chasqui,69,10,50,22,14,2,10,suave,exposed,hal_dis,halichoeres_dispilus,1,18
cabo_corrientes,punta_arusi,4,2016,luis_chasqui,69,10,50,22,14,2,10,suave,exposed,hal_dis,halichoeres_dispilus,100,3
cabo_corrientes,punta_arusi,4,2016,luis_chasqui,69,10,50,22,14,2,10,suave,exposed,chr_atr,chromis_atrilobata,10,8
cabo_corrientes,punta_arusi,4,2016,luis_chasqui,69,10,50,22,14,2,10,suave,exposed,cep_pan,cephalopholis_panamensis,4,25
cabo_corrientes,punta_arusi,4,2016,luis_chasqui,69,10,50,22,14,2,10,suave,exposed,cep_pan,cephalopholis_panamensis,2,18
cabo_corrientes,punta_arusi,4,2016,luis_chasqui,69,10,50,22,14,2,10,suave,exposed,hae_mac,haemulon_maculicauda,100,8
cabo_corrientes,punta_arusi,4,2016,luis_chasqui,69,10,50,22,14,2,10,suave,exposed,hae_ste,haemulon_steindachneri,1,8
cabo_corrientes,punta_arusi,4,2016,luis_chasqui,69,10,50,22,14,2,10,suave,exposed,can_pun,canthigaster_punctatissima,2,3
cabo_corrientes,punta_arusi,4,2016,luis_chasqui,69,10,50,22,14,2,10,suave,exposed,lut_gut,lutjanus_guttatus,50,3
cabo_corrientes,punta_arusi,4,2016,luis_chasqui,69,10,50,22,14,2,10,suave,exposed,par_col,paranthias_colonus,20,3
cabo_corrientes,punta_arusi,4,2016,luis_chasqui,69,10,50,22,14,2,10,suave,exposed,ser_psi,serranus_psittacinus,5,3
cabo_corrientes,punta_arusi,4,2016,luis_chasqui,69,10,50,22,14,2,10,suave,exposed,cha_hum,chaetodon_humeralis,1,8
cabo_corrientes,punta_arusi,4,2016,luis_chasqui,70,10,50,23,11,2,10,suave,exposed,ste_fla,stegastes_flavilatus,15,8
cabo_corrientes,punta_arusi,4,2016,luis_chasqui,70,10,50,23,11,2,10,suave,exposed,bod_dip,bodianus_diplotaenia,1,18
cabo_corrientes,punta_arusi,4,2016,luis_chasqui,70,10,50,23,11,2,10,suave,exposed,epi_lab,epinephelus_labriformis,5,18
cabo_corrientes,punta_arusi,4,2016,luis_chasqui,70,10,50,23,11,2,10,suave,exposed,cep_pan,cephalopholis_panamensis,5,18
cabo_corrientes,punta_arusi,4,2016,luis_chasqui,70,10,50,23,11,2,10,suave,exposed,pla_aza,plagiotremus_azaleus,12,3
cabo_corrientes,punta_arusi,4,2016,luis_chasqui,70,10,50,23,11,2,10,suave,exposed,chr_atr,chromis_atrilobata,100,3
cabo_corrientes,punta_arusi,4,2016,luis_chasqui,70,10,50,23,11,2,10,suave,exposed,suf_ver,sufflamen_verres,3,3
cabo_corrientes,punta_arusi,4,2016,luis_chasqui,70,10,50,23,11,2,10,suave,exposed,hal_dis,halichoeres_dispilus,20,3
cabo_corrientes,punta_arusi,4,2016,luis_chasqui,70,10,50,23,11,2,10,suave,exposed,lut_arg,lutjanus_argentiventris,4,18
cabo_corrientes,punta_arusi,4,2016,luis_chasqui,70,10,50,23,11,2,10,suave,exposed,suf_ver,sufflamen_verres,8,18
cabo_corrientes,punta_arusi,4,2016,luis_chasqui,70,10,50,23,11,2,10,suave,exposed,aro_mel,arothron_meleagris,1,18
cabo_corrientes,punta_arusi,4,2016,luis_chasqui,70,10,50,23,11,2,10,suave,exposed,aro_his,arothron_hispidus,13,25
cabo_corrientes,punta_arusi,4,2016,luis_chasqui,70,10,50,23,11,2,10,suave,exposed,bod_dip,bodianus_diplotaenia,20,3
cabo_corrientes,punta_arusi,4,2016,luis_chasqui,70,10,50,23,11,2,10,suave,exposed,ser_psi,serranus_psittacinus,1,3
cabo_corrientes,punta_arusi,4,2016,luis_chasqui,70,10,50,23,11,2,10,suave,exposed,can_pun,canthigaster_punctatissima,7,3
cabo_corrientes,punta_arusi,4,2016,luis_chasqui,70,10,50,23,11,2,10,suave,exposed,par_col,paranthias_colonus,5,8
cabo_corrientes,punta_arusi,4,2016,luis_chasqui,70,10,50,23,11,2,10,suave,exposed,par_col,paranthias_colonus,3,13
cabo_corrientes,punta_arusi,4,2016,luis_chasqui,71,10,50,23,8,2,10,suave,exposed,chr_atr,chromis_atrilobata,100,3
cabo_corrientes,punta_arusi,4,2016,luis_chasqui,71,10,50,23,8,2,10,suave,exposed,ste_fla,stegastes_flavilatus,11,3
cabo_corrientes,punta_arusi,4,2016,luis_chasqui,71,10,50,23,8,2,10,suave,exposed,ste_fla,stegastes_flavilatus,17,8
cabo_corrientes,punta_arusi,4,2016,luis_chasqui,71,10,50,23,8,2,10,suave,exposed,suf_ver,sufflamen_verres,3,3
cabo_corrientes,punta_arusi,4,2016,luis_chasqui,71,10,50,23,8,2,10,suave,exposed,suf_ver,sufflamen_verres,3,18
cabo_corrientes,punta_arusi,4,2016,luis_chasqui,71,10,50,23,8,2,10,suave,exposed,cep_pan,cephalopholis_panamensis,2,13
cabo_corrientes,punta_arusi,4,2016,luis_chasqui,71,10,50,23,8,2,10,suave,exposed,cep_pan,cephalopholis_panamensis,1,25
cabo_corrientes,punta_arusi,4,2016,luis_chasqui,71,10,50,23,8,2,10,suave,exposed,hal_not,halichoeres_notospilus,1,25
cabo_corrientes,punta_arusi,4,2016,luis_chasqui,71,10,50,23,8,2,10,suave,exposed,aro_mel,arothron_meleagris,1,8
cabo_corrientes,punta_arusi,4,2016,luis_chasqui,71,10,50,23,8,2,10,suave,exposed,can_pun,canthigaster_punctatissima,8,3
cabo_corrientes,punta_arusi,4,2016,luis_chasqui,71,10,50,23,8,2,10,suave,exposed,bod_dip,bodianus_diplotaenia,50,3
cabo_corrientes,punta_arusi,4,2016,luis_chasqui,71,10,50,23,8,2,10,suave,exposed,odo_xan,odontoscion_xanthops,2,18
cabo_corrientes,punta_arusi,4,2016,luis_chasqui,71,10,50,23,8,2,10,suave,exposed,epi_lab,epinephelus_labriformis,2,18
cabo_corrientes,punta_arusi,4,2016,luis_chasqui,71,10,50,23,8,2,10,suave,exposed,sar_sub,sargocentron_suborbitalis,2,18
cabo_corrientes,punta_arusi,4,2016,luis_chasqui,71,10,50,23,8,2,10,suave,exposed,hal_dis,halichoeres_dispilus,100,3
cabo_corrientes,punta_arusi,4,2016,luis_chasqui,71,10,50,23,8,2,10,suave,exposed,pla_aza,plagiotremus_azaleus,10,3
cabo_corrientes,punta_arusi,4,2016,luis_chasqui,71,10,50,23,8,2,10,suave,exposed,epi_lab,epinephelus_labriformis,2,25
cabo_corrientes,punta_arusi,4,2016,luis_chasqui,71,10,50,23,8,2,10,suave,exposed,epi_lab,epinephelus_labriformis,1,13
cabo_corrientes,punta_arusi,4,2016,luis_chasqui,71,10,50,23,8,2,10,suave,exposed,cir_oxy,cirrhitichthys_oxycephalus,3,3
cabo_corrientes,punta_arusi,4,2016,luis_chasqui,72,10,50,23,7,2,10,suave,exposed,aul_chi,aulostomus_chinensis,2,18
cabo_corrientes,punta_arusi,4,2016,luis_chasqui,72,10,50,23,7,2,10,suave,exposed,odo_xan,odontoscion_xanthops,25,18
cabo_corrientes,punta_arusi,4,2016,luis_chasqui,72,10,50,23,7,2,10,suave,exposed,epi_lab,epinephelus_labriformis,2,35
cabo_corrientes,punta_arusi,4,2016,luis_chasqui,72,10,50,23,7,2,10,suave,exposed,can_pun,canthigaster_punctatissima,8,3
cabo_corrientes,punta_arusi,4,2016,luis_chasqui,72,10,50,23,7,2,10,suave,exposed,aca_nig,acanthurus_nigricans,1,8
cabo_corrientes,punta_arusi,4,2016,luis_chasqui,72,10,50,23,7,2,10,suave,exposed,ste_fla,stegastes_flavilatus,5,8
cabo_corrientes,punta_arusi,4,2016,luis_chasqui,72,10,50,23,7,2,10,suave,exposed,suf_ver,sufflamen_verres,1,3
cabo_corrientes,punta_arusi,4,2016,luis_chasqui,72,10,50,23,7,2,10,suave,exposed,suf_ver,sufflamen_verres,1,8
cabo_corrientes,punta_arusi,4,2016,luis_chasqui,72,10,50,23,7,2,10,suave,exposed,cep_pan,cephalopholis_panamensis,3,18
cabo_corrientes,punta_arusi,4,2016,luis_chasqui,72,10,50,23,7,2,10,suave,exposed,cep_pan,cephalopholis_panamensis,1,25
cabo_corrientes,punta_arusi,4,2016,luis_chasqui,72,10,50,23,7,2,10,suave,exposed,hae_fla,haemulon_flaviguttatum,12,8
cabo_corrientes,punta_arusi,4,2016,luis_chasqui,72,10,50,23,7,2,10,suave,exposed,myc_xen,mycteroperca_xenarcha,2,25
cabo_corrientes,punta_arusi,4,2016,luis_chasqui,72,10,50,23,7,2,10,suave,exposed,suf_ver,sufflamen_verres,3,18
cabo_corrientes,punta_arusi,4,2016,luis_chasqui,72,10,50,23,7,2,10,suave,exposed,hal_not,halichoeres_notospilus,1,25
cabo_corrientes,punta_arusi,4,2016,luis_chasqui,72,10,50,23,7,2,10,suave,exposed,myr_lei,myripristis_leiognathus,1,13
cabo_corrientes,punta_arusi,4,2016,luis_chasqui,72,10,50,23,7,2,10,suave,exposed,lut_arg,lutjanus_argentiventris,1,25
cabo_corrientes,punta_arusi,4,2016,luis_chasqui,72,10,50,23,7,2,10,suave,exposed,lut_arg,lutjanus_argentiventris,1,18
cabo_corrientes,punta_arusi,4,2016,luis_chasqui,72,10,50,23,7,2,10,suave,exposed,lut_arg,lutjanus_argentiventris,1,35
cabo_corrientes,punta_arusi,4,2016,luis_chasqui,72,10,50,23,7,2,10,suave,exposed,car_cab,caranx_caballus,2,25
cabo_corrientes,punta_arusi,4,2016,luis_chasqui,72,10,50,23,7,2,10,suave,exposed,myr_lei,myripristis_leiognathus,1,13
cabo_corrientes,punta_arusi,4,2016,luis_chasqui,72,10,50,23,7,2,10,suave,exposed,hae_fla,haemulon_flaviguttatum,100,8
cabo_corrientes,punta_arusi,4,2016,luis_chasqui,72,10,50,23,7,2,10,suave,exposed,bod_dip,bodianus_diplotaenia,2,35
cabo_corrientes,punta_arusi,4,2016,luis_chasqui,72,10,50,23,7,2,10,suave,exposed,epi_lab,epinephelus_labriformis,1,25
cabo_corrientes,punta_arusi,4,2016,luis_chasqui,73,10,50,23,6,2,10,suave,exposed,ste_fla,stegastes_flavilatus,10,8
cabo_corrientes,punta_arusi,4,2016,luis_chasqui,73,10,50,23,6,2,10,suave,exposed,kyp_ana,kyphosus_vaigiensis,20,25
cabo_corrientes,punta_arusi,4,2016,luis_chasqui,73,10,50,23,6,2,10,suave,exposed,suf_ver,sufflamen_verres,2,18
cabo_corrientes,punta_arusi,4,2016,luis_chasqui,73,10,50,23,6,2,10,suave,exposed,hol_pas,holacanthus_passer,1,18
cabo_corrientes,punta_arusi,4,2016,luis_chasqui,73,10,50,23,6,2,10,suave,exposed,lut_arg,lutjanus_argentiventris,4,18
cabo_corrientes,punta_arusi,4,2016,luis_chasqui,73,10,50,23,6,2,10,suave,exposed,chr_atr,chromis_atrilobata,100,3
cabo_corrientes,punta_arusi,4,2016,luis_chasqui,73,10,50,23,6,2,10,suave,exposed,myr_lei,myripristis_leiognathus,8,13
cabo_corrientes,punta_arusi,4,2016,luis_chasqui,73,10,50,23,6,2,10,suave,exposed,sar_sub,sargocentron_suborbitalis,5,18
cabo_corrientes,punta_arusi,4,2016,luis_chasqui,73,10,50,23,6,2,10,suave,exposed,can_pun,canthigaster_punctatissima,1,3
cabo_corrientes,punta_arusi,4,2016,luis_chasqui,73,10,50,23,6,2,10,suave,exposed,aro_mel,arothron_meleagris,1,25
cabo_corrientes,punta_arusi,4,2016,luis_chasqui,73,10,50,23,6,2,10,suave,exposed,cir_riv,cirrhitus_rivulatus,1,35
cabo_corrientes,punta_arusi,4,2016,luis_chasqui,73,10,50,23,6,2,10,suave,exposed,cep_pan,cephalopholis_panamensis,2,18
cabo_corrientes,punta_arusi,4,2016,luis_chasqui,73,10,50,23,6,2,10,suave,exposed,epi_lab,epinephelus_labriformis,2,25
cabo_corrientes,punta_arusi,4,2016,luis_chasqui,73,10,50,23,6,2,10,suave,exposed,bod_dip,bodianus_diplotaenia,1,18
cabo_corrientes,punta_arusi,4,2016,luis_chasqui,73,10,50,23,6,2,10,suave,exposed,odo_xan,odontoscion_xanthops,8,18
cabo_corrientes,punta_arusi,4,2016,luis_chasqui,73,10,50,23,6,2,10,suave,exposed,ste_fla,stegastes_flavilatus,5,3
bahia_solano,piedra_del_norte,4,2016,luis_chasqui,134,19,50,26,17,2,20,suave,exposed,ser_psi,serranus_psittacinus,5,8
bahia_solano,piedra_del_norte,4,2016,luis_chasqui,134,19,50,26,17,2,20,suave,exposed,ser_psi,serranus_psittacinus,1,13
bahia_solano,piedra_del_norte,4,2016,luis_chasqui,134,19,50,26,17,2,20,suave,exposed,bod_dip,bodianus_diplotaenia,1,8
bahia_solano,piedra_del_norte,4,2016,luis_chasqui,134,19,50,26,17,2,20,suave,exposed,bod_dip,bodianus_diplotaenia,1,13
bahia_solano,piedra_del_norte,4,2016,luis_chasqui,134,19,50,26,17,2,20,suave,exposed,bod_dip,bodianus_diplotaenia,1,3
bahia_solano,piedra_del_norte,4,2016,luis_chasqui,134,19,50,26,17,2,20,suave,exposed,cep_pan,cephalopholis_panamensis,1,13
bahia_solano,piedra_del_norte,4,2016,luis_chasqui,134,19,50,26,17,2,20,suave,exposed,hal_nic,halichoeres_nicholsi,3,13
bahia_solano,piedra_del_norte,4,2016,luis_chasqui,134,19,50,26,17,2,20,suave,exposed,hal_nic,halichoeres_nicholsi,1,25
bahia_solano,piedra_del_norte,4,2016,luis_chasqui,134,19,50,26,17,2,20,suave,exposed,pri_lat,prionurus_laticlavius,2,25
bahia_solano,piedra_del_norte,4,2016,luis_chasqui,134,19,50,26,17,2,20,suave,exposed,epi_lab,epinephelus_labriformis,1,18
bahia_solano,piedra_del_norte,4,2016,luis_chasqui,134,19,50,26,17,2,20,suave,exposed,suf_ver,sufflamen_verres,7,18
bahia_solano,piedra_del_norte,4,2016,luis_chasqui,134,19,50,26,17,2,20,suave,exposed,sca_gho,scarus_ghobban,1,45
bahia_solano,piedra_del_norte,4,2016,luis_chasqui,134,19,50,26,17,2,20,suave,exposed,sca_gho,scarus_ghobban,4,25
bahia_solano,piedra_del_norte,4,2016,luis_chasqui,134,19,50,26,17,2,20,suave,exposed,mal_bre,malacanthus_brevirostris,1,25
bahia_solano,piedra_del_norte,4,2016,luis_chasqui,134,19,50,26,17,2,20,suave,exposed,can_pun,canthigaster_punctatissima,10,3
bahia_solano,piedra_del_norte,4,2016,luis_chasqui,134,19,50,26,17,2,20,suave,exposed,hal_dis,halichoeres_dispilus,50,3
bahia_solano,piedra_del_norte,4,2016,luis_chasqui,134,19,50,26,17,2,20,suave,exposed,sca_per,scarus_perrico,1,35
bahia_solano,piedra_del_norte,4,2016,luis_chasqui,134,19,50,26,17,2,20,suave,exposed,kyp_ana,kyphosus_vaigiensis,2,35
bahia_solano,piedra_del_norte,4,2016,luis_chasqui,134,19,50,26,17,2,20,suave,exposed,hol_pas,holacanthus_passer,1,18
bahia_solano,piedra_del_norte,4,2016,luis_chasqui,134,19,50,26,17,2,20,suave,exposed,ste_fla,stegastes_flavilatus,15,8
bahia_solano,piedra_del_norte,4,2016,luis_chasqui,134,19,50,26,17,2,20,suave,exposed,tha_luc,thalassoma_lucasanum,10,3
bahia_solano,piedra_del_norte,4,2016,luis_chasqui,134,19,50,26,17,2,20,suave,exposed,par_col,paranthias_colonus,10,8
bahia_solano,piedra_del_norte,4,2016,luis_chasqui,135,19,50,26,17,2,20,suave,exposed,can_pun,canthigaster_punctatissima,10,3
bahia_solano,piedra_del_norte,4,2016,luis_chasqui,135,19,50,26,17,2,20,suave,exposed,ser_psi,serranus_psittacinus,2,8
bahia_solano,piedra_del_norte,4,2016,luis_chasqui,135,19,50,26,17,2,20,suave,exposed,joh_nig,johnrandallia_nigrirostris,2,8
bahia_solano,piedra_del_norte,4,2016,luis_chasqui,135,19,50,26,17,2,20,suave,exposed,suf_ver,sufflamen_verres,1,8
bahia_solano,piedra_del_norte,4,2016,luis_chasqui,135,19,50,26,17,2,20,suave,exposed,suf_ver,sufflamen_verres,13,13
bahia_solano,piedra_del_norte,4,2016,luis_chasqui,135,19,50,26,17,2,20,suave,exposed,suf_ver,sufflamen_verres,2,18
bahia_solano,piedra_del_norte,4,2016,luis_chasqui,135,19,50,26,17,2,20,suave,exposed,epi_lab,epinephelus_labriformis,3,25
bahia_solano,piedra_del_norte,4,2016,luis_chasqui,135,19,50,26,17,2,20,suave,exposed,ste_fla,stegastes_flavilatus,3,8
bahia_solano,piedra_del_norte,4,2016,luis_chasqui,135,19,50,26,17,2,20,suave,exposed,cep_pan,cephalopholis_panamensis,1,8
bahia_solano,piedra_del_norte,4,2016,luis_chasqui,135,19,50,26,17,2,20,suave,exposed,cep_pan,cephalopholis_panamensis,5,13
bahia_solano,piedra_del_norte,4,2016,luis_chasqui,135,19,50,26,17,2,20,suave,exposed,mul_den,mulloidichthys_dentatus,1,25
bahia_solano,piedra_del_norte,4,2016,luis_chasqui,135,19,50,26,17,2,20,suave,exposed,sca_rub,scarus_rubroviolaceus,1,45
bahia_solano,piedra_del_norte,4,2016,luis_chasqui,135,19,50,26,17,2,20,suave,exposed,hal_chi,halichoeres_chierchiae,10,13
bahia_solano,piedra_del_norte,4,2016,luis_chasqui,135,19,50,26,17,2,20,suave,exposed,par_col,paranthias_colonus,20,13
bahia_solano,piedra_del_norte,4,2016,luis_chasqui,135,19,50,26,17,2,20,suave,exposed,epi_lab,epinephelus_labriformis,1,13
bahia_solano,piedra_del_norte,4,2016,luis_chasqui,135,19,50,26,17,2,20,suave,exposed,myr_lei,myripristis_leiognathus,1,13
bahia_solano,piedra_del_norte,4,2016,luis_chasqui,135,19,50,26,17,2,20,suave,exposed,hal_nic,halichoeres_nicholsi,1,13
bahia_solano,piedra_del_norte,4,2016,luis_chasqui,135,19,50,26,17,2,20,suave,exposed,hal_dis,halichoeres_dispilus,50,3
bahia_solano,piedra_del_norte,4,2016,luis_chasqui,135,19,50,26,17,2,20,suave,exposed,hol_pas,holacanthus_passer,1,13
bahia_solano,piedra_del_norte,4,2016,luis_chasqui,135,19,50,26,17,2,20,suave,exposed,sca_gho,scarus_ghobban,1,25
bahia_solano,piedra_del_norte,4,2016,luis_chasqui,136,19,50,26,17,2,20,suave,exposed,chr_atr,chromis_atrilobata,100,3
bahia_solano,piedra_del_norte,4,2016,luis_chasqui,136,19,50,26,17,2,20,suave,exposed,hal_nic,halichoeres_nicholsi,1,25
bahia_solano,piedra_del_norte,4,2016,luis_chasqui,136,19,50,26,17,2,20,suave,exposed,hol_pas,holacanthus_passer,2,13
bahia_solano,piedra_del_norte,4,2016,luis_chasqui,136,19,50,26,17,2,20,suave,exposed,hol_pas,holacanthus_passer,1,18
bahia_solano,piedra_del_norte,4,2016,luis_chasqui,136,19,50,26,17,2,20,suave,exposed,cep_pan,cephalopholis_panamensis,1,18
bahia_solano,piedra_del_norte,4,2016,luis_chasqui,136,19,50,26,17,2,20,suave,exposed,par_col,paranthias_colonus,50,8
bahia_solano,piedra_del_norte,4,2016,luis_chasqui,136,19,50,26,17,2,20,suave,exposed,suf_ver,sufflamen_verres,2,13
bahia_solano,piedra_del_norte,4,2016,luis_chasqui,136,19,50,26,17,2,20,suave,exposed,fis_com,fistularia_commersonii,1,75
bahia_solano,piedra_del_norte,4,2016,luis_chasqui,136,19,50,26,17,2,20,suave,exposed,suf_ver,sufflamen_verres,1,18
bahia_solano,piedra_del_norte,4,2016,luis_chasqui,136,19,50,26,17,2,20,suave,exposed,epi_lab,epinephelus_labriformis,1,35
bahia_solano,piedra_del_norte,4,2016,luis_chasqui,136,19,50,26,17,2,20,suave,exposed,hal_dis,halichoeres_dispilus,100,3
bahia_solano,piedra_del_norte,4,2016,luis_chasqui,136,19,50,26,17,2,20,suave,exposed,tha_luc,thalassoma_lucasanum,20,3
bahia_solano,piedra_del_norte,4,2016,luis_chasqui,136,19,50,26,17,2,20,suave,exposed,can_pun,canthigaster_punctatissima,4,3
bahia_solano,piedra_del_norte,4,2016,luis_chasqui,136,19,50,26,17,2,20,suave,exposed,sca_rub,scarus_rubroviolaceus,2,45
bahia_solano,piedra_del_norte,4,2016,luis_chasqui,136,19,50,26,17,2,20,suave,exposed,epi_lab,epinephelus_labriformis,1,8
bahia_solano,piedra_del_norte,4,2016,luis_chasqui,136,19,50,26,17,2,20,suave,exposed,mal_bre,malacanthus_brevirostris,2,8
bahia_solano,piedra_del_norte,4,2016,luis_chasqui,136,19,50,26,17,2,20,suave,exposed,mal_bre,malacanthus_brevirostris,1,13
bahia_solano,piedra_del_norte,4,2016,luis_chasqui,136,19,50,26,17,2,20,suave,exposed,ste_fla,stegastes_flavilatus,10,8
bahia_solano,piedra_del_norte,4,2016,luis_chasqui,136,19,50,26,17,2,20,suave,exposed,hal_nic,halichoeres_nicholsi,3,13
bahia_solano,piedra_del_norte,4,2016,luis_chasqui,136,19,50,26,17,2,20,suave,exposed,joh_nig,johnrandallia_nigrirostris,1,8
bahia_solano,piedra_del_norte,4,2016,luis_chasqui,136,19,50,26,17,2,20,suave,exposed,cir_oxy,cirrhitichthys_oxycephalus,2,3
bahia_solano,piedra_del_norte,4,2016,luis_chasqui,137,19,50,26,16,2,20,suave,exposed,zan_cor,zanclus_cornutus,3,18
bahia_solano,piedra_del_norte,4,2016,luis_chasqui,137,19,50,26,16,2,20,suave,exposed,epi_lab,epinephelus_labriformis,6,13
bahia_solano,piedra_del_norte,4,2016,luis_chasqui,137,19,50,26,16,2,20,suave,exposed,mul_den,mulloidichthys_dentatus,2,35
bahia_solano,piedra_del_norte,4,2016,luis_chasqui,137,19,50,26,16,2,20,suave,exposed,sca_gho,scarus_ghobban,1,45
bahia_solano,piedra_del_norte,4,2016,luis_chasqui,137,19,50,26,16,2,20,suave,exposed,hol_pas,holacanthus_passer,4,13
bahia_solano,piedra_del_norte,4,2016,luis_chasqui,137,19,50,26,16,2,20,suave,exposed,hol_pas,holacanthus_passer,1,8
bahia_solano,piedra_del_norte,4,2016,luis_chasqui,137,19,50,26,16,2,20,suave,exposed,joh_nig,johnrandallia_nigrirostris,31,8
bahia_solano,piedra_del_norte,4,2016,luis_chasqui,137,19,50,26,16,2,20,suave,exposed,cep_pan,cephalopholis_panamensis,4,18
bahia_solano,piedra_del_norte,4,2016,luis_chasqui,137,19,50,26,16,2,20,suave,exposed,epi_lab,epinephelus_labriformis,1,35
bahia_solano,piedra_del_norte,4,2016,luis_chasqui,137,19,50,26,16,2,20,suave,exposed,pse_nau,pseudobalistes_naufragium,1,35
bahia_solano,piedra_del_norte,4,2016,luis_chasqui,137,19,50,26,16,2,20,suave,exposed,aro_his,arothron_hispidus,1,18
bahia_solano,piedra_del_norte,4,2016,luis_chasqui,137,19,50,26,16,2,20,suave,exposed,bod_dip,bodianus_diplotaenia,1,13
bahia_solano,piedra_del_norte,4,2016,luis_chasqui,137,19,50,26,16,2,20,suave,exposed,hal_nic,halichoeres_nicholsi,1,13
bahia_solano,piedra_del_norte,4,2016,luis_chasqui,137,19,50,26,16,2,20,suave,exposed,hal_dis,halichoeres_dispilus,30,3
bahia_solano,piedra_del_norte,4,2016,luis_chasqui,137,19,50,26,16,2,20,suave,exposed,pri_lat,prionurus_laticlavius,1,25
bahia_solano,piedra_del_norte,4,2016,luis_chasqui,137,19,50,26,16,2,20,suave,exposed,ste_fla,stegastes_flavilatus,10,8
bahia_solano,piedra_del_norte,4,2016,luis_chasqui,137,19,50,26,16,2,20,suave,exposed,suf_ver,sufflamen_verres,1,18
bahia_solano,piedra_del_norte,4,2016,luis_chasqui,137,19,50,26,16,2,20,suave,exposed,epi_lab,epinephelus_labriformis,1,18
bahia_solano,piedra_del_norte,4,2016,luis_chasqui,137,19,50,26,16,2,20,suave,exposed,aul_chi,aulostomus_chinensis,1,25
bahia_solano,piedra_del_norte,4,2016,luis_chasqui,137,19,50,26,16,2,20,suave,exposed,gym_cas,gymnothorax_castaneus,1,85
bahia_solano,piedra_del_norte,4,2016,luis_chasqui,137,19,50,26,16,2,20,suave,exposed,hal_chi,halichoeres_chierchiae,2,13
bahia_solano,piedra_del_norte,4,2016,luis_chasqui,137,19,50,26,16,2,20,suave,exposed,par_col,paranthias_colonus,100,8
bahia_solano,piedra_del_norte,4,2016,luis_chasqui,137,19,50,26,16,2,20,suave,exposed,par_col,paranthias_colonus,20,13
bahia_solano,piedra_del_norte,4,2016,luis_chasqui,137,19,50,26,16,2,20,suave,exposed,par_col,paranthias_colonus,20,18
bahia_solano,piedra_del_norte,4,2016,luis_chasqui,137,19,50,26,16,2,20,suave,exposed,ser_psi,serranus_psittacinus,1,8
bahia_solano,piedra_del_norte,4,2016,luis_chasqui,137,19,50,26,16,2,20,suave,exposed,ser_psi,serranus_psittacinus,1,3
bahia_solano,piedra_del_norte,4,2016,luis_chasqui,138,19,50,26,14,2,20,suave,exposed,sco_sie,scomberomorus_sierra,2,85
bahia_solano,piedra_del_norte,4,2016,luis_chasqui,138,19,50,26,14,2,20,suave,exposed,epi_lab,epinephelus_labriformis,1,25
bahia_solano,piedra_del_norte,4,2016,luis_chasqui,138,19,50,26,14,2,20,suave,exposed,hol_pas,holacanthus_passer,11,25
bahia_solano,piedra_del_norte,4,2016,luis_chasqui,138,19,50,26,14,2,20,suave,exposed,suf_ver,sufflamen_verres,9,13
bahia_solano,piedra_del_norte,4,2016,luis_chasqui,138,19,50,26,14,2,20,suave,exposed,suf_ver,sufflamen_verres,1,18
bahia_solano,piedra_del_norte,4,2016,luis_chasqui,138,19,50,26,14,2,20,suave,exposed,cep_pan,cephalopholis_panamensis,2,18
bahia_solano,piedra_del_norte,4,2016,luis_chasqui,138,19,50,26,14,2,20,suave,exposed,hol_pas,holacanthus_passer,1,8
bahia_solano,piedra_del_norte,4,2016,luis_chasqui,138,19,50,26,14,2,20,suave,exposed,hol_pas,holacanthus_passer,1,13
bahia_solano,piedra_del_norte,4,2016,luis_chasqui,138,19,50,26,14,2,20,suave,exposed,pri_lat,prionurus_laticlavius,2,25
bahia_solano,piedra_del_norte,4,2016,luis_chasqui,138,19,50,26,14,2,20,suave,exposed,joh_nig,johnrandallia_nigrirostris,4,8
bahia_solano,piedra_del_norte,4,2016,luis_chasqui,138,19,50,26,14,2,20,suave,exposed,chr_atr,chromis_atrilobata,200,3
bahia_solano,piedra_del_norte,4,2016,luis_chasqui,138,19,50,26,14,2,20,suave,exposed,ste_fla,stegastes_flavilatus,4,8
bahia_solano,piedra_del_norte,4,2016,luis_chasqui,138,19,50,26,14,2,20,suave,exposed,hal_dis,halichoeres_dispilus,30,3
bahia_solano,piedra_del_norte,4,2016,luis_chasqui,138,19,50,26,14,2,20,suave,exposed,tha_luc,thalassoma_lucasanum,20,3
bahia_solano,piedra_del_norte,4,2016,luis_chasqui,138,19,50,26,14,2,20,suave,exposed,epi_lab,epinephelus_labriformis,2,13
bahia_solano,piedra_del_norte,4,2016,luis_chasqui,138,19,50,26,14,2,20,suave,exposed,aro_mel,arothron_meleagris,1,13
bahia_solano,piedra_del_norte,4,2016,luis_chasqui,138,19,50,26,14,2,20,suave,exposed,par_col,paranthias_colonus,50,3
bahia_solano,piedra_del_norte,4,2016,luis_chasqui,138,19,50,26,14,2,20,suave,exposed,hal_nic,halichoeres_nicholsi,1,13
bahia_solano,piedra_del_norte,4,2016,luis_chasqui,138,19,50,26,14,2,20,suave,exposed,hal_nic,halichoeres_nicholsi,4,8
bahia_solano,piedra_del_norte,4,2016,luis_chasqui,138,19,50,26,14,2,20,suave,exposed,suf_ver,sufflamen_verres,1,18
bahia_solano,piedra_del_norte,4,2016,luis_chasqui,139,19,50,26,14,2,20,suave,exposed,suf_ver,sufflamen_verres,6,18
bahia_solano,piedra_del_norte,4,2016,luis_chasqui,139,19,50,26,14,2,20,suave,exposed,suf_ver,sufflamen_verres,1,25
bahia_solano,piedra_del_norte,4,2016,luis_chasqui,139,19,50,26,14,2,20,suave,exposed,nov_tae,novaculichthys_taeniourus,1,25
bahia_solano,piedra_del_norte,4,2016,luis_chasqui,139,19,50,26,14,2,20,suave,exposed,epi_lab,epinephelus_labriformis,1,8
bahia_solano,piedra_del_norte,4,2016,luis_chasqui,139,19,50,26,14,2,20,suave,exposed,epi_lab,epinephelus_labriformis,3,35
bahia_solano,piedra_del_norte,4,2016,luis_chasqui,139,19,50,26,14,2,20,suave,exposed,cep_pan,cephalopholis_panamensis,2,25
bahia_solano,piedra_del_norte,4,2016,luis_chasqui,139,19,50,26,14,2,20,suave,exposed,cep_pan,cephalopholis_panamensis,3,18
bahia_solano,piedra_del_norte,4,2016,luis_chasqui,139,19,50,26,14,2,20,suave,exposed,par_col,paranthias_colonus,100,13
bahia_solano,piedra_del_norte,4,2016,luis_chasqui,139,19,50,26,14,2,20,suave,exposed,par_col,paranthias_colonus,100,18
bahia_solano,piedra_del_norte,4,2016,luis_chasqui,139,19,50,26,14,2,20,suave,exposed,lut_arg,lutjanus_argentiventris,2,25
bahia_solano,piedra_del_norte,4,2016,luis_chasqui,139,19,50,26,14,2,20,suave,exposed,joh_nig,johnrandallia_nigrirostris,7,8
bahia_solano,piedra_del_norte,4,2016,luis_chasqui,139,19,50,26,14,2,20,suave,exposed,hol_pas,holacanthus_passer,12,18
bahia_solano,piedra_del_norte,4,2016,luis_chasqui,139,19,50,26,14,2,20,suave,exposed,dec_mac,decapterus_macarellus,200,18
bahia_solano,piedra_del_norte,4,2016,luis_chasqui,139,19,50,26,14,2,20,suave,exposed,ste_fla,stegastes_flavilatus,10,8
bahia_solano,piedra_del_norte,4,2016,luis_chasqui,139,19,50,26,14,2,20,suave,exposed,myr_lei,myripristis_leiognathus,2,8
bahia_solano,piedra_del_norte,4,2016,luis_chasqui,139,19,50,26,14,2,20,suave,exposed,zan_cor,zanclus_cornutus,3,18
bahia_solano,piedra_del_norte,4,2016,luis_chasqui,139,19,50,26,14,2,20,suave,exposed,sca_gho,scarus_ghobban,1,35
bahia_solano,piedra_del_norte,4,2016,luis_chasqui,139,19,50,26,14,2,20,suave,exposed,cir_oxy,cirrhitichthys_oxycephalus,1,3
bahia_solano,piedra_del_norte,4,2016,luis_chasqui,139,19,50,26,14,2,20,suave,exposed,can_pun,canthigaster_punctatissima,10,3
bahia_solano,piedra_de_zapata,4,2016,luis_chasqui,140,20,50,27,8,2,5,media,exposed,bod_dip,bodianus_diplotaenia,3,18
bahia_solano,piedra_de_zapata,4,2016,luis_chasqui,140,20,50,27,8,2,5,media,exposed,lut_vir,lutjanus_viridis,6,18
bahia_solano,piedra_de_zapata,4,2016,luis_chasqui,140,20,50,27,8,2,5,media,exposed,mul_den,mulloidichthys_dentatus,1,35
bahia_solano,piedra_de_zapata,4,2016,luis_chasqui,140,20,50,27,8,2,5,media,exposed,epi_lab,epinephelus_labriformis,4,25
bahia_solano,piedra_de_zapata,4,2016,luis_chasqui,140,20,50,27,8,2,5,media,exposed,cep_pan,cephalopholis_panamensis,1,25
bahia_solano,piedra_de_zapata,4,2016,luis_chasqui,140,20,50,27,8,2,5,media,exposed,ste_fla,stegastes_flavilatus,3,8
bahia_solano,piedra_de_zapata,4,2016,luis_chasqui,140,20,50,27,8,2,5,media,exposed,abu_tro,abudefduf_troschelii,10,13
bahia_solano,piedra_de_zapata,4,2016,luis_chasqui,140,20,50,27,8,2,5,media,exposed,aca_xan,acanthurus_xanthopterus,11,35
bahia_solano,piedra_de_zapata,4,2016,luis_chasqui,140,20,50,27,8,2,5,media,exposed,kyp_ana,kyphosus_vaigiensis,4,25
bahia_solano,piedra_de_zapata,4,2016,luis_chasqui,140,20,50,27,8,2,5,media,exposed,cep_pan,cephalopholis_panamensis,2,18
bahia_solano,piedra_de_zapata,4,2016,luis_chasqui,140,20,50,27,8,2,5,media,exposed,hol_pas,holacanthus_passer,1,25
bahia_solano,piedra_de_zapata,4,2016,luis_chasqui,140,20,50,27,8,2,5,media,exposed,hal_nic,halichoeres_nicholsi,1,25
bahia_solano,piedra_de_zapata,4,2016,luis_chasqui,140,20,50,27,8,2,5,media,exposed,joh_nig,johnrandallia_nigrirostris,5,8
bahia_solano,piedra_de_zapata,4,2016,luis_chasqui,140,20,50,27,8,2,5,media,exposed,hal_chi,halichoeres_chierchiae,10,3
bahia_solano,piedra_de_zapata,4,2016,luis_chasqui,140,20,50,27,8,2,5,media,exposed,hal_chi,halichoeres_chierchiae,2,13
bahia_solano,piedra_de_zapata,4,2016,luis_chasqui,140,20,50,27,8,2,5,media,exposed,ser_psi,serranus_psittacinus,3,3
bahia_solano,piedra_de_zapata,4,2016,luis_chasqui,140,20,50,27,8,2,5,media,exposed,pse_nau,pseudobalistes_naufragium,1,35
bahia_solano,piedra_de_zapata,4,2016,luis_chasqui,140,20,50,27,8,2,5,media,exposed,tha_luc,thalassoma_lucasanum,30,3
bahia_solano,piedra_de_zapata,4,2016,luis_chasqui,140,20,50,27,8,2,5,media,exposed,hal_dis,halichoeres_dispilus,20,3
bahia_solano,piedra_de_zapata,4,2016,luis_chasqui,140,20,50,27,8,2,5,media,exposed,myr_lei,myripristis_leiognathus,3,13
bahia_solano,piedra_de_zapata,4,2016,luis_chasqui,141,20,50,27,8,2,5,media,exposed,lut_vir,lutjanus_viridis,13,25
bahia_solano,piedra_de_zapata,4,2016,luis_chasqui,141,20,50,27,8,2,5,media,exposed,cep_pan,cephalopholis_panamensis,2,18
bahia_solano,piedra_de_zapata,4,2016,luis_chasqui,141,20,50,27,8,2,5,media,exposed,joh_nig,johnrandallia_nigrirostris,9,8
bahia_solano,piedra_de_zapata,4,2016,luis_chasqui,141,20,50,27,8,2,5,media,exposed,can_pun,canthigaster_punctatissima,1,3
bahia_solano,piedra_de_zapata,4,2016,luis_chasqui,141,20,50,27,8,2,5,media,exposed,sca_rub,scarus_rubroviolaceus,1,25
bahia_solano,piedra_de_zapata,4,2016,luis_chasqui,141,20,50,27,8,2,5,media,exposed,tha_luc,thalassoma_lucasanum,30,3
bahia_solano,piedra_de_zapata,4,2016,luis_chasqui,141,20,50,27,8,2,5,media,exposed,ste_fla,stegastes_flavilatus,2,8
bahia_solano,piedra_de_zapata,4,2016,luis_chasqui,141,20,50,27,8,2,5,media,exposed,hal_dis,halichoeres_dispilus,50,3
bahia_solano,piedra_de_zapata,4,2016,luis_chasqui,141,20,50,27,8,2,5,media,exposed,chr_atr,chromis_atrilobata,30,3
bahia_solano,piedra_de_zapata,4,2016,luis_chasqui,141,20,50,27,8,2,5,media,exposed,can_pun,canthigaster_punctatissima,2,3
bahia_solano,piedra_de_zapata,4,2016,luis_chasqui,141,20,50,27,8,2,5,media,exposed,cep_pan,cephalopholis_panamensis,1,25
bahia_solano,piedra_de_zapata,4,2016,luis_chasqui,141,20,50,27,8,2,5,media,exposed,epi_lab,epinephelus_labriformis,2,13
bahia_solano,piedra_de_zapata,4,2016,luis_chasqui,141,20,50,27,8,2,5,media,exposed,hal_nic,halichoeres_nicholsi,1,13
bahia_solano,piedra_de_zapata,4,2016,luis_chasqui,141,20,50,27,8,2,5,media,exposed,aca_xan,acanthurus_xanthopterus,3,35
bahia_solano,piedra_de_zapata,4,2016,luis_chasqui,141,20,50,27,8,2,5,media,exposed,par_col,paranthias_colonus,1,13
bahia_solano,piedra_de_zapata,4,2016,luis_chasqui,142,20,50,27,9,2,5,media,exposed,hol_pas,holacanthus_passer,1,35
bahia_solano,piedra_de_zapata,4,2016,luis_chasqui,142,20,50,27,9,2,5,media,exposed,hol_pas,holacanthus_passer,1,25
bahia_solano,piedra_de_zapata,4,2016,luis_chasqui,142,20,50,27,9,2,5,media,exposed,sca_rub,scarus_rubroviolaceus,1,35
bahia_solano,piedra_de_zapata,4,2016,luis_chasqui,142,20,50,27,9,2,5,media,exposed,sca_rub,scarus_rubroviolaceus,1,25
bahia_solano,piedra_de_zapata,4,2016,luis_chasqui,142,20,50,27,9,2,5,media,exposed,sca_rub,scarus_rubroviolaceus,1,13
bahia_solano,piedra_de_zapata,4,2016,luis_chasqui,142,20,50,27,9,2,5,media,exposed,suf_ver,sufflamen_verres,1,25
bahia_solano,piedra_de_zapata,4,2016,luis_chasqui,142,20,50,27,9,2,5,media,exposed,hal_nic,halichoeres_nicholsi,1,25
bahia_solano,piedra_de_zapata,4,2016,luis_chasqui,142,20,50,27,9,2,5,media,exposed,joh_nig,johnrandallia_nigrirostris,4,8
bahia_solano,piedra_de_zapata,4,2016,luis_chasqui,142,20,50,27,9,2,5,media,exposed,epi_lab,epinephelus_labriformis,1,35
bahia_solano,piedra_de_zapata,4,2016,luis_chasqui,142,20,50,27,9,2,5,media,exposed,epi_lab,epinephelus_labriformis,1,18
bahia_solano,piedra_de_zapata,4,2016,luis_chasqui,142,20,50,27,9,2,5,media,exposed,pse_nau,pseudobalistes_naufragium,1,35
bahia_solano,piedra_de_zapata,4,2016,luis_chasqui,142,20,50,27,9,2,5,media,exposed,can_pun,canthigaster_punctatissima,7,3
bahia_solano,piedra_de_zapata,4,2016,luis_chasqui,142,20,50,27,9,2,5,media,exposed,hal_dis,halichoeres_dispilus,80,3
bahia_solano,piedra_de_zapata,4,2016,luis_chasqui,142,20,50,27,9,2,5,media,exposed,tha_luc,thalassoma_lucasanum,60,3
bahia_solano,piedra_de_zapata,4,2016,luis_chasqui,142,20,50,27,9,2,5,media,exposed,chr_atr,chromis_atrilobata,10,3
bahia_solano,piedra_de_zapata,4,2016,luis_chasqui,142,20,50,27,9,2,5,media,exposed,hal_chi,halichoeres_chierchiae,10,3
bahia_solano,piedra_de_zapata,4,2016,luis_chasqui,142,20,50,27,9,2,5,media,exposed,cir_oxy,cirrhitichthys_oxycephalus,1,3
bahia_solano,piedra_de_zapata,4,2016,luis_chasqui,142,20,50,27,9,2,5,media,exposed,cep_pan,cephalopholis_panamensis,1,25
bahia_solano,piedra_de_zapata,4,2016,luis_chasqui,142,20,50,27,9,2,5,media,exposed,cep_pan,cephalopholis_panamensis,1,18
bahia_solano,piedra_de_zapata,4,2016,luis_chasqui,142,20,50,27,9,2,5,media,exposed,ste_fla,stegastes_flavilatus,3,8
bahia_solano,piedra_de_zapata,4,2016,luis_chasqui,142,20,50,27,9,2,5,media,exposed,hal_nic,halichoeres_nicholsi,1,13
bahia_solano,piedra_de_zapata,4,2016,luis_chasqui,142,20,50,27,9,2,5,media,exposed,ser_psi,serranus_psittacinus,2,8
bahia_solano,piedra_de_zapata,4,2016,luis_chasqui,143,20,50,26,9,2,5,media,exposed,lut_vir,lutjanus_viridis,4,25
bahia_solano,piedra_de_zapata,4,2016,luis_chasqui,143,20,50,26,9,2,5,media,exposed,suf_ver,sufflamen_verres,2,18
bahia_solano,piedra_de_zapata,4,2016,luis_chasqui,143,20,50,26,9,2,5,media,exposed,suf_ver,sufflamen_verres,1,25
bahia_solano,piedra_de_zapata,4,2016,luis_chasqui,143,20,50,26,9,2,5,media,exposed,sca_rub,scarus_rubroviolaceus,1,13
bahia_solano,piedra_de_zapata,4,2016,luis_chasqui,143,20,50,26,9,2,5,media,exposed,sca_rub,scarus_rubroviolaceus,1,25
bahia_solano,piedra_de_zapata,4,2016,luis_chasqui,143,20,50,26,9,2,5,media,exposed,sca_rub,scarus_rubroviolaceus,1,45
bahia_solano,piedra_de_zapata,4,2016,luis_chasqui,143,20,50,26,9,2,5,media,exposed,par_col,paranthias_colonus,10,25
bahia_solano,piedra_de_zapata,4,2016,luis_chasqui,143,20,50,26,9,2,5,media,exposed,sca_gho,scarus_ghobban,1,35
bahia_solano,piedra_de_zapata,4,2016,luis_chasqui,143,20,50,26,9,2,5,media,exposed,epi_lab,epinephelus_labriformis,2,18
bahia_solano,piedra_de_zapata,4,2016,luis_chasqui,143,20,50,26,9,2,5,media,exposed,epi_lab,epinephelus_labriformis,2,13
bahia_solano,piedra_de_zapata,4,2016,luis_chasqui,143,20,50,26,9,2,5,media,exposed,kyp_ana,kyphosus_vaigiensis,2,25
bahia_solano,piedra_de_zapata,4,2016,luis_chasqui,143,20,50,26,9,2,5,media,exposed,cha_hum,chaetodon_humeralis,2,8
bahia_solano,piedra_de_zapata,4,2016,luis_chasqui,143,20,50,26,9,2,5,media,exposed,joh_nig,johnrandallia_nigrirostris,6,8
bahia_solano,piedra_de_zapata,4,2016,luis_chasqui,143,20,50,26,9,2,5,media,exposed,cep_pan,cephalopholis_panamensis,1,25
bahia_solano,piedra_de_zapata,4,2016,luis_chasqui,143,20,50,26,9,2,5,media,exposed,mul_den,mulloidichthys_dentatus,1,25
bahia_solano,piedra_de_zapata,4,2016,luis_chasqui,143,20,50,26,9,2,5,media,exposed,can_pun,canthigaster_punctatissima,4,3
bahia_solano,piedra_de_zapata,4,2016,luis_chasqui,143,20,50,26,9,2,5,media,exposed,par_col,paranthias_colonus,10,3
bahia_solano,piedra_de_zapata,4,2016,luis_chasqui,143,20,50,26,9,2,5,media,exposed,tha_luc,thalassoma_lucasanum,100,3
bahia_solano,piedra_de_zapata,4,2016,luis_chasqui,143,20,50,26,9,2,5,media,exposed,hal_dis,halichoeres_dispilus,100,3
bahia_solano,piedra_de_zapata,4,2016,luis_chasqui,143,20,50,26,9,2,5,media,exposed,chr_atr,chromis_atrilobata,30,3
bahia_solano,piedra_de_zapata,4,2016,luis_chasqui,143,20,50,26,9,2,5,media,exposed,pse_nau,pseudobalistes_naufragium,1,35
bahia_solano,piedra_de_zapata,4,2016,luis_chasqui,143,20,50,26,9,2,5,media,exposed,lut_arg,lutjanus_argentiventris,1,18
bahia_solano,piedra_de_zapata,4,2016,luis_chasqui,143,20,50,26,9,2,5,media,exposed,hol_pas,holacanthus_passer,1,25
bahia_solano,piedra_de_zapata,4,2016,luis_chasqui,143,20,50,26,9,2,5,media,exposed,hol_pas,holacanthus_passer,1,18
bahia_solano,piedra_de_zapata,4,2016,luis_chasqui,144,20,50,26,10,2,5,media,exposed,suf_ver,sufflamen_verres,3,18
bahia_solano,piedra_de_zapata,4,2016,luis_chasqui,144,20,50,26,10,2,5,media,exposed,hol_pas,holacanthus_passer,2,18
bahia_solano,piedra_de_zapata,4,2016,luis_chasqui,144,20,50,26,10,2,5,media,exposed,sca_rub,scarus_rubroviolaceus,1,8
bahia_solano,piedra_de_zapata,4,2016,luis_chasqui,144,20,50,26,10,2,5,media,exposed,ste_fla,stegastes_flavilatus,3,8
bahia_solano,piedra_de_zapata,4,2016,luis_chasqui,144,20,50,26,10,2,5,media,exposed,sca_rub,scarus_rubroviolaceus,1,45
bahia_solano,piedra_de_zapata,4,2016,luis_chasqui,144,20,50,26,10,2,5,media,exposed,aca_xan,acanthurus_xanthopterus,20,35
bahia_solano,piedra_de_zapata,4,2016,luis_chasqui,144,20,50,26,10,2,5,media,exposed,pri_lat,prionurus_laticlavius,1,25
bahia_solano,piedra_de_zapata,4,2016,luis_chasqui,144,20,50,26,10,2,5,media,exposed,dio_hol,diodon_holocanthus,1,35
bahia_solano,piedra_de_zapata,4,2016,luis_chasqui,144,20,50,26,10,2,5,media,exposed,lut_arg,lutjanus_argentiventris,5,18
bahia_solano,piedra_de_zapata,4,2016,luis_chasqui,144,20,50,26,10,2,5,media,exposed,hae_mac,haemulon_maculicauda,50,18
bahia_solano,piedra_de_zapata,4,2016,luis_chasqui,144,20,50,26,10,2,5,media,exposed,gym_cas,gymnothorax_castaneus,1,85
bahia_solano,piedra_de_zapata,4,2016,luis_chasqui,144,20,50,26,10,2,5,media,exposed,joh_nig,johnrandallia_nigrirostris,10,8
bahia_solano,piedra_de_zapata,4,2016,luis_chasqui,144,20,50,26,10,2,5,media,exposed,cha_hum,chaetodon_humeralis,3,8
bahia_solano,piedra_de_zapata,4,2016,luis_chasqui,144,20,50,26,10,2,5,media,exposed,abu_tro,abudefduf_troschelii,4,13
bahia_solano,piedra_de_zapata,4,2016,luis_chasqui,144,20,50,26,10,2,5,media,exposed,hal_nic,halichoeres_nicholsi,5,18
bahia_solano,piedra_de_zapata,4,2016,luis_chasqui,144,20,50,26,10,2,5,media,exposed,bod_dip,bodianus_diplotaenia,5,18
bahia_solano,piedra_de_zapata,4,2016,luis_chasqui,144,20,50,26,10,2,5,media,exposed,ste_aca,stegastes_acapulcoensis,2,8
bahia_solano,piedra_de_zapata,4,2016,luis_chasqui,144,20,50,26,10,2,5,media,exposed,par_col,paranthias_colonus,20,18
bahia_solano,piedra_de_zapata,4,2016,luis_chasqui,144,20,50,26,10,2,5,media,exposed,epi_lab,epinephelus_labriformis,1,25
bahia_solano,piedra_de_zapata,4,2016,luis_chasqui,144,20,50,26,10,2,5,media,exposed,pse_nau,pseudobalistes_naufragium,1,35
bahia_solano,piedra_de_zapata,4,2016,luis_chasqui,144,20,50,26,10,2,5,media,exposed,pri_lat,prionurus_laticlavius,1,35
bahia_solano,piedra_de_zapata,4,2016,luis_chasqui,144,20,50,26,10,2,5,media,exposed,cep_pan,cephalopholis_panamensis,1,25
bahia_solano,piedra_de_zapata,4,2016,luis_chasqui,144,20,50,26,10,2,5,media,exposed,hal_dis,halichoeres_dispilus,100,3
bahia_solano,piedra_de_zapata,4,2016,luis_chasqui,144,20,50,26,10,2,5,media,exposed,tha_luc,thalassoma_lucasanum,50,3
bahia_solano,piedra_de_zapata,4,2016,luis_chasqui,145,20,50,26,10,2,5,media,exposed,can_pun,canthigaster_punctatissima,3,3
bahia_solano,piedra_de_zapata,4,2016,luis_chasqui,145,20,50,26,10,2,5,media,exposed,ste_fla,stegastes_flavilatus,1,8
bahia_solano,piedra_de_zapata,4,2016,luis_chasqui,145,20,50,26,10,2,5,media,exposed,suf_ver,sufflamen_verres,1,18
bahia_solano,piedra_de_zapata,4,2016,luis_chasqui,145,20,50,26,10,2,5,media,exposed,cep_pan,cephalopholis_panamensis,3,25
bahia_solano,piedra_de_zapata,4,2016,luis_chasqui,145,20,50,26,10,2,5,media,exposed,joh_nig,johnrandallia_nigrirostris,2,8
bahia_solano,piedra_de_zapata,4,2016,luis_chasqui,145,20,50,26,10,2,5,media,exposed,pri_lat,prionurus_laticlavius,5,35
bahia_solano,piedra_de_zapata,4,2016,luis_chasqui,145,20,50,26,10,2,5,media,exposed,epi_lab,epinephelus_labriformis,2,25
bahia_solano,piedra_de_zapata,4,2016,luis_chasqui,145,20,50,26,10,2,5,media,exposed,epi_lab,epinephelus_labriformis,1,18
bahia_solano,piedra_de_zapata,4,2016,luis_chasqui,145,20,50,26,10,2,5,media,exposed,sca_rub,scarus_rubroviolaceus,1,35
bahia_solano,piedra_de_zapata,4,2016,luis_chasqui,145,20,50,26,10,2,5,media,exposed,cep_pan,cephalopholis_panamensis,1,8
bahia_solano,piedra_de_zapata,4,2016,luis_chasqui,145,20,50,26,10,2,5,media,exposed,bod_dip,bodianus_diplotaenia,2,8
bahia_solano,piedra_de_zapata,4,2016,luis_chasqui,145,20,50,26,10,2,5,media,exposed,ste_aca,stegastes_acapulcoensis,1,8
bahia_solano,piedra_de_zapata,4,2016,luis_chasqui,145,20,50,26,10,2,5,media,exposed,can_pun,canthigaster_punctatissima,4,3
bahia_solano,piedra_de_zapata,4,2016,luis_chasqui,145,20,50,26,10,2,5,media,exposed,ste_fla,stegastes_flavilatus,1,8
bahia_solano,piedra_del_norte,4,2016,natalia_rincon,146,19,50,27,8,2,10,suave,exposed,chr_atr,chromis_atrilobata,12,3
bahia_solano,piedra_del_norte,4,2016,natalia_rincon,146,19,50,27,8,2,10,suave,exposed,chr_atr,chromis_atrilobata,27,8
bahia_solano,piedra_del_norte,4,2016,natalia_rincon,146,19,50,27,8,2,10,suave,exposed,joh_nig,johnrandallia_nigrirostris,1,8
bahia_solano,piedra_del_norte,4,2016,natalia_rincon,146,19,50,27,8,2,10,suave,exposed,gym_cas,gymnothorax_castaneus,1,75
bahia_solano,piedra_del_norte,4,2016,natalia_rincon,146,19,50,27,8,2,10,suave,exposed,epi_lab,epinephelus_labriformis,1,35
bahia_solano,piedra_del_norte,4,2016,natalia_rincon,146,19,50,27,8,2,10,suave,exposed,epi_lab,epinephelus_labriformis,2,13
bahia_solano,piedra_del_norte,4,2016,natalia_rincon,146,19,50,27,8,2,10,suave,exposed,par_col,paranthias_colonus,2,13
bahia_solano,piedra_del_norte,4,2016,natalia_rincon,146,19,50,27,8,2,10,suave,exposed,par_col,paranthias_colonus,3,18
bahia_solano,piedra_del_norte,4,2016,natalia_rincon,146,19,50,27,8,2,10,suave,exposed,mic_dor,microspathodon_dorsalis,1,25
bahia_solano,piedra_del_norte,4,2016,natalia_rincon,146,19,50,27,8,2,10,suave,exposed,tha_luc,thalassoma_lucasanum,46,3
bahia_solano,piedra_del_norte,4,2016,natalia_rincon,146,19,50,27,8,2,10,suave,exposed,suf_ver,sufflamen_verres,3,13
bahia_solano,piedra_del_norte,4,2016,natalia_rincon,146,19,50,27,8,2,10,suave,exposed,sca_rub,scarus_rubroviolaceus,1,13
bahia_solano,piedra_del_norte,4,2016,natalia_rincon,146,19,50,27,8,2,10,suave,exposed,hol_pas,holacanthus_passer,1,13
bahia_solano,piedra_del_norte,4,2016,natalia_rincon,146,19,50,27,8,2,10,suave,exposed,hol_pas,holacanthus_passer,1,18
bahia_solano,piedra_del_norte,4,2016,natalia_rincon,146,19,50,27,8,2,10,suave,exposed,bod_dip,bodianus_diplotaenia,2,8
bahia_solano,piedra_del_norte,4,2016,natalia_rincon,146,19,50,27,8,2,10,suave,exposed,hal_dis,halichoeres_dispilus,15,3
bahia_solano,piedra_del_norte,4,2016,natalia_rincon,146,19,50,27,8,2,10,suave,exposed,hal_dis,halichoeres_dispilus,23,8
bahia_solano,piedra_del_norte,4,2016,natalia_rincon,146,19,50,27,8,2,10,suave,exposed,ste_fla,stegastes_flavilatus,2,13
bahia_solano,piedra_del_norte,4,2016,natalia_rincon,146,19,50,27,8,2,10,suave,exposed,pla_aza,plagiotremus_azaleus,6,3
bahia_solano,piedra_del_norte,4,2016,natalia_rincon,146,19,50,27,8,2,10,suave,exposed,par_col,paranthias_colonus,5,3
bahia_solano,piedra_del_norte,4,2016,natalia_rincon,146,19,50,27,8,2,10,suave,exposed,par_col,paranthias_colonus,4,8
bahia_solano,piedra_del_norte,4,2016,natalia_rincon,146,19,50,27,8,2,10,suave,exposed,cep_pan,cephalopholis_panamensis,1,13
bahia_solano,piedra_del_norte,4,2016,natalia_rincon,146,19,50,27,8,2,10,suave,exposed,hal_dis,halichoeres_dispilus,2,13
bahia_solano,piedra_del_norte,4,2016,natalia_rincon,146,19,50,27,8,2,10,suave,exposed,hal_dis,halichoeres_dispilus,9,8
bahia_solano,piedra_del_norte,4,2016,natalia_rincon,146,19,50,27,8,2,10,suave,exposed,pri_lat,prionurus_laticlavius,3,25
bahia_solano,piedra_del_norte,4,2016,natalia_rincon,146,19,50,27,8,2,10,suave,exposed,sca_rub,scarus_rubroviolaceus,1,75
bahia_solano,piedra_del_norte,4,2016,natalia_rincon,147,19,50,27,8,2,10,suave,exposed,mic_dor,microspathodon_dorsalis,6,3
bahia_solano,piedra_del_norte,4,2016,natalia_rincon,147,19,50,27,8,2,10,suave,exposed,mic_dor,microspathodon_dorsalis,2,8
bahia_solano,piedra_del_norte,4,2016,natalia_rincon,147,19,50,27,8,2,10,suave,exposed,mic_dor,microspathodon_dorsalis,1,13
bahia_solano,piedra_del_norte,4,2016,natalia_rincon,147,19,50,27,8,2,10,suave,exposed,mic_dor,microspathodon_dorsalis,1,18
bahia_solano,piedra_del_norte,4,2016,natalia_rincon,147,19,50,27,8,2,10,suave,exposed,par_col,paranthias_colonus,3,3
bahia_solano,piedra_del_norte,4,2016,natalia_rincon,147,19,50,27,8,2,10,suave,exposed,ste_fla,stegastes_flavilatus,1,13
bahia_solano,piedra_del_norte,4,2016,natalia_rincon,147,19,50,27,8,2,10,suave,exposed,hol_pas,holacanthus_passer,11,13
bahia_solano,piedra_del_norte,4,2016,natalia_rincon,147,19,50,27,8,2,10,suave,exposed,hol_pas,holacanthus_passer,2,18
bahia_solano,piedra_del_norte,4,2016,natalia_rincon,147,19,50,27,8,2,10,suave,exposed,joh_nig,johnrandallia_nigrirostris,6,13
bahia_solano,piedra_del_norte,4,2016,natalia_rincon,147,19,50,27,8,2,10,suave,exposed,tha_luc,thalassoma_lucasanum,70,3
bahia_solano,piedra_del_norte,4,2016,natalia_rincon,147,19,50,27,8,2,10,suave,exposed,ste_aca,stegastes_acapulcoensis,6,13
bahia_solano,piedra_del_norte,4,2016,natalia_rincon,147,19,50,27,8,2,10,suave,exposed,chr_atr,chromis_atrilobata,260,3
bahia_solano,piedra_del_norte,4,2016,natalia_rincon,147,19,50,27,8,2,10,suave,exposed,hal_dis,halichoeres_dispilus,3,3
bahia_solano,piedra_del_norte,4,2016,natalia_rincon,147,19,50,27,8,2,10,suave,exposed,hal_dis,halichoeres_dispilus,1,8
bahia_solano,piedra_del_norte,4,2016,natalia_rincon,147,19,50,27,8,2,10,suave,exposed,gym_cas,gymnothorax_castaneus,1,65
bahia_solano,piedra_del_norte,4,2016,natalia_rincon,147,19,50,27,8,2,10,suave,exposed,bod_dip,bodianus_diplotaenia,2,18
bahia_solano,piedra_del_norte,4,2016,natalia_rincon,147,19,50,27,8,2,10,suave,exposed,bod_dip,bodianus_diplotaenia,1,13
bahia_solano,piedra_del_norte,4,2016,natalia_rincon,147,19,50,27,8,2,10,suave,exposed,epi_lab,epinephelus_labriformis,1,13
bahia_solano,piedra_del_norte,4,2016,natalia_rincon,147,19,50,27,8,2,10,suave,exposed,suf_ver,sufflamen_verres,1,13
bahia_solano,piedra_del_norte,4,2016,natalia_rincon,147,19,50,27,8,2,10,suave,exposed,myr_lei,myripristis_leiognathus,4,13
bahia_solano,piedra_del_norte,4,2016,natalia_rincon,147,19,50,27,8,2,10,suave,exposed,cep_pan,cephalopholis_panamensis,1,18
bahia_solano,piedra_del_norte,4,2016,natalia_rincon,147,19,50,27,8,2,10,suave,exposed,gym_cas,gymnothorax_castaneus,1,125
bahia_solano,piedra_del_norte,4,2016,natalia_rincon,147,19,50,27,8,2,10,suave,exposed,abu_tro,abudefduf_troschelii,1,13
bahia_solano,piedra_del_norte,4,2016,natalia_rincon,147,19,50,27,8,2,10,suave,exposed,oph_ste,ophioblennius_steindachneri,1,8
bahia_solano,piedra_del_norte,4,2016,natalia_rincon,147,19,50,27,8,2,10,suave,exposed,oph_ste,ophioblennius_steindachneri,1,13
bahia_solano,piedra_del_norte,4,2016,natalia_rincon,147,19,50,27,8,2,10,suave,exposed,can_pun,canthigaster_punctatissima,1,3
bahia_solano,piedra_del_norte,4,2016,natalia_rincon,147,19,50,27,8,2,10,suave,exposed,pri_lat,prionurus_laticlavius,1,25
bahia_solano,piedra_del_norte,4,2016,natalia_rincon,147,19,50,27,8,2,10,suave,exposed,hal_nic,halichoeres_nicholsi,1,13
cabo_corrientes,piedra_oswaldo,11,2015,luis_chasqui,348,1,100,28,24,2,10,,exposed,aca_xan,acanthurus_xanthopterus,2,35
cabo_corrientes,piedra_oswaldo,11,2015,luis_chasqui,348,1,100,28,24,2,10,,exposed,can_mac,canthidermis_maculata,13,35
cabo_corrientes,piedra_oswaldo,11,2015,luis_chasqui,348,1,100,28,24,2,10,,exposed,car_cab,caranx_caballus,1,25
cabo_corrientes,piedra_oswaldo,11,2015,luis_chasqui,348,1,100,28,24,2,10,,exposed,car_can,caranx_caninus,6,45
cabo_corrientes,piedra_oswaldo,11,2015,luis_chasqui,348,1,100,28,24,2,10,,exposed,car_sex,caranx_sexfasciatus,1300,25
cabo_corrientes,piedra_oswaldo,11,2015,luis_chasqui,348,1,100,28,24,2,10,,exposed,cep_pan,cephalopholis_panamensis,1,18
cabo_corrientes,piedra_oswaldo,11,2015,luis_chasqui,348,1,100,28,24,2,10,,exposed,cha_hum,chaetodon_humeralis,1,8
cabo_corrientes,piedra_oswaldo,11,2015,luis_chasqui,348,1,100,28,24,2,10,,exposed,epi_lab,epinephelus_labriformis,2,25
cabo_corrientes,piedra_oswaldo,11,2015,luis_chasqui,348,1,100,28,24,2,10,,exposed,fis_com,fistularia_commersonii,2,55
cabo_corrientes,piedra_oswaldo,11,2015,luis_chasqui,348,1,100,28,24,2,10,,exposed,hae_ste,haemulon_steindachneri,1,25
cabo_corrientes,piedra_oswaldo,11,2015,luis_chasqui,348,1,100,28,24,2,10,,exposed,hol_pas,holacanthus_passer,1,18
cabo_corrientes,piedra_oswaldo,11,2015,luis_chasqui,348,1,100,28,24,2,10,,exposed,joh_nig,fistularia_commersonii,3,8
cabo_corrientes,piedra_oswaldo,11,2015,luis_chasqui,348,1,100,28,24,2,10,,exposed,lut_arg,lutjanus_argentiventris,1,25
cabo_corrientes,piedra_oswaldo,11,2015,luis_chasqui,348,1,100,28,24,2,10,,exposed,lut_arg,lutjanus_argentiventris,30,35
cabo_corrientes,piedra_oswaldo,11,2015,luis_chasqui,348,1,100,28,24,2,10,,exposed,lut_arg,lutjanus_argentiventris,2,55
cabo_corrientes,piedra_oswaldo,11,2015,luis_chasqui,348,1,100,28,24,2,10,,exposed,mul_den,mulloidichthys_dentatus,13,25
cabo_corrientes,piedra_oswaldo,11,2015,luis_chasqui,348,1,100,28,24,2,10,,exposed,myr_lei,myripristis_leiognathus,2,18
cabo_corrientes,piedra_oswaldo,11,2015,luis_chasqui,348,1,100,28,24,2,10,,exposed,pse_nau,pseudobalistes_naufragium,1,25
cabo_corrientes,piedra_oswaldo,11,2015,luis_chasqui,348,1,100,28,24,2,10,,exposed,sca_per,scarus_perrico,4,45
cabo_corrientes,piedra_oswaldo,11,2015,luis_chasqui,348,1,100,28,24,2,10,,exposed,ste_fla,stegastes_flavilatus,4,8
cabo_corrientes,piedra_oswaldo,11,2015,luis_chasqui,348,1,100,28,24,2,10,,exposed,suf_ver,sufflamen_verres,4,25
cabo_corrientes,piedra_oswaldo,11,2015,luis_chasqui,349,1,100,28,24,2,10,,exposed,aro_his,arothron_hispidus,1,35
cabo_corrientes,piedra_oswaldo,11,2015,luis_chasqui,349,1,100,28,24,2,10,,exposed,bod_dip,bodianus_diplotaenia,1,25
cabo_corrientes,piedra_oswaldo,11,2015,luis_chasqui,349,1,100,28,24,2,10,,exposed,can_mac,canthidermis_maculata,43,25
cabo_corrientes,piedra_oswaldo,11,2015,luis_chasqui,349,1,100,28,24,2,10,,exposed,cep_pan,cephalopholis_panamensis,1,18
cabo_corrientes,piedra_oswaldo,11,2015,luis_chasqui,349,1,100,28,24,2,10,,exposed,hae_mac,haemulon_maculicauda,1000,25
cabo_corrientes,piedra_oswaldo,11,2015,luis_chasqui,349,1,100,28,24,2,10,,exposed,hae_sex,haemulon_sexfasciatum,1,25
cabo_corrientes,piedra_oswaldo,11,2015,luis_chasqui,349,1,100,28,24,2,10,,exposed,hol_pas,holacanthus_passer,1,18
cabo_corrientes,piedra_oswaldo,11,2015,luis_chasqui,349,1,100,28,24,2,10,,exposed,joh_nig,johnrandallia_nigrirostris,6,8
cabo_corrientes,piedra_oswaldo,11,2015,luis_chasqui,349,1,100,28,24,2,10,,exposed,lut_arg,lutjanus_argentiventris,30,30
cabo_corrientes,piedra_oswaldo,11,2015,luis_chasqui,349,1,100,28,24,2,10,,exposed,lut_arg,lutjanus_argentiventris,60,25
cabo_corrientes,piedra_oswaldo,11,2015,luis_chasqui,349,1,100,28,24,2,10,,exposed,lut_gut,lutjanus_guttatus,20,25
cabo_corrientes,piedra_oswaldo,11,2015,luis_chasqui,349,1,100,28,24,2,10,,exposed,lut_nov,lutjanus_novemfasciatus,1,55
cabo_corrientes,piedra_oswaldo,11,2015,luis_chasqui,349,1,100,28,24,2,10,,exposed,mul_den,mulloidichthys_dentatus,24,25
cabo_corrientes,piedra_oswaldo,11,2015,luis_chasqui,349,1,100,28,24,2,10,,exposed,pse_nau,pseudobalistes_naufragium,1,35
cabo_corrientes,piedra_oswaldo,11,2015,luis_chasqui,349,1,100,28,24,2,10,,exposed,sca_per,scarus_perrico,33,35
cabo_corrientes,piedra_oswaldo,11,2015,luis_chasqui,349,1,100,28,24,2,10,,exposed,sca_per,scarus_perrico,10,55
cabo_corrientes,piedra_oswaldo,11,2015,luis_chasqui,349,1,100,28,24,2,10,,exposed,ste_fla,stegastes_flavilatus,2,8
cabo_corrientes,piedra_oswaldo,11,2015,luis_chasqui,349,1,100,28,24,2,10,,exposed,myc_xen,mycteroperca_xenarcha,1,35
cabo_corrientes,piedra_oswaldo,11,2015,luis_chasqui,350,1,100,28,17,2,10,,exposed,bod_dip,bodianus_diplotaenia,2,18
cabo_corrientes,piedra_oswaldo,11,2015,luis_chasqui,350,1,100,28,17,2,10,,exposed,can_mac,canthidermis_maculata,45,25
cabo_corrientes,piedra_oswaldo,11,2015,luis_chasqui,350,1,100,28,17,2,10,,exposed,cha_hum,chaetodon_humeralis,10,8
cabo_corrientes,piedra_oswaldo,11,2015,luis_chasqui,350,1,100,28,17,2,10,,exposed,chr_atr,chromis_atrilobata,20,8
cabo_corrientes,piedra_oswaldo,11,2015,luis_chasqui,350,1,100,28,17,2,10,,exposed,epi_lab,epinephelus_labriformis,1,25
cabo_corrientes,piedra_oswaldo,11,2015,luis_chasqui,350,1,100,28,17,2,10,,exposed,fis_com,fistularia_commersonii,2,55
cabo_corrientes,piedra_oswaldo,11,2015,luis_chasqui,350,1,100,28,17,2,10,,exposed,hae_mac,haemulon_maculicauda,100,25
cabo_corrientes,piedra_oswaldo,11,2015,luis_chasqui,350,1,100,28,17,2,10,,exposed,hal_dis,halichoeres_dispilus,20,20
cabo_corrientes,piedra_oswaldo,11,2015,luis_chasqui,350,1,100,28,17,2,10,,exposed,hol_pas,holacanthus_passer,1,18
cabo_corrientes,piedra_oswaldo,11,2015,luis_chasqui,350,1,100,28,17,2,10,,exposed,hol_pas,holacanthus_passer,1,25
cabo_corrientes,piedra_oswaldo,11,2015,luis_chasqui,350,1,100,28,17,2,10,,exposed,joh_nig,johnrandallia_nigrirostris,3,8
cabo_corrientes,piedra_oswaldo,11,2015,luis_chasqui,350,1,100,28,17,2,10,,exposed,lut_arg,lutjanus_argentiventris,11,25
cabo_corrientes,piedra_oswaldo,11,2015,luis_chasqui,350,1,100,28,17,2,10,,exposed,mul_den,mulloidichthys_dentatus,17,25
cabo_corrientes,piedra_oswaldo,11,2015,luis_chasqui,350,1,100,28,17,2,10,,exposed,par_col,paranthias_colonus,20,8
cabo_corrientes,piedra_oswaldo,11,2015,luis_chasqui,350,1,100,28,17,2,10,,exposed,par_col,paranthias_colonus,2,25
cabo_corrientes,piedra_oswaldo,11,2015,luis_chasqui,350,1,100,28,17,2,10,,exposed,sca_per,scarus_perrico,10,35
cabo_corrientes,piedra_oswaldo,11,2015,luis_chasqui,350,1,100,28,17,2,10,,exposed,sec_ocy,kyphosus_ocyurus,2,25
cabo_corrientes,piedra_oswaldo,11,2015,luis_chasqui,350,1,100,28,17,2,10,,exposed,ste_fla,stegastes_flavilatus,5,8
cabo_corrientes,piedra_oswaldo,11,2015,luis_chasqui,350,1,100,28,17,2,10,,exposed,tha_luc,thalassoma_lucasanum,15,8
cabo_corrientes,piedra_oswaldo,11,2015,luis_chasqui,350,1,100,28,17,2,10,,exposed,tha_luc,thalassoma_lucasanum,1,13
cabo_corrientes,piedra_oswaldo,11,2015,luis_chasqui,350,1,100,28,17,2,10,,exposed,ani_cae,anisotremus_caesius,1,18
cabo_corrientes,piedra_oswaldo,11,2015,natalia_rincon,351,1,100,28,24,2,10,,exposed,Bal_pol,balistes_polylepis,3,25
cabo_corrientes,piedra_oswaldo,11,2015,natalia_rincon,351,1,100,28,24,2,10,,exposed,bod_dip,bodianus_diplotaenia,1,18
cabo_corrientes,piedra_oswaldo,11,2015,natalia_rincon,351,1,100,28,24,2,10,,exposed,can_mac,canthidermis_maculata,4,25
cabo_corrientes,piedra_oswaldo,11,2015,natalia_rincon,351,1,100,28,24,2,10,,exposed,car_cab,caranx_caballus,50,25
cabo_corrientes,piedra_oswaldo,11,2015,natalia_rincon,351,1,100,28,24,2,10,,exposed,cep_pan,cephalopholis_panamensis,1,25
cabo_corrientes,piedra_oswaldo,11,2015,natalia_rincon,351,1,100,28,24,2,10,,exposed,cha_hum,chaetodon_humeralis,1,8
cabo_corrientes,piedra_oswaldo,11,2015,natalia_rincon,351,1,100,28,24,2,10,,exposed,ela_bip,elagatis_bipinnulata,20,35
cabo_corrientes,piedra_oswaldo,11,2015,natalia_rincon,351,1,100,28,24,2,10,,exposed,hae_mac,haemulon_maculicauda,2,18
cabo_corrientes,piedra_oswaldo,11,2015,natalia_rincon,351,1,100,28,24,2,10,,exposed,hal_dis,halichoeres_dispilus,2,8
cabo_corrientes,piedra_oswaldo,11,2015,natalia_rincon,351,1,100,28,24,2,10,,exposed,lut_arg,lutjanus_argentiventris,7,35
cabo_corrientes,piedra_oswaldo,11,2015,natalia_rincon,351,1,100,28,24,2,10,,exposed,mul_den,mulloidichthys_dentatus,3,25
cabo_corrientes,piedra_oswaldo,11,2015,natalia_rincon,351,1,100,28,24,2,10,,exposed,ser_riv,seriola_rivoliana,2,35
cabo_corrientes,piedra_oswaldo,11,2015,natalia_rincon,351,1,100,28,24,2,10,,exposed,ste_fla,stegastes_flavilatus,3,8
cabo_corrientes,piedra_oswaldo,11,2015,natalia_rincon,351,1,100,28,24,2,10,,exposed,ste_fla,stegastes_flavilatus,3,13
cabo_corrientes,piedra_oswaldo,11,2015,natalia_rincon,351,1,100,28,24,2,10,,exposed,suf_ver,sufflamen_verres,2,18
cabo_corrientes,piedra_oswaldo,11,2015,natalia_rincon,351,1,100,28,24,2,10,,exposed,gna_spe,gnathanodon_speciosus,2,35
cabo_corrientes,piedra_oswaldo,11,2015,natalia_rincon,352,1,100,29,20,2,10,,exposed,aro_mel,arothron_meleagris,2,25
cabo_corrientes,piedra_oswaldo,11,2015,natalia_rincon,352,1,100,29,20,2,10,,exposed,can_mac,canthidermis_maculata,39,25
cabo_corrientes,piedra_oswaldo,11,2015,natalia_rincon,352,1,100,29,20,2,10,,exposed,car_sex,caranx_sexfasciatus,1,25
cabo_corrientes,piedra_oswaldo,11,2015,natalia_rincon,352,1,100,29,20,2,10,,exposed,cep_pan,cephalopholis_panamensis,1,25
cabo_corrientes,piedra_oswaldo,11,2015,natalia_rincon,352,1,100,29,20,2,10,,exposed,cha_hum,chaetodon_humeralis,3,8
cabo_corrientes,piedra_oswaldo,11,2015,natalia_rincon,352,1,100,29,20,2,10,,exposed,epi_lab,epinephelus_labriformis,1,25
cabo_corrientes,piedra_oswaldo,11,2015,natalia_rincon,352,1,100,29,20,2,10,,exposed,joh_nig,johnrandallia_nigrirostris,2,8
cabo_corrientes,piedra_oswaldo,11,2015,natalia_rincon,352,1,100,29,20,2,10,,exposed,lut_arg,lutjanus_argentiventris,7,35
cabo_corrientes,piedra_oswaldo,11,2015,natalia_rincon,352,1,100,29,20,2,10,,exposed,lut_arg,lutjanus_argentiventris,3,55
cabo_corrientes,piedra_oswaldo,11,2015,natalia_rincon,352,1,100,29,20,2,10,,exposed,lut_gut,lutjanus_guttatus,3,18
cabo_corrientes,piedra_oswaldo,11,2015,natalia_rincon,352,1,100,29,20,2,10,,exposed,sar_sub,sargocentron_suborbitalis,1,18
cabo_corrientes,piedra_oswaldo,11,2015,natalia_rincon,352,1,100,29,20,2,10,,exposed,sca_per,scarus_perrico,9,45
cabo_corrientes,piedra_oswaldo,11,2015,natalia_rincon,352,1,100,29,20,2,10,,exposed,sec_ocy,kyphosus_ocyurus,3,35
cabo_corrientes,piedra_oswaldo,11,2015,natalia_rincon,352,1,100,29,20,2,10,,exposed,ste_fla,stegastes_flavilatus,3,8
cabo_corrientes,piedra_oswaldo,11,2015,natalia_rincon,352,1,100,29,20,2,10,,exposed,suf_ver,sufflamen_verres,2,18
golfo_tribuga,morromico,11,2015,luis_chasqui,353,5,100,28,9,2,20,,exposed,abu_tro,abudefduf_troschelii,4,13
golfo_tribuga,morromico,11,2015,luis_chasqui,353,5,100,28,9,2,20,,exposed,aca_xan,acanthurus_xanthopterus,30,25
golfo_tribuga,morromico,11,2015,luis_chasqui,353,5,100,28,9,2,20,,exposed,aro_mel,arothron_meleagris,1,18
golfo_tribuga,morromico,11,2015,luis_chasqui,353,5,100,28,9,2,20,,exposed,bod_dip,bodianus_diplotaenia,2,18
golfo_tribuga,morromico,11,2015,luis_chasqui,353,5,100,28,9,2,20,,exposed,cep_pan,cephalopholis_panamensis,1,18
golfo_tribuga,morromico,11,2015,luis_chasqui,353,5,100,28,9,2,20,,exposed,cha_hum,chaetodon_humeralis,2,13
golfo_tribuga,morromico,11,2015,luis_chasqui,353,5,100,28,9,2,20,,exposed,epi_lab,epinephelus_labriformis,3,18
golfo_tribuga,morromico,11,2015,luis_chasqui,353,5,100,28,9,2,20,,exposed,gym_cas,gymnothorax_castaneus,1,55
golfo_tribuga,morromico,11,2015,luis_chasqui,353,5,100,28,9,2,20,,exposed,hae_mac,haemulon_maculicauda,100,18
golfo_tribuga,morromico,11,2015,luis_chasqui,353,5,100,28,9,2,20,,exposed,hal_chi,halichoeres_chierchiae,1,8
golfo_tribuga,morromico,11,2015,luis_chasqui,353,5,100,28,9,2,20,,exposed,hal_nic,halichoeres_nicholsi,2,18
golfo_tribuga,morromico,11,2015,luis_chasqui,353,5,100,28,9,2,20,,exposed,hol_pas,holacanthus_passer,1,18
golfo_tribuga,morromico,11,2015,luis_chasqui,353,5,100,28,9,2,20,,exposed,joh_nig,johnrandallia_nigrirostris,25,13
golfo_tribuga,morromico,11,2015,luis_chasqui,353,5,100,28,9,2,20,,exposed,kyp_ana,kyphosus_vaigiensis,5,18
golfo_tribuga,morromico,11,2015,luis_chasqui,353,5,100,28,9,2,20,,exposed,lut_arg,lutjanus_argentiventris,2,18
golfo_tribuga,morromico,11,2015,luis_chasqui,353,5,100,28,9,2,20,,exposed,lut_ine,lutjanus_inermis,60,18
golfo_tribuga,morromico,11,2015,luis_chasqui,353,5,100,28,9,2,20,,exposed,mic_dor,microspathodon_dorsalis,2,18
golfo_tribuga,morromico,11,2015,luis_chasqui,353,5,100,28,9,2,20,,exposed,myr_lei,myripristis_leiognathus,1,13
golfo_tribuga,morromico,11,2015,luis_chasqui,353,5,100,28,9,2,20,,exposed,nov_tae,novaculichthys_taeniourus,2,18
golfo_tribuga,morromico,11,2015,luis_chasqui,353,5,100,28,9,2,20,,exposed,pla_aza,plagiotremus_azaleus,10,3
golfo_tribuga,morromico,11,2015,luis_chasqui,353,5,100,28,9,2,20,,exposed,sar_sub,sargocentron_suborbitalis,1,18
golfo_tribuga,morromico,11,2015,luis_chasqui,353,5,100,28,9,2,20,,exposed,sca_gho,scarus_ghobban,1,25
golfo_tribuga,morromico,11,2015,luis_chasqui,353,5,100,28,9,2,20,,exposed,sca_per,scarus_perrico,3,25
golfo_tribuga,morromico,11,2015,luis_chasqui,353,5,100,28,9,2,20,,exposed,sca_per,scarus_perrico,2,35
golfo_tribuga,morromico,11,2015,luis_chasqui,353,5,100,28,9,2,20,,exposed,sca_rub,scarus_rubroviolaceus,2,25
golfo_tribuga,morromico,11,2015,luis_chasqui,353,5,100,28,9,2,20,,exposed,sec_ocy,kyphosus_ocyurus,28,25
golfo_tribuga,morromico,11,2015,luis_chasqui,353,5,100,28,9,2,20,,exposed,ste_aca,stegastes_acapulcoensis,1,13
golfo_tribuga,morromico,11,2015,luis_chasqui,353,5,100,28,9,2,20,,exposed,ste_fla,stegastes_flavilatus,3,8
golfo_tribuga,morromico,11,2015,luis_chasqui,353,5,100,28,9,2,20,,exposed,pri_lat,prionurus_laticlavius,10,25
golfo_tribuga,morromico,11,2015,luis_chasqui,354,5,100,28,9,2,20,,exposed,abu_tro,abudefduf_troschelii,10,13
golfo_tribuga,morromico,11,2015,luis_chasqui,354,5,100,28,9,2,20,,exposed,aca_xan,acanthurus_xanthopterus,4,25
golfo_tribuga,morromico,11,2015,luis_chasqui,354,5,100,28,9,2,20,,exposed,aro_his,arothron_hispidus,1,18
golfo_tribuga,morromico,11,2015,luis_chasqui,354,5,100,28,9,2,20,,exposed,bod_dip,bodianus_diplotaenia,2,18
golfo_tribuga,morromico,11,2015,luis_chasqui,354,5,100,28,9,2,20,,exposed,can_pun,canthigaster_punctatissima,3,3
golfo_tribuga,morromico,11,2015,luis_chasqui,354,5,100,28,9,2,20,,exposed,cep_pan,cephalopholis_panamensis,5,18
golfo_tribuga,morromico,11,2015,luis_chasqui,354,5,100,28,9,2,20,,exposed,cha_hum,chaetodon_humeralis,3,13
golfo_tribuga,morromico,11,2015,luis_chasqui,354,5,100,28,9,2,20,,exposed,chr_atr,chromis_atrilobata,30,8
golfo_tribuga,morromico,11,2015,luis_chasqui,354,5,100,28,9,2,20,,exposed,cir_oxy,cirrhitichthys_oxycephalus,1,3
golfo_tribuga,morromico,11,2015,luis_chasqui,354,5,100,28,9,2,20,,exposed,epi_lab,epinephelus_labriformis,9,18
golfo_tribuga,morromico,11,2015,luis_chasqui,354,5,100,28,9,2,20,,exposed,hae_mac,haemulon_maculicauda,1000,18
golfo_tribuga,morromico,11,2015,luis_chasqui,354,5,100,28,9,2,20,,exposed,hal_nic,halichoeres_nicholsi,1,18
golfo_tribuga,morromico,11,2015,luis_chasqui,354,5,100,28,9,2,20,,exposed,hol_pas,holacanthus_passer,1,8
golfo_tribuga,morromico,11,2015,luis_chasqui,354,5,100,28,9,2,20,,exposed,hol_pas,holacanthus_passer,1,18
golfo_tribuga,morromico,11,2015,luis_chasqui,354,5,100,28,9,2,20,,exposed,joh_nig,johnrandallia_nigrirostris,28,13
golfo_tribuga,morromico,11,2015,luis_chasqui,354,5,100,28,9,2,20,,exposed,kyp_ana,kyphosus_vaigiensis,60,18
golfo_tribuga,morromico,11,2015,luis_chasqui,354,5,100,28,9,2,20,,exposed,lut_arg,lutjanus_argentiventris,3,18
golfo_tribuga,morromico,11,2015,luis_chasqui,354,5,100,28,9,2,20,,exposed,lut_ine,lutjanus_inermis,100,13
golfo_tribuga,morromico,11,2015,luis_chasqui,354,5,100,28,9,2,20,,exposed,mic_dor,microspathodon_dorsalis,2,18
golfo_tribuga,morromico,11,2015,luis_chasqui,354,5,100,28,9,2,20,,exposed,mul_den,mulloidichthys_dentatus,2,18
golfo_tribuga,morromico,11,2015,luis_chasqui,354,5,100,28,9,2,20,,exposed,myr_lei,myripristis_leiognathus,2,13
golfo_tribuga,morromico,11,2015,luis_chasqui,354,5,100,28,9,2,20,,exposed,par_col,paranthias_colonus,1000,18
golfo_tribuga,morromico,11,2015,luis_chasqui,354,5,100,28,9,2,20,,exposed,pla_aza,plagiotremus_azaleus,10,3
golfo_tribuga,morromico,11,2015,luis_chasqui,354,5,100,28,9,2,20,,exposed,pse_nau,pseudobalistes_naufragium,1,25
golfo_tribuga,morromico,11,2015,luis_chasqui,354,5,100,28,9,2,20,,exposed,sar_sub,sargocentron_suborbitalis,2,18
golfo_tribuga,morromico,11,2015,luis_chasqui,354,5,100,28,9,2,20,,exposed,sca_com,scarus_compressus,1,35
golfo_tribuga,morromico,11,2015,luis_chasqui,354,5,100,28,9,2,20,,exposed,sca_gho,scarus_ghobban,5,25
golfo_tribuga,morromico,11,2015,luis_chasqui,354,5,100,28,9,2,20,,exposed,sca_per,scarus_perrico,3,25
golfo_tribuga,morromico,11,2015,luis_chasqui,354,5,100,28,9,2,20,,exposed,sca_rub,scarus_rubroviolaceus,3,18
golfo_tribuga,morromico,11,2015,luis_chasqui,354,5,100,28,9,2,20,,exposed,sco_sie,scomberomorus_sierra,1,65
golfo_tribuga,morromico,11,2015,luis_chasqui,354,5,100,28,9,2,20,,exposed,ste_fla,stegastes_flavilatus,15,13
golfo_tribuga,morromico,11,2015,luis_chasqui,354,5,100,28,9,2,20,,exposed,suf_ver,sufflamen_verres,1,18
golfo_tribuga,morromico,11,2015,luis_chasqui,354,5,100,28,9,2,20,,exposed,tha_luc,thalassoma_lucasanum,40,8
golfo_tribuga,morromico,11,2015,luis_chasqui,355,5,100,28,20,2,20,,exposed,aca_xan,acanthurus_xanthopterus,2,25
golfo_tribuga,morromico,11,2015,luis_chasqui,355,5,100,28,20,2,20,,exposed,aro_his,arothron_hispidus,4,18
golfo_tribuga,morromico,11,2015,luis_chasqui,355,5,100,28,20,2,20,,exposed,bod_dip,bodianus_diplotaenia,6,18
golfo_tribuga,morromico,11,2015,luis_chasqui,355,5,100,28,20,2,20,,exposed,can_pun,canthigaster_punctatissima,3,3
golfo_tribuga,morromico,11,2015,luis_chasqui,355,5,100,28,20,2,20,,exposed,cep_pan,cephalopholis_panamensis,5,18
golfo_tribuga,morromico,11,2015,luis_chasqui,355,5,100,28,20,2,20,,exposed,epi_lab,epinephelus_labriformis,1,25
golfo_tribuga,morromico,11,2015,luis_chasqui,355,5,100,28,20,2,20,,exposed,hae_mac,haemulon_maculicauda,100,18
golfo_tribuga,morromico,11,2015,luis_chasqui,355,5,100,28,20,2,20,,exposed,hal_dis,halichoeres_dispilus,30,3
golfo_tribuga,morromico,11,2015,luis_chasqui,355,5,100,28,20,2,20,,exposed,hol_pas,holacanthus_passer,4,8
golfo_tribuga,morromico,11,2015,luis_chasqui,355,5,100,28,20,2,20,,exposed,hol_pas,holacanthus_passer,1,18
golfo_tribuga,morromico,11,2015,luis_chasqui,355,5,100,28,20,2,20,,exposed,joh_nig,johnrandallia_nigrirostris,15,13
golfo_tribuga,morromico,11,2015,luis_chasqui,355,5,100,28,20,2,20,,exposed,lut_arg,lutjanus_argentiventris,3,25
golfo_tribuga,morromico,11,2015,luis_chasqui,355,5,100,28,20,2,20,,exposed,mul_den,mulloidichthys_dentatus,4,25
golfo_tribuga,morromico,11,2015,luis_chasqui,355,5,100,28,20,2,20,,exposed,myr_lei,myripristis_leiognathus,2,18
golfo_tribuga,morromico,11,2015,luis_chasqui,355,5,100,28,20,2,20,,exposed,par_col,paranthias_colonus,2,18
golfo_tribuga,morromico,11,2015,luis_chasqui,355,5,100,28,20,2,20,,exposed,pse_nau,pseudobalistes_naufragium,2,35
golfo_tribuga,morromico,11,2015,luis_chasqui,355,5,100,28,20,2,20,,exposed,ste_fla,stegastes_flavilatus,15,13
golfo_tribuga,morromico,11,2015,luis_chasqui,355,5,100,28,20,2,20,,exposed,suf_ver,sufflamen_verres,4,25
golfo_tribuga,morromico,11,2015,luis_chasqui,356,5,100,28,10,2,20,,exposed,abu_tro,abudefduf_troschelii,100,13
golfo_tribuga,morromico,11,2015,luis_chasqui,356,5,100,28,10,2,20,,exposed,aca_xan,acanthurus_xanthopterus,16,25
golfo_tribuga,morromico,11,2015,luis_chasqui,356,5,100,28,10,2,20,,exposed,aro_his,arothron_hispidus,1,18
golfo_tribuga,morromico,11,2015,luis_chasqui,356,5,100,28,10,2,20,,exposed,aro_mel,arothron_meleagris,1,18
golfo_tribuga,morromico,11,2015,luis_chasqui,356,5,100,28,10,2,20,,exposed,bod_dip,bodianus_diplotaenia,3,18
golfo_tribuga,morromico,11,2015,luis_chasqui,356,5,100,28,10,2,20,,exposed,can_pun,canthigaster_punctatissima,1,3
golfo_tribuga,morromico,11,2015,luis_chasqui,356,5,100,28,10,2,20,,exposed,cep_pan,cephalopholis_panamensis,2,18
golfo_tribuga,morromico,11,2015,luis_chasqui,356,5,100,28,10,2,20,,exposed,cha_hum,chaetodon_humeralis,1,13
golfo_tribuga,morromico,11,2015,luis_chasqui,356,5,100,28,10,2,20,,exposed,cir_oxy,cirrhitichthys_oxycephalus,2,3
golfo_tribuga,morromico,11,2015,luis_chasqui,356,5,100,28,10,2,20,,exposed,epi_lab,epinephelus_labriformis,5,18
golfo_tribuga,morromico,11,2015,luis_chasqui,356,5,100,28,10,2,20,,exposed,hae_mac,haemulon_maculicauda,1,18
golfo_tribuga,morromico,11,2015,luis_chasqui,356,5,100,28,10,2,20,,exposed,hol_pas,holacanthus_passer,2,13
golfo_tribuga,morromico,11,2015,luis_chasqui,356,5,100,28,10,2,20,,exposed,joh_nig,johnrandallia_nigrirostris,3,13
golfo_tribuga,morromico,11,2015,luis_chasqui,356,5,100,28,10,2,20,,exposed,myr_lei,myripristis_leiognathus,1,13
golfo_tribuga,morromico,11,2015,luis_chasqui,356,5,100,28,10,2,20,,exposed,par_col,paranthias_colonus,5,18
golfo_tribuga,morromico,11,2015,luis_chasqui,356,5,100,28,10,2,20,,exposed,sar_sub,sargocentron_suborbitalis,1,18
golfo_tribuga,morromico,11,2015,luis_chasqui,356,5,100,28,10,2,20,,exposed,ste_fla,stegastes_flavilatus,15,8
golfo_tribuga,morromico,11,2015,luis_chasqui,356,5,100,28,10,2,20,,exposed,suf_ver,sufflamen_verres,1,8
golfo_tribuga,morromico,11,2015,luis_chasqui,356,5,100,28,10,2,20,,exposed,tha_luc,thalassoma_lucasanum,30,8
golfo_tribuga,morromico,11,2015,natalia_rincon,357,5,100,28,10,2,20,,exposed,aca_xan,acanthurus_xanthopterus,30,25
golfo_tribuga,morromico,11,2015,natalia_rincon,357,5,100,28,10,2,20,,exposed,aro_mel,arothron_meleagris,1,25
golfo_tribuga,morromico,11,2015,natalia_rincon,357,5,100,28,10,2,20,,exposed,chr_atr,chromis_atrilobata,30,8
golfo_tribuga,morromico,11,2015,natalia_rincon,357,5,100,28,10,2,20,,exposed,cir_oxy,cirrhitichthys_oxycephalus,1,8
golfo_tribuga,morromico,11,2015,natalia_rincon,357,5,100,28,10,2,20,,exposed,hal_dis,halichoeres_dispilus,3,8
golfo_tribuga,morromico,11,2015,natalia_rincon,357,5,100,28,10,2,20,,exposed,hal_nic,halichoeres_nicholsi,1,18
golfo_tribuga,morromico,11,2015,natalia_rincon,357,5,100,28,10,2,20,,exposed,hol_pas,holacanthus_passer,2,18
golfo_tribuga,morromico,11,2015,natalia_rincon,357,5,100,28,10,2,20,,exposed,joh_nig,johnrandallia_nigrirostris,1,13
golfo_tribuga,morromico,11,2015,natalia_rincon,357,5,100,28,10,2,20,,exposed,kyp_ana,kyphosus_vaigiensis,1,18
golfo_tribuga,morromico,11,2015,natalia_rincon,357,5,100,28,10,2,20,,exposed,lut_arg,lutjanus_argentiventris,3,25
golfo_tribuga,morromico,11,2015,natalia_rincon,357,5,100,28,10,2,20,,exposed,mic_dor,microspathodon_dorsalis,3,18
golfo_tribuga,morromico,11,2015,natalia_rincon,357,5,100,28,10,2,20,,exposed,sca_gho,scarus_ghobban,2,35
golfo_tribuga,morromico,11,2015,natalia_rincon,357,5,100,28,10,2,20,,exposed,ste_fla,stegastes_flavilatus,6,13
golfo_tribuga,morromico,11,2015,natalia_rincon,357,5,100,28,10,2,20,,exposed,suf_ver,sufflamen_verres,1,18
golfo_tribuga,morromico,11,2015,natalia_rincon,357,5,100,28,10,2,20,,exposed,tha_luc,thalassoma_lucasanum,67,13
golfo_tribuga,morromico,11,2015,natalia_rincon,358,5,100,28,9,2,20,,exposed,abu_tro,abudefduf_troschelii,2,18
golfo_tribuga,morromico,11,2015,natalia_rincon,358,5,100,28,9,2,20,,exposed,car_sex,caranx_sexfasciatus,30,25
golfo_tribuga,morromico,11,2015,natalia_rincon,358,5,100,28,9,2,20,,exposed,cep_pan,cephalopholis_panamensis,1,18
golfo_tribuga,morromico,11,2015,natalia_rincon,358,5,100,28,9,2,20,,exposed,cha_hum,chaetodon_humeralis,1,13
golfo_tribuga,morromico,11,2015,natalia_rincon,358,5,100,28,9,2,20,,exposed,cir_riv,cirrhitus_rivulatus,1,25
golfo_tribuga,morromico,11,2015,natalia_rincon,358,5,100,28,9,2,20,,exposed,gym_cas,gymnothorax_castaneus,1,65
golfo_tribuga,morromico,11,2015,natalia_rincon,358,5,100,28,9,2,20,,exposed,hol_pas,holacanthus_passer,2,18
golfo_tribuga,morromico,11,2015,natalia_rincon,358,5,100,28,9,2,20,,exposed,kyp_ana,kyphosus_vaigiensis,40,25
golfo_tribuga,morromico,11,2015,natalia_rincon,358,5,100,28,9,2,20,,exposed,lut_arg,lutjanus_argentiventris,3,35
golfo_tribuga,morromico,11,2015,natalia_rincon,358,5,100,28,9,2,20,,exposed,mic_dor,microspathodon_dorsalis,3,18
golfo_tribuga,morromico,11,2015,natalia_rincon,358,5,100,28,9,2,20,,exposed,mic_dor,microspathodon_dorsalis,1,25
golfo_tribuga,morromico,11,2015,natalia_rincon,358,5,100,28,9,2,20,,exposed,mul_den,mulloidichthys_dentatus,1,18
golfo_tribuga,morromico,11,2015,natalia_rincon,358,5,100,28,9,2,20,,exposed,oph_ste,ophioblennius_steindachneri,1,18
golfo_tribuga,morromico,11,2015,natalia_rincon,358,5,100,28,9,2,20,,exposed,pse_nau,pseudobalistes_naufragium,2,35
golfo_tribuga,morromico,11,2015,natalia_rincon,358,5,100,28,9,2,20,,exposed,sar_sub,sargocentron_suborbitalis,7,18
golfo_tribuga,morromico,11,2015,natalia_rincon,358,5,100,28,9,2,20,,exposed,sca_per,scarus_perrico,1,45
golfo_tribuga,morromico,11,2015,natalia_rincon,358,5,100,28,9,2,20,,exposed,ste_fla,stegastes_flavilatus,3,13
golfo_tribuga,morromico,11,2015,natalia_rincon,358,5,100,28,9,2,20,,exposed,tha_luc,thalassoma_lucasanum,6,8
golfo_tribuga,morromico,11,2015,natalia_rincon,359,5,100,28,7,2,20,,exposed,abu_tro,abudefduf_troschelii,10,13
golfo_tribuga,morromico,11,2015,natalia_rincon,359,5,100,28,7,2,20,,exposed,aca_xan,acanthurus_xanthopterus,1,18
golfo_tribuga,morromico,11,2015,natalia_rincon,359,5,100,28,7,2,20,,exposed,aca_xan,acanthurus_xanthopterus,48,25
golfo_tribuga,morromico,11,2015,natalia_rincon,359,5,100,28,7,2,20,,exposed,aro_mel,arothron_meleagris,1,18
golfo_tribuga,morromico,11,2015,natalia_rincon,359,5,100,28,7,2,20,,exposed,bod_dip,bodianus_diplotaenia,1,18
golfo_tribuga,morromico,11,2015,natalia_rincon,359,5,100,28,7,2,20,,exposed,cep_pan,cephalopholis_panamensis,1,25
golfo_tribuga,morromico,11,2015,natalia_rincon,359,5,100,28,7,2,20,,exposed,cha_hum,chaetodon_humeralis,6,8
golfo_tribuga,morromico,11,2015,natalia_rincon,359,5,100,28,7,2,20,,exposed,chr_atr,chromis_atrilobata,160,8
golfo_tribuga,morromico,11,2015,natalia_rincon,359,5,100,28,7,2,20,,exposed,epi_lab,epinephelus_labriformis,2,25
golfo_tribuga,morromico,11,2015,natalia_rincon,359,5,100,28,7,2,20,,exposed,hae_mac,haemulon_maculicauda,150,18
golfo_tribuga,morromico,11,2015,natalia_rincon,359,5,100,28,7,2,20,,exposed,hol_pas,holacanthus_passer,4,18
golfo_tribuga,morromico,11,2015,natalia_rincon,359,5,100,28,7,2,20,,exposed,hol_pas,holacanthus_passer,2,25
golfo_tribuga,morromico,11,2015,natalia_rincon,359,5,100,28,7,2,20,,exposed,joh_nig,johnrandallia_nigrirostris,11,13
golfo_tribuga,morromico,11,2015,natalia_rincon,359,5,100,28,7,2,20,,exposed,mic_dor,microspathodon_dorsalis,1,25
golfo_tribuga,morromico,11,2015,natalia_rincon,359,5,100,28,7,2,20,,exposed,mul_den,mulloidichthys_dentatus,24,18
golfo_tribuga,morromico,11,2015,natalia_rincon,359,5,100,28,7,2,20,,exposed,nov_tae,novaculichthys_taeniourus,1,25
golfo_tribuga,morromico,11,2015,natalia_rincon,359,5,100,28,7,2,20,,exposed,par_col,paranthias_colonus,342,18
golfo_tribuga,morromico,11,2015,natalia_rincon,359,5,100,28,7,2,20,,exposed,pse_nau,pseudobalistes_naufragium,2,35
golfo_tribuga,morromico,11,2015,natalia_rincon,359,5,100,28,7,2,20,,exposed,sca_gho,scarus_ghobban,1,25
golfo_tribuga,morromico,11,2015,natalia_rincon,359,5,100,28,7,2,20,,exposed,sca_per,scarus_perrico,2,25
golfo_tribuga,morromico,11,2015,natalia_rincon,359,5,100,28,7,2,20,,exposed,sca_per,scarus_perrico,5,35
golfo_tribuga,morromico,11,2015,natalia_rincon,359,5,100,28,7,2,20,,exposed,ser_riv,seriola_rivoliana,1,25
golfo_tribuga,morromico,11,2015,natalia_rincon,359,5,100,28,7,2,20,,exposed,ste_aca,stegastes_acapulcoensis,2,13
golfo_tribuga,morromico,11,2015,natalia_rincon,359,5,100,28,7,2,20,,exposed,ste_fla,stegastes_flavilatus,14,13
golfo_tribuga,morromico,11,2015,natalia_rincon,359,5,100,28,7,2,20,,exposed,suf_ver,sufflamen_verres,5,18
golfo_tribuga,morromico,11,2015,natalia_rincon,359,5,100,28,7,2,20,,exposed,tha_luc,thalassoma_lucasanum,30,8
golfo_tribuga,morromico,11,2015,natalia_rincon,359,5,100,28,7,2,20,,exposed,tha_luc,thalassoma_lucasanum,6,13
golfo_tribuga,morromico,11,2015,natalia_rincon,360,5,100,28,10,2,20,,exposed,abu_tro,abudefduf_troschelii,91,18
golfo_tribuga,morromico,11,2015,natalia_rincon,360,5,100,28,10,2,20,,exposed,aca_xan,acanthurus_xanthopterus,16,25
golfo_tribuga,morromico,11,2015,natalia_rincon,360,5,100,28,10,2,20,,exposed,aro_his,arothron_hispidus,1,18
golfo_tribuga,morromico,11,2015,natalia_rincon,360,5,100,28,10,2,20,,exposed,aro_mel,arothron_meleagris,2,45
golfo_tribuga,morromico,11,2015,natalia_rincon,360,5,100,28,10,2,20,,exposed,bod_dip,bodianus_diplotaenia,1,18
golfo_tribuga,morromico,11,2015,natalia_rincon,360,5,100,28,10,2,20,,exposed,bod_dip,bodianus_diplotaenia,1,25
golfo_tribuga,morromico,11,2015,natalia_rincon,360,5,100,28,10,2,20,,exposed,can_pun,canthigaster_punctatissima,1,3
golfo_tribuga,morromico,11,2015,natalia_rincon,360,5,100,28,10,2,20,,exposed,chr_atr,chromis_atrilobata,100,8
golfo_tribuga,morromico,11,2015,natalia_rincon,360,5,100,28,10,2,20,,exposed,hae_mac,haemulon_maculicauda,2,18
golfo_tribuga,morromico,11,2015,natalia_rincon,360,5,100,28,10,2,20,,exposed,hal_nic,halichoeres_nicholsi,1,18
golfo_tribuga,morromico,11,2015,natalia_rincon,360,5,100,28,10,2,20,,exposed,hol_pas,holacanthus_passer,1,18
golfo_tribuga,morromico,11,2015,natalia_rincon,360,5,100,28,10,2,20,,exposed,hol_pas,holacanthus_passer,2,25
golfo_tribuga,morromico,11,2015,natalia_rincon,360,5,100,28,10,2,20,,exposed,joh_nig,johnrandallia_nigrirostris,3,13
golfo_tribuga,morromico,11,2015,natalia_rincon,360,5,100,28,10,2,20,,exposed,lut_arg,lutjanus_argentiventris,1,18
golfo_tribuga,morromico,11,2015,natalia_rincon,360,5,100,28,10,2,20,,exposed,myr_ber,myripristis_berndti,1,25
golfo_tribuga,morromico,11,2015,natalia_rincon,360,5,100,28,10,2,20,,exposed,sca_com,scarus_compressus,1,25
golfo_tribuga,morromico,11,2015,natalia_rincon,360,5,100,28,10,2,20,,exposed,sca_per,scarus_perrico,1,25
golfo_tribuga,morromico,11,2015,natalia_rincon,360,5,100,28,10,2,20,,exposed,ste_fla,stegastes_flavilatus,1,8
golfo_tribuga,morromico,11,2015,natalia_rincon,360,5,100,28,10,2,20,,exposed,suf_ver,sufflamen_verres,1,18
golfo_tribuga,morromico,11,2015,natalia_rincon,360,5,100,28,10,2,20,,exposed,odo_xan,odontoscion_xanthops,2,13
golfo_tribuga,morros_jurubida,11,2015,luis_chasqui,361,6,100,28,11,2,5,,exposed,aro_his,arothron_hispidus,1,18
golfo_tribuga,morros_jurubida,11,2015,luis_chasqui,361,6,100,28,11,2,5,,exposed,bod_dip,bodianus_diplotaenia,2,18
golfo_tribuga,morros_jurubida,11,2015,luis_chasqui,361,6,100,28,11,2,5,,exposed,car_cab,caranx_caballus,25,35
golfo_tribuga,morros_jurubida,11,2015,luis_chasqui,361,6,100,28,11,2,5,,exposed,cep_pan,cephalopholis_panamensis,3,13
golfo_tribuga,morros_jurubida,11,2015,luis_chasqui,361,6,100,28,11,2,5,,exposed,cep_pan,cephalopholis_panamensis,1,18
golfo_tribuga,morros_jurubida,11,2015,luis_chasqui,361,6,100,28,11,2,5,,exposed,cir_riv,cirrhitus_rivulatus,1,18
golfo_tribuga,morros_jurubida,11,2015,luis_chasqui,361,6,100,28,11,2,5,,exposed,hal_dis,halichoeres_dispilus,1,3
golfo_tribuga,morros_jurubida,11,2015,luis_chasqui,361,6,100,28,11,2,5,,exposed,hal_dis,halichoeres_dispilus,2,8
golfo_tribuga,morros_jurubida,11,2015,luis_chasqui,361,6,100,28,11,2,5,,exposed,hol_pas,holacanthus_passer,1,25
golfo_tribuga,morros_jurubida,11,2015,luis_chasqui,361,6,100,28,11,2,5,,exposed,joh_nig,johnrandallia_nigrirostris,1,8
golfo_tribuga,morros_jurubida,11,2015,luis_chasqui,361,6,100,28,11,2,5,,exposed,lut_arg,lutjanus_argentiventris,4,18
golfo_tribuga,morros_jurubida,11,2015,luis_chasqui,361,6,100,28,11,2,5,,exposed,lut_arg,lutjanus_argentiventris,8,25
golfo_tribuga,morros_jurubida,11,2015,luis_chasqui,361,6,100,28,11,2,5,,exposed,lut_gut,lutjanus_guttatus,4,13
golfo_tribuga,morros_jurubida,11,2015,luis_chasqui,361,6,100,28,11,2,5,,exposed,ste_fla,stegastes_flavilatus,20,8
golfo_tribuga,morros_jurubida,11,2015,luis_chasqui,361,6,100,28,11,2,5,,exposed,suf_ver,sufflamen_verres,1,18
golfo_tribuga,morros_jurubida,11,2015,luis_chasqui,362,6,100,28,11,2,5,,exposed,abu_tro,abudefduf_troschelii,3,13
golfo_tribuga,morros_jurubida,11,2015,luis_chasqui,362,6,100,28,11,2,5,,exposed,aro_his,arothron_hispidus,1,25
golfo_tribuga,morros_jurubida,11,2015,luis_chasqui,362,6,100,28,11,2,5,,exposed,aro_mel,arothron_meleagris,1,25
golfo_tribuga,morros_jurubida,11,2015,luis_chasqui,362,6,100,28,11,2,5,,exposed,bod_dip,bodianus_diplotaenia,1,25
golfo_tribuga,morros_jurubida,11,2015,luis_chasqui,362,6,100,28,11,2,5,,exposed,car_cab,caranx_caballus,30,25
golfo_tribuga,morros_jurubida,11,2015,luis_chasqui,362,6,100,28,11,2,5,,exposed,cep_pan,cephalopholis_panamensis,1,18
golfo_tribuga,morros_jurubida,11,2015,luis_chasqui,362,6,100,28,11,2,5,,exposed,cha_hum,chaetodon_humeralis,2,8
golfo_tribuga,morros_jurubida,11,2015,luis_chasqui,362,6,100,28,11,2,5,,exposed,chr_atr,chromis_atrilobata,50,8
golfo_tribuga,morros_jurubida,11,2015,luis_chasqui,362,6,100,28,11,2,5,,exposed,dio_hys,diodon_hystrix,1,35
golfo_tribuga,morros_jurubida,11,2015,luis_chasqui,362,6,100,28,11,2,5,,exposed,hol_pas,holacanthus_passer,1,8
golfo_tribuga,morros_jurubida,11,2015,luis_chasqui,362,6,100,28,11,2,5,,exposed,hol_pas,holacanthus_passer,2,18
golfo_tribuga,morros_jurubida,11,2015,luis_chasqui,362,6,100,28,11,2,5,,exposed,joh_nig,johnrandallia_nigrirostris,2,8
golfo_tribuga,morros_jurubida,11,2015,luis_chasqui,362,6,100,28,11,2,5,,exposed,lut_arg,lutjanus_argentiventris,4,18
golfo_tribuga,morros_jurubida,11,2015,luis_chasqui,362,6,100,28,11,2,5,,exposed,myr_lei,myripristis_leiognathus,1,13
golfo_tribuga,morros_jurubida,11,2015,luis_chasqui,362,6,100,28,11,2,5,,exposed,pom_zon,pomacanthus_zonipectus,1,18
golfo_tribuga,morros_jurubida,11,2015,luis_chasqui,362,6,100,28,11,2,5,,exposed,sca_per,scarus_perrico,1,55
golfo_tribuga,morros_jurubida,11,2015,luis_chasqui,362,6,100,28,11,2,5,,exposed,ste_fla,stegastes_flavilatus,15,8
golfo_tribuga,morros_jurubida,11,2015,luis_chasqui,362,6,100,28,11,2,5,,exposed,suf_ver,sufflamen_verres,1,8
golfo_tribuga,morros_jurubida,11,2015,luis_chasqui,362,6,100,28,11,2,5,,exposed,suf_ver,sufflamen_verres,1,18
golfo_tribuga,morros_jurubida,11,2015,luis_chasqui,362,6,100,28,11,2,5,,exposed,ani_cae,anisotremus_caesius,1,18
golfo_tribuga,morros_jurubida,11,2015,luis_chasqui,363,6,100,28,11,2,5,,exposed,abu_tro,abudefduf_troschelii,1,13
golfo_tribuga,morros_jurubida,11,2015,luis_chasqui,363,6,100,28,11,2,5,,exposed,aro_his,arothron_hispidus,1,35
golfo_tribuga,morros_jurubida,11,2015,luis_chasqui,363,6,100,28,11,2,5,,exposed,bod_dip,bodianus_diplotaenia,1,18
golfo_tribuga,morros_jurubida,11,2015,luis_chasqui,363,6,100,28,11,2,5,,exposed,car_cab,caranx_caballus,10,25
golfo_tribuga,morros_jurubida,11,2015,luis_chasqui,363,6,100,28,11,2,5,,exposed,cep_pan,cephalopholis_panamensis,1,8
golfo_tribuga,morros_jurubida,11,2015,luis_chasqui,363,6,100,28,11,2,5,,exposed,cep_pan,cephalopholis_panamensis,2,18
golfo_tribuga,morros_jurubida,11,2015,luis_chasqui,363,6,100,28,11,2,5,,exposed,cha_hum,chaetodon_humeralis,4,8
golfo_tribuga,morros_jurubida,11,2015,luis_chasqui,363,6,100,28,11,2,5,,exposed,epi_lab,epinephelus_labriformis,1,18
golfo_tribuga,morros_jurubida,11,2015,luis_chasqui,363,6,100,28,11,2,5,,exposed,hae_ste,haemulon_steindachneri,9,25
golfo_tribuga,morros_jurubida,11,2015,luis_chasqui,363,6,100,28,11,2,5,,exposed,hol_pas,holacanthus_passer,1,18
golfo_tribuga,morros_jurubida,11,2015,luis_chasqui,363,6,100,28,11,2,5,,exposed,joh_nig,johnrandallia_nigrirostris,2,8
golfo_tribuga,morros_jurubida,11,2015,luis_chasqui,363,6,100,28,11,2,5,,exposed,lut_arg,lutjanus_argentiventris,2,18
golfo_tribuga,morros_jurubida,11,2015,luis_chasqui,363,6,100,28,11,2,5,,exposed,lut_arg,lutjanus_argentiventris,1,25
golfo_tribuga,morros_jurubida,11,2015,luis_chasqui,363,6,100,28,11,2,5,,exposed,lut_gut,lutjanus_guttatus,1,13
golfo_tribuga,morros_jurubida,11,2015,luis_chasqui,363,6,100,28,11,2,5,,exposed,myr_lei,myripristis_leiognathus,2,13
golfo_tribuga,morros_jurubida,11,2015,luis_chasqui,363,6,100,28,11,2,5,,exposed,ste_fla,stegastes_flavilatus,30,8
golfo_tribuga,morros_jurubida,11,2015,luis_chasqui,363,6,100,28,11,2,5,,exposed,suf_ver,sufflamen_verres,1,8
golfo_tribuga,morros_jurubida,11,2015,luis_chasqui,363,6,100,28,11,2,5,,exposed,ani_cae,anisotremus_caesius,1,25
golfo_tribuga,morros_jurubida,11,2015,luis_chasqui,364,6,100,28,8,2,5,,exposed,abu_tro,abudefduf_troschelii,2,13
golfo_tribuga,morros_jurubida,11,2015,luis_chasqui,364,6,100,28,8,2,5,,exposed,aca_xan,acanthurus_xanthopterus,3,25
golfo_tribuga,morros_jurubida,11,2015,luis_chasqui,364,6,100,28,8,2,5,,exposed,aro_mel,arothron_meleagris,2,25
golfo_tribuga,morros_jurubida,11,2015,luis_chasqui,364,6,100,28,8,2,5,,exposed,bod_dip,bodianus_diplotaenia,3,8
golfo_tribuga,morros_jurubida,11,2015,luis_chasqui,364,6,100,28,8,2,5,,exposed,cep_pan,cephalopholis_panamensis,3,18
golfo_tribuga,morros_jurubida,11,2015,luis_chasqui,364,6,100,28,8,2,5,,exposed,chr_atr,chromis_atrilobata,100,3
golfo_tribuga,morros_jurubida,11,2015,luis_chasqui,364,6,100,28,8,2,5,,exposed,cir_riv,cirrhitus_rivulatus,1,35
golfo_tribuga,morros_jurubida,11,2015,luis_chasqui,364,6,100,28,8,2,5,,exposed,dio_hys,diodon_hystrix,1,35
golfo_tribuga,morros_jurubida,11,2015,luis_chasqui,364,6,100,28,8,2,5,,exposed,epi_lab,epinephelus_labriformis,1,25
golfo_tribuga,morros_jurubida,11,2015,luis_chasqui,364,6,100,28,8,2,5,,exposed,hae_ste,haemulon_steindachneri,3,25
golfo_tribuga,morros_jurubida,11,2015,luis_chasqui,364,6,100,28,8,2,5,,exposed,hol_pas,holacanthus_passer,1,18
golfo_tribuga,morros_jurubida,11,2015,luis_chasqui,364,6,100,28,8,2,5,,exposed,hol_pas,holacanthus_passer,4,25
golfo_tribuga,morros_jurubida,11,2015,luis_chasqui,364,6,100,28,8,2,5,,exposed,hol_pas,holacanthus_passer,2,35
golfo_tribuga,morros_jurubida,11,2015,luis_chasqui,364,6,100,28,8,2,5,,exposed,kyp_ana,kyphosus_vaigiensis,50,18
golfo_tribuga,morros_jurubida,11,2015,luis_chasqui,364,6,100,28,8,2,5,,exposed,lut_arg,lutjanus_argentiventris,1,35
golfo_tribuga,morros_jurubida,11,2015,luis_chasqui,364,6,100,28,8,2,5,,exposed,myr_lei,myripristis_leiognathus,1,8
golfo_tribuga,morros_jurubida,11,2015,luis_chasqui,364,6,100,28,8,2,5,,exposed,myr_lei,myripristis_leiognathus,10,13
golfo_tribuga,morros_jurubida,11,2015,luis_chasqui,364,6,100,28,8,2,5,,exposed,pse_nau,pseudobalistes_naufragium,3,25
golfo_tribuga,morros_jurubida,11,2015,luis_chasqui,364,6,100,28,8,2,5,,exposed,sar_sub,sargocentron_suborbitalis,2,18
golfo_tribuga,morros_jurubida,11,2015,luis_chasqui,364,6,100,28,8,2,5,,exposed,sca_per,scarus_perrico,2,45
golfo_tribuga,morros_jurubida,11,2015,luis_chasqui,364,6,100,28,8,2,5,,exposed,sco_sie,scomberomorus_sierra,1,35
golfo_tribuga,morros_jurubida,11,2015,luis_chasqui,364,6,100,28,8,2,5,,exposed,ste_fla,stegastes_flavilatus,30,8
golfo_tribuga,morros_jurubida,11,2015,luis_chasqui,364,6,100,28,8,2,5,,exposed,suf_ver,sufflamen_verres,1,8
golfo_tribuga,morros_jurubida,11,2015,luis_chasqui,364,6,100,28,8,2,5,,exposed,ani_cae,anisotremus_caesius,35,18
golfo_tribuga,morros_jurubida,11,2015,luis_chasqui,364,6,100,28,8,2,5,,exposed,mur_cle,muraena_clepsydra,1,55
golfo_tribuga,morros_jurubida,11,2015,natalia_rincon,365,6,100,28,6,2,5,,exposed,abu_tro,abudefduf_troschelii,17,18
golfo_tribuga,morros_jurubida,11,2015,natalia_rincon,365,6,100,28,6,2,5,,exposed,aro_his,arothron_hispidus,2,18
golfo_tribuga,morros_jurubida,11,2015,natalia_rincon,365,6,100,28,6,2,5,,exposed,cha_hum,chaetodon_humeralis,2,13
golfo_tribuga,morros_jurubida,11,2015,natalia_rincon,365,6,100,28,6,2,5,,exposed,cir_riv,cirrhitus_rivulatus,1,18
golfo_tribuga,morros_jurubida,11,2015,natalia_rincon,365,6,100,28,6,2,5,,exposed,hal_chi,halichoeres_chierchiae,2,13
golfo_tribuga,morros_jurubida,11,2015,natalia_rincon,365,6,100,28,6,2,5,,exposed,hal_dis,halichoeres_dispilus,2,8
golfo_tribuga,morros_jurubida,11,2015,natalia_rincon,365,6,100,28,6,2,5,,exposed,mul_den,mulloidichthys_dentatus,1,25
golfo_tribuga,morros_jurubida,11,2015,natalia_rincon,365,6,100,28,6,2,5,,exposed,pom_zon,pomacanthus_zonipectus,1,18
golfo_tribuga,morros_jurubida,11,2015,natalia_rincon,365,6,100,28,6,2,5,,exposed,sca_gho,scarus_ghobban,1,25
golfo_tribuga,morros_jurubida,11,2015,natalia_rincon,365,6,100,28,6,2,5,,exposed,ste_fla,stegastes_flavilatus,14,13
golfo_tribuga,morros_jurubida,11,2015,natalia_rincon,365,6,100,28,6,2,5,,exposed,suf_ver,sufflamen_verres,1,13
golfo_tribuga,morros_jurubida,11,2015,natalia_rincon,366,6,100,28,9,2,5,,exposed,abu_tro,abudefduf_troschelii,24,13
golfo_tribuga,morros_jurubida,11,2015,natalia_rincon,366,6,100,28,9,2,5,,exposed,aro_his,arothron_hispidus,1,18
golfo_tribuga,morros_jurubida,11,2015,natalia_rincon,366,6,100,28,9,2,5,,exposed,aro_mel,arothron_meleagris,4,18
golfo_tribuga,morros_jurubida,11,2015,natalia_rincon,366,6,100,28,9,2,5,,exposed,bod_dip,bodianus_diplotaenia,2,18
golfo_tribuga,morros_jurubida,11,2015,natalia_rincon,366,6,100,28,9,2,5,,exposed,bod_dip,bodianus_diplotaenia,1,25
golfo_tribuga,morros_jurubida,11,2015,natalia_rincon,366,6,100,28,9,2,5,,exposed,cep_pan,cephalopholis_panamensis,1,25
golfo_tribuga,morros_jurubida,11,2015,natalia_rincon,366,6,100,28,9,2,5,,exposed,hal_chi,halichoeres_chierchiae,1,18
golfo_tribuga,morros_jurubida,11,2015,natalia_rincon,366,6,100,28,9,2,5,,exposed,hal_nic,halichoeres_nicholsi,1,18
golfo_tribuga,morros_jurubida,11,2015,natalia_rincon,366,6,100,28,9,2,5,,exposed,joh_nig,johnrandallia_nigrirostris,1,8
golfo_tribuga,morros_jurubida,11,2015,natalia_rincon,366,6,100,28,9,2,5,,exposed,lut_arg,lutjanus_argentiventris,1,18
golfo_tribuga,morros_jurubida,11,2015,natalia_rincon,366,6,100,28,9,2,5,,exposed,lut_arg,lutjanus_argentiventris,3,45
golfo_tribuga,morros_jurubida,11,2015,natalia_rincon,366,6,100,28,9,2,5,,exposed,mic_dor,microspathodon_dorsalis,5,25
golfo_tribuga,morros_jurubida,11,2015,natalia_rincon,366,6,100,28,9,2,5,,exposed,sca_per,scarus_perrico,2,45
golfo_tribuga,morros_jurubida,11,2015,natalia_rincon,366,6,100,28,9,2,5,,exposed,ste_aca,stegastes_acapulcoensis,1,18
golfo_tribuga,morros_jurubida,11,2015,natalia_rincon,366,6,100,28,9,2,5,,exposed,ste_fla,stegastes_flavilatus,10,13
golfo_tribuga,morros_jurubida,11,2015,natalia_rincon,366,6,100,28,9,2,5,,exposed,suf_ver,sufflamen_verres,1,18
golfo_tribuga,morros_jurubida,11,2015,natalia_rincon,367,6,100,28,7,2,5,,exposed,aca_xan,acanthurus_xanthopterus,1,35
golfo_tribuga,morros_jurubida,11,2015,natalia_rincon,367,6,100,28,7,2,5,,exposed,cep_pan,cephalopholis_panamensis,1,25
golfo_tribuga,morros_jurubida,11,2015,natalia_rincon,367,6,100,28,7,2,5,,exposed,cha_hum,chaetodon_humeralis,2,13
golfo_tribuga,morros_jurubida,11,2015,natalia_rincon,367,6,100,28,7,2,5,,exposed,chr_atr,chromis_atrilobata,30,8
golfo_tribuga,morros_jurubida,11,2015,natalia_rincon,367,6,100,28,7,2,5,,exposed,cir_riv,cirrhitus_rivulatus,2,18
golfo_tribuga,morros_jurubida,11,2015,natalia_rincon,367,6,100,28,7,2,5,,exposed,epi_lab,epinephelus_labriformis,1,25
golfo_tribuga,morros_jurubida,11,2015,natalia_rincon,367,6,100,28,7,2,5,,exposed,hal_nic,halichoeres_nicholsi,1,13
golfo_tribuga,morros_jurubida,11,2015,natalia_rincon,367,6,100,28,7,2,5,,exposed,lut_arg,lutjanus_argentiventris,2,25
golfo_tribuga,morros_jurubida,11,2015,natalia_rincon,367,6,100,28,7,2,5,,exposed,ste_fla,stegastes_flavilatus,15,13
golfo_tribuga,morros_jurubida,11,2015,natalia_rincon,367,6,100,28,7,2,5,,exposed,pri_lat,prionurus_laticlavius,2,25
golfo_tribuga,morros_jurubida,11,2015,natalia_rincon,368,6,100,28,7,2,5,,exposed,abu_tro,abudefduf_troschelii,13,13
golfo_tribuga,morros_jurubida,11,2015,natalia_rincon,368,6,100,28,7,2,5,,exposed,aro_mel,arothron_meleagris,1,18
golfo_tribuga,morros_jurubida,11,2015,natalia_rincon,368,6,100,28,7,2,5,,exposed,joh_nig,johnrandallia_nigrirostris,1,8
golfo_tribuga,morros_jurubida,11,2015,natalia_rincon,368,6,100,28,7,2,5,,exposed,kyp_ana,kyphosus_vaigiensis,3,25
golfo_tribuga,morros_jurubida,11,2015,natalia_rincon,368,6,100,28,7,2,5,,exposed,mic_dor,microspathodon_dorsalis,4,25
golfo_tribuga,morros_jurubida,11,2015,natalia_rincon,368,6,100,28,7,2,5,,exposed,pse_nau,pseudobalistes_naufragium,1,25
golfo_tribuga,morros_jurubida,11,2015,natalia_rincon,368,6,100,28,7,2,5,,exposed,sar_sub,sargocentron_suborbitalis,4,18
golfo_tribuga,morros_jurubida,11,2015,natalia_rincon,368,6,100,28,7,2,5,,exposed,sca_per,scarus_perrico,1,55
golfo_tribuga,morros_jurubida,11,2015,natalia_rincon,368,6,100,28,7,2,5,,exposed,ste_fla,stegastes_flavilatus,6,13
golfo_tribuga,morros_jurubida,11,2015,natalia_rincon,368,6,100,28,7,2,5,,exposed,tha_luc,thalassoma_lucasanum,8,8
golfo_tribuga,morros_jurubida,11,2015,natalia_rincon,368,6,100,28,7,2,5,,exposed,tha_luc,thalassoma_lucasanum,1,13
golfo_tribuga,punta_orion,11,2015,luis_chasqui,369,7,100,28,10,2,10,,exposed,abu_tro,abudefduf_troschelii,35,13
golfo_tribuga,punta_orion,11,2015,luis_chasqui,369,7,100,28,10,2,10,,exposed,aro_mel,arothron_meleagris,2,18
golfo_tribuga,punta_orion,11,2015,luis_chasqui,369,7,100,28,10,2,10,,exposed,bod_dip,bodianus_diplotaenia,3,8
golfo_tribuga,punta_orion,11,2015,luis_chasqui,369,7,100,28,10,2,10,,exposed,can_pun,canthigaster_punctatissima,1,3
golfo_tribuga,punta_orion,11,2015,luis_chasqui,369,7,100,28,10,2,10,,exposed,car_cab,caranx_caballus,12,25
golfo_tribuga,punta_orion,11,2015,luis_chasqui,369,7,100,28,10,2,10,,exposed,cep_pan,cephalopholis_panamensis,3,18
golfo_tribuga,punta_orion,11,2015,luis_chasqui,369,7,100,28,10,2,10,,exposed,cha_hum,chaetodon_humeralis,3,8
golfo_tribuga,punta_orion,11,2015,luis_chasqui,369,7,100,28,10,2,10,,exposed,chr_atr,chromis_atrilobata,40,8
golfo_tribuga,punta_orion,11,2015,luis_chasqui,369,7,100,28,10,2,10,,exposed,dio_hol,diodon_holocanthus,1,25
golfo_tribuga,punta_orion,11,2015,luis_chasqui,369,7,100,28,10,2,10,,exposed,gym_zeb,gymnomuraena_zebra,1,45
golfo_tribuga,punta_orion,11,2015,luis_chasqui,369,7,100,28,10,2,10,,exposed,hal_dis,halichoeres_dispilus,3,3
golfo_tribuga,punta_orion,11,2015,luis_chasqui,369,7,100,28,10,2,10,,exposed,hal_dis,halichoeres_dispilus,23,8
golfo_tribuga,punta_orion,11,2015,luis_chasqui,369,7,100,28,10,2,10,,exposed,hal_nic,halichoeres_nicholsi,1,18
golfo_tribuga,punta_orion,11,2015,luis_chasqui,369,7,100,28,10,2,10,,exposed,joh_nig,johnrandallia_nigrirostris,3,8
golfo_tribuga,punta_orion,11,2015,luis_chasqui,369,7,100,28,10,2,10,,exposed,lut_arg,lutjanus_argentiventris,1,18
golfo_tribuga,punta_orion,11,2015,luis_chasqui,369,7,100,28,10,2,10,,exposed,mul_den,mulloidichthys_dentatus,1,18
golfo_tribuga,punta_orion,11,2015,luis_chasqui,369,7,100,28,10,2,10,,exposed,par_col,paranthias_colonus,4,18
golfo_tribuga,punta_orion,11,2015,luis_chasqui,369,7,100,28,10,2,10,,exposed,pla_aza,plagiotremus_azaleus,8,3
golfo_tribuga,punta_orion,11,2015,luis_chasqui,369,7,100,28,10,2,10,,exposed,ste_fla,stegastes_flavilatus,10,8
golfo_tribuga,punta_orion,11,2015,luis_chasqui,369,7,100,28,10,2,10,,exposed,suf_ver,sufflamen_verres,5,18
golfo_tribuga,punta_orion,11,2015,luis_chasqui,369,7,100,28,10,2,10,,exposed,tha_luc,thalassoma_lucasanum,30,8
golfo_tribuga,punta_orion,11,2015,luis_chasqui,369,7,100,28,10,2,10,,exposed,tha_luc,thalassoma_lucasanum,2,13
golfo_tribuga,punta_orion,11,2015,luis_chasqui,369,7,100,28,10,2,10,,exposed,mal_bre,malacanthus_brevirostris,2,8
golfo_tribuga,punta_orion,11,2015,luis_chasqui,370,7,100,28,11,2,5,,exposed,abu_tro,abudefduf_troschelii,20,13
golfo_tribuga,punta_orion,11,2015,luis_chasqui,370,7,100,28,11,2,5,,exposed,aro_his,arothron_hispidus,1,18
golfo_tribuga,punta_orion,11,2015,luis_chasqui,370,7,100,28,11,2,5,,exposed,bod_dip,bodianus_diplotaenia,9,8
golfo_tribuga,punta_orion,11,2015,luis_chasqui,370,7,100,28,11,2,5,,exposed,bod_dip,bodianus_diplotaenia,2,18
golfo_tribuga,punta_orion,11,2015,luis_chasqui,370,7,100,28,11,2,5,,exposed,cep_pan,cephalopholis_panamensis,3,25
golfo_tribuga,punta_orion,11,2015,luis_chasqui,370,7,100,28,11,2,5,,exposed,cha_hum,chaetodon_humeralis,5,8
golfo_tribuga,punta_orion,11,2015,luis_chasqui,370,7,100,28,11,2,5,,exposed,cir_oxy,cirrhitichthys_oxycephalus,1,3
golfo_tribuga,punta_orion,11,2015,luis_chasqui,370,7,100,28,11,2,5,,exposed,epi_lab,epinephelus_labriformis,2,18
golfo_tribuga,punta_orion,11,2015,luis_chasqui,370,7,100,28,11,2,5,,exposed,epi_lab,epinephelus_labriformis,1,25
golfo_tribuga,punta_orion,11,2015,luis_chasqui,370,7,100,28,11,2,5,,exposed,hal_dis,halichoeres_dispilus,1,3
golfo_tribuga,punta_orion,11,2015,luis_chasqui,370,7,100,28,11,2,5,,exposed,joh_nig,johnrandallia_nigrirostris,6,8
golfo_tribuga,punta_orion,11,2015,luis_chasqui,370,7,100,28,11,2,5,,exposed,par_col,paranthias_colonus,3,8
golfo_tribuga,punta_orion,11,2015,luis_chasqui,370,7,100,28,11,2,5,,exposed,pse_nau,pseudobalistes_naufragium,1,25
golfo_tribuga,punta_orion,11,2015,luis_chasqui,370,7,100,28,11,2,5,,exposed,ste_fla,stegastes_flavilatus,11,8
golfo_tribuga,punta_orion,11,2015,luis_chasqui,370,7,100,28,11,2,5,,exposed,suf_ver,sufflamen_verres,6,18
golfo_tribuga,punta_orion,11,2015,luis_chasqui,370,7,100,28,11,2,5,,exposed,tha_luc,thalassoma_lucasanum,5,8
golfo_tribuga,punta_orion,11,2015,luis_chasqui,370,7,100,28,11,2,5,,exposed,gna_spe,gnathanodon_speciosus,1,35
golfo_tribuga,punta_orion,11,2015,luis_chasqui,371,7,100,28,11,2,10,,exposed,abu_tro,abudefduf_troschelii,4,13
golfo_tribuga,punta_orion,11,2015,luis_chasqui,371,7,100,28,11,2,10,,exposed,bod_dip,bodianus_diplotaenia,3,8
golfo_tribuga,punta_orion,11,2015,luis_chasqui,371,7,100,28,11,2,10,,exposed,bod_dip,bodianus_diplotaenia,2,18
golfo_tribuga,punta_orion,11,2015,luis_chasqui,371,7,100,28,11,2,10,,exposed,cep_pan,cephalopholis_panamensis,4,18
golfo_tribuga,punta_orion,11,2015,luis_chasqui,371,7,100,28,11,2,10,,exposed,cep_pan,cephalopholis_panamensis,1,25
golfo_tribuga,punta_orion,11,2015,luis_chasqui,371,7,100,28,11,2,10,,exposed,cha_hum,chaetodon_humeralis,2,8
golfo_tribuga,punta_orion,11,2015,luis_chasqui,371,7,100,28,11,2,10,,exposed,chr_atr,chromis_atrilobata,50,8
golfo_tribuga,punta_orion,11,2015,luis_chasqui,371,7,100,28,11,2,10,,exposed,epi_lab,epinephelus_labriformis,3,25
golfo_tribuga,punta_orion,11,2015,luis_chasqui,371,7,100,28,11,2,10,,exposed,hal_dis,halichoeres_dispilus,30,8
golfo_tribuga,punta_orion,11,2015,luis_chasqui,371,7,100,28,11,2,10,,exposed,hol_pas,holacanthus_passer,1,18
golfo_tribuga,punta_orion,11,2015,luis_chasqui,371,7,100,28,11,2,10,,exposed,lut_arg,lutjanus_argentiventris,1,25
golfo_tribuga,punta_orion,11,2015,luis_chasqui,371,7,100,28,11,2,10,,exposed,mul_den,mulloidichthys_dentatus,5,25
golfo_tribuga,punta_orion,11,2015,luis_chasqui,371,7,100,28,11,2,10,,exposed,pse_nau,pseudobalistes_naufragium,1,25
golfo_tribuga,punta_orion,11,2015,luis_chasqui,371,7,100,28,11,2,10,,exposed,pse_nau,pseudobalistes_naufragium,1,35
golfo_tribuga,punta_orion,11,2015,luis_chasqui,371,7,100,28,11,2,10,,exposed,ste_fla,stegastes_flavilatus,6,8
golfo_tribuga,punta_orion,11,2015,luis_chasqui,371,7,100,28,11,2,10,,exposed,suf_ver,sufflamen_verres,2,18
golfo_tribuga,punta_orion,11,2015,luis_chasqui,371,7,100,28,11,2,10,,exposed,tha_gra,thalassoma_grammaticum,5,8
golfo_tribuga,punta_orion,11,2015,luis_chasqui,372,7,100,28,10,2,10,,exposed,abu_tro,abudefduf_troschelii,5,13
golfo_tribuga,punta_orion,11,2015,luis_chasqui,372,7,100,28,10,2,10,,exposed,aca_xan,acanthurus_xanthopterus,3,25
golfo_tribuga,punta_orion,11,2015,luis_chasqui,372,7,100,28,10,2,10,,exposed,aro_mel,arothron_meleagris,1,25
golfo_tribuga,punta_orion,11,2015,luis_chasqui,372,7,100,28,10,2,10,,exposed,cep_pan,cephalopholis_panamensis,2,18
golfo_tribuga,punta_orion,11,2015,luis_chasqui,372,7,100,28,10,2,10,,exposed,cep_pan,cephalopholis_panamensis,2,25
golfo_tribuga,punta_orion,11,2015,luis_chasqui,372,7,100,28,10,2,10,,exposed,cha_hum,chaetodon_humeralis,3,8
golfo_tribuga,punta_orion,11,2015,luis_chasqui,372,7,100,28,10,2,10,,exposed,epi_lab,epinephelus_labriformis,1,18
golfo_tribuga,punta_orion,11,2015,luis_chasqui,372,7,100,28,10,2,10,,exposed,hae_mac,haemulon_maculicauda,100,18
golfo_tribuga,punta_orion,11,2015,luis_chasqui,372,7,100,28,10,2,10,,exposed,hae_ste,haemulon_steindachneri,50,18
golfo_tribuga,punta_orion,11,2015,luis_chasqui,372,7,100,28,10,2,10,,exposed,hal_chi,halichoeres_chierchiae,1,18
golfo_tribuga,punta_orion,11,2015,luis_chasqui,372,7,100,28,10,2,10,,exposed,hal_dis,halichoeres_dispilus,10,3
golfo_tribuga,punta_orion,11,2015,luis_chasqui,372,7,100,28,10,2,10,,exposed,hal_nic,halichoeres_nicholsi,1,18
golfo_tribuga,punta_orion,11,2015,luis_chasqui,372,7,100,28,10,2,10,,exposed,hol_pas,holacanthus_passer,3,18
golfo_tribuga,punta_orion,11,2015,luis_chasqui,372,7,100,28,10,2,10,,exposed,joh_nig,johnrandallia_nigrirostris,6,8
golfo_tribuga,punta_orion,11,2015,luis_chasqui,372,7,100,28,10,2,10,,exposed,kyp_ana,kyphosus_vaigiensis,1,35
golfo_tribuga,punta_orion,11,2015,luis_chasqui,372,7,100,28,10,2,10,,exposed,lut_arg,lutjanus_argentiventris,30,18
golfo_tribuga,punta_orion,11,2015,luis_chasqui,372,7,100,28,10,2,10,,exposed,lut_arg,lutjanus_argentiventris,12,25
golfo_tribuga,punta_orion,11,2015,luis_chasqui,372,7,100,28,10,2,10,,exposed,lut_arg,lutjanus_argentiventris,1,35
golfo_tribuga,punta_orion,11,2015,luis_chasqui,372,7,100,28,10,2,10,,exposed,lut_gut,lutjanus_guttatus,57,18
golfo_tribuga,punta_orion,11,2015,luis_chasqui,372,7,100,28,10,2,10,,exposed,mul_den,mulloidichthys_dentatus,6,25
golfo_tribuga,punta_orion,11,2015,luis_chasqui,372,7,100,28,10,2,10,,exposed,myr_lei,myripristis_leiognathus,2,13
golfo_tribuga,punta_orion,11,2015,luis_chasqui,372,7,100,28,10,2,10,,exposed,sar_sub,sargocentron_suborbitalis,1,35
golfo_tribuga,punta_orion,11,2015,luis_chasqui,372,7,100,28,10,2,10,,exposed,ste_fla,stegastes_flavilatus,10,8
golfo_tribuga,punta_orion,11,2015,luis_chasqui,372,7,100,28,10,2,10,,exposed,suf_ver,sufflamen_verres,1,18
golfo_tribuga,punta_orion,11,2015,luis_chasqui,372,7,100,28,10,2,10,,exposed,ani_cae,anisotremus_caesius,4,25
golfo_tribuga,punta_orion,11,2015,luis_chasqui,372,7,100,28,10,2,10,,exposed,odo_xan,odontoscion_xanthops,1,13
golfo_tribuga,punta_orion,11,2015,luis_chasqui,373,7,100,28,7,2,10,,exposed,abu_tro,abudefduf_troschelii,2,13
golfo_tribuga,punta_orion,11,2015,luis_chasqui,373,7,100,28,7,2,10,,exposed,aca_xan,acanthurus_xanthopterus,2,25
golfo_tribuga,punta_orion,11,2015,luis_chasqui,373,7,100,28,7,2,10,,exposed,aro_his,arothron_hispidus,1,18
golfo_tribuga,punta_orion,11,2015,luis_chasqui,373,7,100,28,7,2,10,,exposed,aro_mel,arothron_meleagris,1,18
golfo_tribuga,punta_orion,11,2015,luis_chasqui,373,7,100,28,7,2,10,,exposed,bod_dip,bodianus_diplotaenia,1,3
golfo_tribuga,punta_orion,11,2015,luis_chasqui,373,7,100,28,7,2,10,,exposed,can_pun,canthigaster_punctatissima,1,3
golfo_tribuga,punta_orion,11,2015,luis_chasqui,373,7,100,28,7,2,10,,exposed,car_mel,caranx_melampygus,1,25
golfo_tribuga,punta_orion,11,2015,luis_chasqui,373,7,100,28,7,2,10,,exposed,cep_pan,cephalopholis_panamensis,5,18
golfo_tribuga,punta_orion,11,2015,luis_chasqui,373,7,100,28,7,2,10,,exposed,epi_lab,epinephelus_labriformis,6,18
golfo_tribuga,punta_orion,11,2015,luis_chasqui,373,7,100,28,7,2,10,,exposed,fis_com,fistularia_commersonii,1,55
golfo_tribuga,punta_orion,11,2015,luis_chasqui,373,7,100,28,7,2,10,,exposed,hae_mac,haemulon_maculicauda,203,18
golfo_tribuga,punta_orion,11,2015,luis_chasqui,373,7,100,28,7,2,10,,exposed,hal_dis,halichoeres_dispilus,10,3
golfo_tribuga,punta_orion,11,2015,luis_chasqui,373,7,100,28,7,2,10,,exposed,hol_pas,holacanthus_passer,5,18
golfo_tribuga,punta_orion,11,2015,luis_chasqui,373,7,100,28,7,2,10,,exposed,kyp_ana,kyphosus_vaigiensis,1,18
golfo_tribuga,punta_orion,11,2015,luis_chasqui,373,7,100,28,7,2,10,,exposed,lut_arg,lutjanus_argentiventris,52,18
golfo_tribuga,punta_orion,11,2015,luis_chasqui,373,7,100,28,7,2,10,,exposed,lut_arg,lutjanus_argentiventris,25,25
golfo_tribuga,punta_orion,11,2015,luis_chasqui,373,7,100,28,7,2,10,,exposed,lut_arg,lutjanus_argentiventris,10,35
golfo_tribuga,punta_orion,11,2015,luis_chasqui,373,7,100,28,7,2,10,,exposed,lut_gut,lutjanus_guttatus,75,18
golfo_tribuga,punta_orion,11,2015,luis_chasqui,373,7,100,28,7,2,10,,exposed,lut_nov,lutjanus_novemfasciatus,1,25
golfo_tribuga,punta_orion,11,2015,luis_chasqui,373,7,100,28,7,2,10,,exposed,mic_dor,microspathodon_dorsalis,1,18
golfo_tribuga,punta_orion,11,2015,luis_chasqui,373,7,100,28,7,2,10,,exposed,mul_den,mulloidichthys_dentatus,7,25
golfo_tribuga,punta_orion,11,2015,luis_chasqui,373,7,100,28,7,2,10,,exposed,oph_ste,ophioblennius_steindachneri,1,13
golfo_tribuga,punta_orion,11,2015,luis_chasqui,373,7,100,28,7,2,10,,exposed,sar_sub,sargocentron_suborbitalis,5,18
golfo_tribuga,punta_orion,11,2015,luis_chasqui,373,7,100,28,7,2,10,,exposed,ste_aca,stegastes_acapulcoensis,10,13
golfo_tribuga,punta_orion,11,2015,luis_chasqui,373,7,100,28,7,2,10,,exposed,ste_fla,stegastes_flavilatus,2,8
golfo_tribuga,punta_orion,11,2015,luis_chasqui,373,7,100,28,7,2,10,,exposed,suf_ver,sufflamen_verres,2,18
golfo_tribuga,punta_orion,11,2015,luis_chasqui,373,7,100,28,7,2,10,,exposed,ani_cae,anisotremus_caesius,10,18
golfo_tribuga,punta_orion,11,2015,natalia_rincon,374,7,100,28,10,2,10,,exposed,abu_tro,abudefduf_troschelii,8,13
golfo_tribuga,punta_orion,11,2015,natalia_rincon,374,7,100,28,10,2,10,,exposed,aca_xan,acanthurus_xanthopterus,4,25
golfo_tribuga,punta_orion,11,2015,natalia_rincon,374,7,100,28,10,2,10,,exposed,bod_dip,bodianus_diplotaenia,3,8
golfo_tribuga,punta_orion,11,2015,natalia_rincon,374,7,100,28,10,2,10,,exposed,can_pun,canthigaster_punctatissima,1,3
golfo_tribuga,punta_orion,11,2015,natalia_rincon,374,7,100,28,10,2,10,,exposed,cha_hum,chaetodon_humeralis,5,8
golfo_tribuga,punta_orion,11,2015,natalia_rincon,374,7,100,28,10,2,10,,exposed,chr_atr,chromis_atrilobata,10,8
golfo_tribuga,punta_orion,11,2015,natalia_rincon,374,7,100,28,10,2,10,,exposed,cor_uro,coryphopterus_urospilus,1,3
golfo_tribuga,punta_orion,11,2015,natalia_rincon,374,7,100,28,10,2,10,,exposed,epi_lab,epinephelus_labriformis,1,18
golfo_tribuga,punta_orion,11,2015,natalia_rincon,374,7,100,28,10,2,10,,exposed,hal_nic,halichoeres_nicholsi,2,13
golfo_tribuga,punta_orion,11,2015,natalia_rincon,374,7,100,28,10,2,10,,exposed,hol_pas,holacanthus_passer,1,18
golfo_tribuga,punta_orion,11,2015,natalia_rincon,374,7,100,28,10,2,10,,exposed,joh_nig,johnrandallia_nigrirostris,1,8
golfo_tribuga,punta_orion,11,2015,natalia_rincon,374,7,100,28,10,2,10,,exposed,lut_arg,lutjanus_argentiventris,2,25
golfo_tribuga,punta_orion,11,2015,natalia_rincon,374,7,100,28,10,2,10,,exposed,lut_arg,lutjanus_argentiventris,1,35
golfo_tribuga,punta_orion,11,2015,natalia_rincon,374,7,100,28,10,2,10,,exposed,lut_gut,lutjanus_guttatus,17,18
golfo_tribuga,punta_orion,11,2015,natalia_rincon,374,7,100,28,10,2,10,,exposed,ste_fla,stegastes_flavilatus,1,8
golfo_tribuga,punta_orion,11,2015,natalia_rincon,375,7,100,28,8,2,10,,exposed,abu_tro,abudefduf_troschelii,3,13
golfo_tribuga,punta_orion,11,2015,natalia_rincon,375,7,100,28,8,2,10,,exposed,epi_lab,epinephelus_labriformis,2,18
golfo_tribuga,punta_orion,11,2015,natalia_rincon,375,7,100,28,8,2,10,,exposed,hae_fla,haemulon_flaviguttatum,15,18
golfo_tribuga,punta_orion,11,2015,natalia_rincon,375,7,100,28,8,2,10,,exposed,hae_mac,haemulon_maculicauda,230,18
golfo_tribuga,punta_orion,11,2015,natalia_rincon,375,7,100,28,8,2,10,,exposed,hol_pas,holacanthus_passer,1,25
golfo_tribuga,punta_orion,11,2015,natalia_rincon,375,7,100,28,8,2,10,,exposed,joh_nig,johnrandallia_nigrirostris,2,8
golfo_tribuga,punta_orion,11,2015,natalia_rincon,375,7,100,28,8,2,10,,exposed,lut_arg,lutjanus_argentiventris,2,18
golfo_tribuga,punta_orion,11,2015,natalia_rincon,375,7,100,28,8,2,10,,exposed,lut_arg,lutjanus_argentiventris,6,25
golfo_tribuga,punta_orion,11,2015,natalia_rincon,375,7,100,28,8,2,10,,exposed,lut_arg,lutjanus_argentiventris,2,35
golfo_tribuga,punta_orion,11,2015,natalia_rincon,375,7,100,28,8,2,10,,exposed,lut_gut,lutjanus_guttatus,56,18
golfo_tribuga,punta_orion,11,2015,natalia_rincon,375,7,100,28,8,2,10,,exposed,mul_den,mulloidichthys_dentatus,21,35
golfo_tribuga,punta_orion,11,2015,natalia_rincon,375,7,100,28,8,2,10,,exposed,pse_nau,pseudobalistes_naufragium,1,35
golfo_tribuga,punta_orion,11,2015,natalia_rincon,375,7,100,28,8,2,10,,exposed,sca_com,scarus_compressus,1,35
golfo_tribuga,punta_orion,11,2015,natalia_rincon,375,7,100,28,8,2,10,,exposed,ste_fla,stegastes_flavilatus,2,13
golfo_tribuga,punta_orion,11,2015,natalia_rincon,375,7,100,28,8,2,10,,exposed,suf_ver,sufflamen_verres,1,25
golfo_tribuga,punta_orion,11,2015,natalia_rincon,375,7,100,28,8,2,10,,exposed,ani_cae,anisotremus_caesius,1,18
golfo_tribuga,punta_orion,11,2015,natalia_rincon,375,7,100,28,8,2,10,,exposed,ani_cae,anisotremus_caesius,3,25
golfo_tribuga,punta_orion,11,2015,natalia_rincon,375,7,100,28,8,2,10,,exposed,myc_xen,mycteroperca_xenarcha,1,55
golfo_tribuga,punta_orion,11,2015,natalia_rincon,376,7,100,28,6,2,10,,exposed,abu_tro,abudefduf_troschelii,10,13
golfo_tribuga,punta_orion,11,2015,natalia_rincon,376,7,100,28,6,2,10,,exposed,aca_xan,acanthurus_xanthopterus,12,35
golfo_tribuga,punta_orion,11,2015,natalia_rincon,376,7,100,28,6,2,10,,exposed,bod_dip,bodianus_diplotaenia,1,25
golfo_tribuga,punta_orion,11,2015,natalia_rincon,376,7,100,28,6,2,10,,exposed,car_mel,caranx_melampygus,1,25
golfo_tribuga,punta_orion,11,2015,natalia_rincon,376,7,100,28,6,2,10,,exposed,cep_pan,cephalopholis_panamensis,1,18
golfo_tribuga,punta_orion,11,2015,natalia_rincon,376,7,100,28,6,2,10,,exposed,cha_hum,chaetodon_humeralis,1,8
golfo_tribuga,punta_orion,11,2015,natalia_rincon,376,7,100,28,6,2,10,,exposed,chr_atr,chromis_atrilobata,3,8
golfo_tribuga,punta_orion,11,2015,natalia_rincon,376,7,100,28,6,2,10,,exposed,epi_lab,epinephelus_labriformis,1,18
golfo_tribuga,punta_orion,11,2015,natalia_rincon,376,7,100,28,6,2,10,,exposed,hae_mac,haemulon_maculicauda,5,13
golfo_tribuga,punta_orion,11,2015,natalia_rincon,376,7,100,28,6,2,10,,exposed,hae_mac,haemulon_maculicauda,60,18
golfo_tribuga,punta_orion,11,2015,natalia_rincon,376,7,100,28,6,2,10,,exposed,hol_pas,holacanthus_passer,2,18
golfo_tribuga,punta_orion,11,2015,natalia_rincon,376,7,100,28,6,2,10,,exposed,joh_nig,johnrandallia_nigrirostris,1,8
golfo_tribuga,punta_orion,11,2015,natalia_rincon,376,7,100,28,6,2,10,,exposed,kyp_ana,kyphosus_vaigiensis,2,25
golfo_tribuga,punta_orion,11,2015,natalia_rincon,376,7,100,28,6,2,10,,exposed,lut_arg,lutjanus_argentiventris,15,18
golfo_tribuga,punta_orion,11,2015,natalia_rincon,376,7,100,28,6,2,10,,exposed,lut_gut,lutjanus_guttatus,13,18
golfo_tribuga,punta_orion,11,2015,natalia_rincon,376,7,100,28,6,2,10,,exposed,mic_dor,microspathodon_dorsalis,1,18
golfo_tribuga,punta_orion,11,2015,natalia_rincon,376,7,100,28,6,2,10,,exposed,mul_den,mulloidichthys_dentatus,2,25
golfo_tribuga,punta_orion,11,2015,natalia_rincon,376,7,100,28,6,2,10,,exposed,pse_nau,pseudobalistes_naufragium,2,35
golfo_tribuga,punta_orion,11,2015,natalia_rincon,376,7,100,28,6,2,10,,exposed,sar_sub,sargocentron_suborbitalis,1,18
golfo_tribuga,punta_orion,11,2015,natalia_rincon,376,7,100,28,6,2,10,,exposed,ste_aca,stegastes_acapulcoensis,8,13
golfo_tribuga,punta_orion,11,2015,natalia_rincon,376,7,100,28,6,2,10,,exposed,ste_fla,stegastes_flavilatus,1,8
golfo_tribuga,punta_orion,11,2015,natalia_rincon,376,7,100,28,6,2,10,,exposed,ani_cae,anisotremus_caesius,6,18
golfo_tribuga,punta_orion,11,2015,natalia_rincon,377,7,100,28,5,2,10,,exposed,aca_xan,acanthurus_xanthopterus,1,35
golfo_tribuga,punta_orion,11,2015,natalia_rincon,377,7,100,28,5,2,10,,exposed,can_pun,canthigaster_punctatissima,3,3
golfo_tribuga,punta_orion,11,2015,natalia_rincon,377,7,100,28,5,2,10,,exposed,cep_pan,cephalopholis_panamensis,4,18
golfo_tribuga,punta_orion,11,2015,natalia_rincon,377,7,100,28,5,2,10,,exposed,cha_hum,chaetodon_humeralis,3,8
golfo_tribuga,punta_orion,11,2015,natalia_rincon,377,7,100,28,5,2,10,,exposed,epi_lab,epinephelus_labriformis,2,18
golfo_tribuga,punta_orion,11,2015,natalia_rincon,377,7,100,28,5,2,10,,exposed,epi_lab,epinephelus_labriformis,1,35
golfo_tribuga,punta_orion,11,2015,natalia_rincon,377,7,100,28,5,2,10,,exposed,hal_chi,halichoeres_chierchiae,3,8
golfo_tribuga,punta_orion,11,2015,natalia_rincon,377,7,100,28,5,2,10,,exposed,ste_fla,stegastes_flavilatus,8,13
golfo_tribuga,punta_orion,11,2015,natalia_rincon,377,7,100,28,5,2,10,,exposed,suf_ver,sufflamen_verres,1,18
cabo_corrientes,amargal,11,2015,luis_chasqui,378,3,100,28,25,2,20,,exposed,bod_dip,bodianus_diplotaenia,1,8
cabo_corrientes,amargal,11,2015,luis_chasqui,378,3,100,28,25,2,20,,exposed,bod_dip,bodianus_diplotaenia,2,25
cabo_corrientes,amargal,11,2015,luis_chasqui,378,3,100,28,25,2,20,,exposed,chr_atr,chromis_atrilobata,100,3
cabo_corrientes,amargal,11,2015,luis_chasqui,378,3,100,28,25,2,20,,exposed,epi_lab,epinephelus_labriformis,1,18
cabo_corrientes,amargal,11,2015,luis_chasqui,378,3,100,28,25,2,20,,exposed,epi_lab,epinephelus_labriformis,2,25
cabo_corrientes,amargal,11,2015,luis_chasqui,378,3,100,28,25,2,20,,exposed,gym_cas,gymnothorax_castaneus,1,55
cabo_corrientes,amargal,11,2015,luis_chasqui,378,3,100,28,25,2,20,,exposed,hae_fla,haemulon_flaviguttatum,1000,18
cabo_corrientes,amargal,11,2015,luis_chasqui,378,3,100,28,25,2,20,,exposed,hae_mac,haemulon_maculicauda,100,18
cabo_corrientes,amargal,11,2015,luis_chasqui,378,3,100,28,25,2,20,,exposed,hol_pas,holacanthus_passer,7,18
cabo_corrientes,amargal,11,2015,luis_chasqui,378,3,100,28,25,2,20,,exposed,joh_nig,johnrandallia_nigrirostris,63,8
cabo_corrientes,amargal,11,2015,luis_chasqui,378,3,100,28,25,2,20,,exposed,lut_arg,lutjanus_argentiventris,1,35
cabo_corrientes,amargal,11,2015,luis_chasqui,378,3,100,28,25,2,20,,exposed,par_col,paranthias_colonus,57,3
cabo_corrientes,amargal,11,2015,luis_chasqui,378,3,100,28,25,2,20,,exposed,pom_zon,pomacanthus_zonipectus,1,25
cabo_corrientes,amargal,11,2015,luis_chasqui,378,3,100,28,25,2,20,,exposed,sco_mys,scorpaena_mystes,1,18
cabo_corrientes,amargal,11,2015,luis_chasqui,378,3,100,28,25,2,20,,exposed,sec_ocy,kyphosus_ocyurus,1,25
cabo_corrientes,amargal,11,2015,luis_chasqui,378,3,100,28,25,2,20,,exposed,suf_ver,sufflamen_verres,1,35
cabo_corrientes,amargal,11,2015,luis_chasqui,379,3,100,28,25,2,20,,exposed,aca_xan,acanthurus_xanthopterus,1,25
cabo_corrientes,amargal,11,2015,luis_chasqui,379,3,100,28,25,2,20,,exposed,bod_dip,bodianus_diplotaenia,1,18
cabo_corrientes,amargal,11,2015,luis_chasqui,379,3,100,28,25,2,20,,exposed,car_sex,caranx_sexfasciatus,150,35
cabo_corrientes,amargal,11,2015,luis_chasqui,379,3,100,28,25,2,20,,exposed,cep_pan,cephalopholis_panamensis,1,18
cabo_corrientes,amargal,11,2015,luis_chasqui,379,3,100,28,25,2,20,,exposed,chr_atr,chromis_atrilobata,200,3
cabo_corrientes,amargal,11,2015,luis_chasqui,379,3,100,28,25,2,20,,exposed,epi_lab,epinephelus_labriformis,1,18
cabo_corrientes,amargal,11,2015,luis_chasqui,379,3,100,28,25,2,20,,exposed,hae_fla,haemulon_flaviguttatum,1,18
cabo_corrientes,amargal,11,2015,luis_chasqui,379,3,100,28,25,2,20,,exposed,hal_dis,halichoeres_dispilus,1,18
cabo_corrientes,amargal,11,2015,luis_chasqui,379,3,100,28,25,2,20,,exposed,hol_pas,holacanthus_passer,7,18
cabo_corrientes,amargal,11,2015,luis_chasqui,379,3,100,28,25,2,20,,exposed,joh_nig,johnrandallia_nigrirostris,12,8
cabo_corrientes,amargal,11,2015,luis_chasqui,379,3,100,28,25,2,20,,exposed,lut_arg,lutjanus_argentiventris,10,25
cabo_corrientes,amargal,11,2015,luis_chasqui,379,3,100,28,25,2,20,,exposed,myr_lei,myripristis_leiognathus,1,13
cabo_corrientes,amargal,11,2015,luis_chasqui,379,3,100,28,25,2,20,,exposed,par_col,paranthias_colonus,1,8
cabo_corrientes,amargal,11,2015,luis_chasqui,379,3,100,28,25,2,20,,exposed,sec_ocy,kyphosus_ocyurus,50,25
cabo_corrientes,amargal,11,2015,luis_chasqui,379,3,100,28,25,2,20,,exposed,ste_fla,stegastes_flavilatus,5,8
cabo_corrientes,amargal,11,2015,luis_chasqui,379,3,100,28,25,2,20,,exposed,suf_ver,sufflamen_verres,2,25
cabo_corrientes,amargal,11,2015,natalia_rincon,380,3,100,28,25,2,20,,exposed,cep_pan,cephalopholis_panamensis,1,25
cabo_corrientes,amargal,11,2015,natalia_rincon,380,3,100,28,25,2,20,,exposed,chr_atr,chromis_atrilobata,1011,3
cabo_corrientes,amargal,11,2015,natalia_rincon,380,3,100,28,25,2,20,,exposed,fis_com,fistularia_commersonii,1,65
cabo_corrientes,amargal,11,2015,natalia_rincon,380,3,100,28,25,2,20,,exposed,gym_cas,gymnothorax_castaneus,1,65
cabo_corrientes,amargal,11,2015,natalia_rincon,380,3,100,28,25,2,20,,exposed,hae_ste,haemulon_steindachneri,220,18
cabo_corrientes,amargal,11,2015,natalia_rincon,380,3,100,28,25,2,20,,exposed,hae_ste,haemulon_steindachneri,10,25
cabo_corrientes,amargal,11,2015,natalia_rincon,380,3,100,28,25,2,20,,exposed,hol_pas,holacanthus_passer,11,18
cabo_corrientes,amargal,11,2015,natalia_rincon,380,3,100,28,25,2,20,,exposed,hol_pas,holacanthus_passer,3,25
cabo_corrientes,amargal,11,2015,natalia_rincon,380,3,100,28,25,2,20,,exposed,joh_nig,johnrandallia_nigrirostris,26,8
cabo_corrientes,amargal,11,2015,natalia_rincon,380,3,100,28,25,2,20,,exposed,lut_arg,lutjanus_argentiventris,1,35
cabo_corrientes,amargal,11,2015,natalia_rincon,380,3,100,28,25,2,20,,exposed,par_col,paranthias_colonus,33,3
cabo_corrientes,amargal,11,2015,natalia_rincon,380,3,100,28,25,2,20,,exposed,sec_ocy,kyphosus_ocyurus,6,35
cabo_corrientes,amargal,11,2015,natalia_rincon,381,3,100,28,26,2,20,,exposed,bod_dip,bodianus_diplotaenia,3,18
cabo_corrientes,amargal,11,2015,natalia_rincon,381,3,100,28,26,2,20,,exposed,car_sex,caranx_sexfasciatus,100,25
cabo_corrientes,amargal,11,2015,natalia_rincon,381,3,100,28,26,2,20,,exposed,car_sex,caranx_sexfasciatus,100,35
cabo_corrientes,amargal,11,2015,natalia_rincon,381,3,100,28,26,2,20,,exposed,car_sex,caranx_sexfasciatus,50,45
cabo_corrientes,amargal,11,2015,natalia_rincon,381,3,100,28,26,2,20,,exposed,cep_pan,cephalopholis_panamensis,1,25
cabo_corrientes,amargal,11,2015,natalia_rincon,381,3,100,28,26,2,20,,exposed,chr_atr,chromis_atrilobata,1000,8
cabo_corrientes,amargal,11,2015,natalia_rincon,381,3,100,28,26,2,20,,exposed,fis_com,fistularia_commersonii,1,65
cabo_corrientes,amargal,11,2015,natalia_rincon,381,3,100,28,26,2,20,,exposed,gym_cas,gymnothorax_castaneus,1,65
cabo_corrientes,amargal,11,2015,natalia_rincon,381,3,100,28,26,2,20,,exposed,hol_pas,holacanthus_passer,5,18
cabo_corrientes,amargal,11,2015,natalia_rincon,381,3,100,28,26,2,20,,exposed,joh_nig,johnrandallia_nigrirostris,17,13
cabo_corrientes,amargal,11,2015,natalia_rincon,381,3,100,28,26,2,20,,exposed,lut_arg,lutjanus_argentiventris,2,55
cabo_corrientes,amargal,11,2015,natalia_rincon,381,3,100,28,26,2,20,,exposed,par_col,paranthias_colonus,50,3
cabo_corrientes,amargal,11,2015,natalia_rincon,381,3,100,28,26,2,20,,exposed,par_col,paranthias_colonus,15,18
cabo_corrientes,amargal,11,2015,natalia_rincon,381,3,100,28,26,2,20,,exposed,ryp_bic,rypticus_bicolor,2,25
cabo_corrientes,amargal,11,2015,natalia_rincon,381,3,100,28,26,2,20,,exposed,suf_ver,sufflamen_verres,2,18
cabo_corrientes,amargal,11,2015,natalia_rincon,381,3,100,28,26,2,20,,exposed,mur_cle,muraena_clepsydra,1,45
cabo_corrientes,parguera2,11,2015,luis_chasqui,382,2,100,28,19,2,15,,exposed,aca_xan,acanthurus_xanthopterus,15,25
cabo_corrientes,parguera2,11,2015,luis_chasqui,382,2,100,28,19,2,15,,exposed,aro_his,arothron_hispidus,1,25
cabo_corrientes,parguera2,11,2015,luis_chasqui,382,2,100,28,19,2,15,,exposed,bod_dip,bodianus_diplotaenia,2,18
cabo_corrientes,parguera2,11,2015,luis_chasqui,382,2,100,28,19,2,15,,exposed,bod_dip,bodianus_diplotaenia,1,25
cabo_corrientes,parguera2,11,2015,luis_chasqui,382,2,100,28,19,2,15,,exposed,can_pun,canthigaster_punctatissima,1,3
cabo_corrientes,parguera2,11,2015,luis_chasqui,382,2,100,28,19,2,15,,exposed,cep_pan,cephalopholis_panamensis,3,18
cabo_corrientes,parguera2,11,2015,luis_chasqui,382,2,100,28,19,2,15,,exposed,cha_hum,chaetodon_humeralis,1,8
cabo_corrientes,parguera2,11,2015,luis_chasqui,382,2,100,28,19,2,15,,exposed,chr_atr,chromis_atrilobata,30,8
cabo_corrientes,parguera2,11,2015,luis_chasqui,382,2,100,28,19,2,15,,exposed,cir_oxy,cirrhitichthys_oxycephalus,1,3
cabo_corrientes,parguera2,11,2015,luis_chasqui,382,2,100,28,19,2,15,,exposed,epi_lab,epinephelus_labriformis,1,18
cabo_corrientes,parguera2,11,2015,luis_chasqui,382,2,100,28,19,2,15,,exposed,fis_com,fistularia_commersonii,1,55
cabo_corrientes,parguera2,11,2015,luis_chasqui,382,2,100,28,19,2,15,,exposed,hal_dis,halichoeres_dispilus,31,8
cabo_corrientes,parguera2,11,2015,luis_chasqui,382,2,100,28,19,2,15,,exposed,hol_pas,holacanthus_passer,4,18
cabo_corrientes,parguera2,11,2015,luis_chasqui,382,2,100,28,19,2,15,,exposed,joh_nig,johnrandallia_nigrirostris,2,8
cabo_corrientes,parguera2,11,2015,luis_chasqui,382,2,100,28,19,2,15,,exposed,par_col,paranthias_colonus,1010,3
cabo_corrientes,parguera2,11,2015,luis_chasqui,382,2,100,28,19,2,15,,exposed,par_col,paranthias_colonus,6,8
cabo_corrientes,parguera2,11,2015,luis_chasqui,382,2,100,28,19,2,15,,exposed,ser_psi,serranus_psittacinus,3,8
cabo_corrientes,parguera2,11,2015,luis_chasqui,382,2,100,28,19,2,15,,exposed,ste_fla,stegastes_flavilatus,7,8
cabo_corrientes,parguera2,11,2015,luis_chasqui,382,2,100,28,19,2,15,,exposed,suf_ver,sufflamen_verres,6,18
cabo_corrientes,parguera2,11,2015,luis_chasqui,382,2,100,28,19,2,15,,exposed,mal_bre,malacanthus_brevirostris,1,8
cabo_corrientes,parguera2,11,2015,luis_chasqui,383,2,100,28,19,2,15,,exposed,aro_his,arothron_hispidus,1,18
cabo_corrientes,parguera2,11,2015,luis_chasqui,383,2,100,28,19,2,15,,exposed,aro_his,arothron_hispidus,5,18
cabo_corrientes,parguera2,11,2015,luis_chasqui,383,2,100,28,19,2,15,,exposed,can_pun,canthigaster_punctatissima,1,3
cabo_corrientes,parguera2,11,2015,luis_chasqui,383,2,100,28,19,2,15,,exposed,hal_dis,halichoeres_dispilus,40,8
cabo_corrientes,parguera2,11,2015,luis_chasqui,383,2,100,28,19,2,15,,exposed,hal_nic,halichoeres_nicholsi,1,13
cabo_corrientes,parguera2,11,2015,luis_chasqui,383,2,100,28,19,2,15,,exposed,hol_pas,holacanthus_passer,5,13
cabo_corrientes,parguera2,11,2015,luis_chasqui,383,2,100,28,19,2,15,,exposed,hol_pas,holacanthus_passer,1,18
cabo_corrientes,parguera2,11,2015,luis_chasqui,383,2,100,28,19,2,15,,exposed,joh_nig,johnrandallia_nigrirostris,1,3
cabo_corrientes,parguera2,11,2015,luis_chasqui,383,2,100,28,19,2,15,,exposed,par_col,paranthias_colonus,1050,3
cabo_corrientes,parguera2,11,2015,luis_chasqui,383,2,100,28,19,2,15,,exposed,par_col,paranthias_colonus,1,18
cabo_corrientes,parguera2,11,2015,luis_chasqui,383,2,100,28,19,2,15,,exposed,ser_psi,serranus_psittacinus,2,3
cabo_corrientes,parguera2,11,2015,luis_chasqui,383,2,100,28,19,2,15,,exposed,ser_psi,serranus_psittacinus,1,8
cabo_corrientes,parguera2,11,2015,luis_chasqui,383,2,100,28,19,2,15,,exposed,ste_fla,stegastes_flavilatus,5,8
cabo_corrientes,parguera2,11,2015,luis_chasqui,383,2,100,28,19,2,15,,exposed,suf_ver,sufflamen_verres,1,3
cabo_corrientes,parguera2,11,2015,luis_chasqui,383,2,100,28,19,2,15,,exposed,suf_ver,sufflamen_verres,2,18
cabo_corrientes,parguera2,11,2015,luis_chasqui,383,2,100,28,19,2,15,,exposed,mal_bre,malacanthus_brevirostris,2,8
cabo_corrientes,parguera2,11,2015,luis_chasqui,383,2,100,28,19,2,15,,exposed,mal_bre,malacanthus_brevirostris,1,13
cabo_corrientes,parguera2,11,2015,luis_chasqui,384,2,100,28,19,2,15,,exposed,abu_tro,abudefduf_troschelii,1,13
cabo_corrientes,parguera2,11,2015,luis_chasqui,384,2,100,28,19,2,15,,exposed,aca_xan,acanthurus_xanthopterus,9,25
cabo_corrientes,parguera2,11,2015,luis_chasqui,384,2,100,28,19,2,15,,exposed,aro_his,arothron_hispidus,1,18
cabo_corrientes,parguera2,11,2015,luis_chasqui,384,2,100,28,19,2,15,,exposed,bod_dip,bodianus_diplotaenia,1,25
cabo_corrientes,parguera2,11,2015,luis_chasqui,384,2,100,28,19,2,15,,exposed,can_pun,canthigaster_punctatissima,1,3
cabo_corrientes,parguera2,11,2015,luis_chasqui,384,2,100,28,19,2,15,,exposed,cep_pan,cephalopholis_panamensis,3,18
cabo_corrientes,parguera2,11,2015,luis_chasqui,384,2,100,28,19,2,15,,exposed,chr_atr,chromis_atrilobata,200,3
cabo_corrientes,parguera2,11,2015,luis_chasqui,384,2,100,28,19,2,15,,exposed,epi_lab,epinephelus_labriformis,1,13
cabo_corrientes,parguera2,11,2015,luis_chasqui,384,2,100,28,19,2,15,,exposed,fis_com,fistularia_commersonii,1,45
cabo_corrientes,parguera2,11,2015,luis_chasqui,384,2,100,28,19,2,15,,exposed,hae_fla,haemulon_flaviguttatum,20,25
cabo_corrientes,parguera2,11,2015,luis_chasqui,384,2,100,28,19,2,15,,exposed,hae_ste,haemulon_steindachneri,500,25
cabo_corrientes,parguera2,11,2015,luis_chasqui,384,2,100,28,19,2,15,,exposed,hal_dis,halichoeres_dispilus,50,3
cabo_corrientes,parguera2,11,2015,luis_chasqui,384,2,100,28,19,2,15,,exposed,hol_pas,holacanthus_passer,1,8
cabo_corrientes,parguera2,11,2015,luis_chasqui,384,2,100,28,19,2,15,,exposed,hol_pas,holacanthus_passer,4,18
cabo_corrientes,parguera2,11,2015,luis_chasqui,384,2,100,28,19,2,15,,exposed,joh_nig,johnrandallia_nigrirostris,4,8
cabo_corrientes,parguera2,11,2015,luis_chasqui,384,2,100,28,19,2,15,,exposed,lut_arg,lutjanus_argentiventris,100,25
cabo_corrientes,parguera2,11,2015,luis_chasqui,384,2,100,28,19,2,15,,exposed,lut_arg,lutjanus_argentiventris,10,35
cabo_corrientes,parguera2,11,2015,luis_chasqui,384,2,100,28,19,2,15,,exposed,myr_lei,myripristis_leiognathus,5,13
cabo_corrientes,parguera2,11,2015,luis_chasqui,384,2,100,28,19,2,15,,exposed,par_col,paranthias_colonus,300,3
cabo_corrientes,parguera2,11,2015,luis_chasqui,384,2,100,28,19,2,15,,exposed,par_col,paranthias_colonus,100,18
cabo_corrientes,parguera2,11,2015,luis_chasqui,384,2,100,28,19,2,15,,exposed,ser_psi,serranus_psittacinus,2,3
cabo_corrientes,parguera2,11,2015,luis_chasqui,384,2,100,28,19,2,15,,exposed,suf_ver,sufflamen_verres,1,18
cabo_corrientes,parguera2,11,2015,luis_chasqui,384,2,100,28,19,2,15,,exposed,ani_cae,anisotremus_caesius,2,25
cabo_corrientes,parguera2,11,2015,luis_chasqui,385,2,100,28,13,2,15,,exposed,abu_tro,abudefduf_troschelii,50,8
cabo_corrientes,parguera2,11,2015,luis_chasqui,385,2,100,28,13,2,15,,exposed,aca_xan,acanthurus_xanthopterus,5,25
cabo_corrientes,parguera2,11,2015,luis_chasqui,385,2,100,28,13,2,15,,exposed,bod_dip,bodianus_diplotaenia,10,8
cabo_corrientes,parguera2,11,2015,luis_chasqui,385,2,100,28,13,2,15,,exposed,bod_dip,bodianus_diplotaenia,2,18
cabo_corrientes,parguera2,11,2015,luis_chasqui,385,2,100,28,13,2,15,,exposed,cep_pan,cephalopholis_panamensis,2,18
cabo_corrientes,parguera2,11,2015,luis_chasqui,385,2,100,28,13,2,15,,exposed,cha_hum,chaetodon_humeralis,2,8
cabo_corrientes,parguera2,11,2015,luis_chasqui,385,2,100,28,13,2,15,,exposed,chr_atr,chromis_atrilobata,1000,3
cabo_corrientes,parguera2,11,2015,luis_chasqui,385,2,100,28,13,2,15,,exposed,cir_oxy,cirrhitichthys_oxycephalus,2,3
cabo_corrientes,parguera2,11,2015,luis_chasqui,385,2,100,28,13,2,15,,exposed,epi_lab,epinephelus_labriformis,1,18
cabo_corrientes,parguera2,11,2015,luis_chasqui,385,2,100,28,13,2,15,,exposed,epi_lab,epinephelus_labriformis,1,25
cabo_corrientes,parguera2,11,2015,luis_chasqui,385,2,100,28,13,2,15,,exposed,hae_mac,haemulon_maculicauda,200,18
cabo_corrientes,parguera2,11,2015,luis_chasqui,385,2,100,28,13,2,15,,exposed,hae_ste,haemulon_steindachneri,1000,25
cabo_corrientes,parguera2,11,2015,luis_chasqui,385,2,100,28,13,2,15,,exposed,hol_pas,holacanthus_passer,5,8
cabo_corrientes,parguera2,11,2015,luis_chasqui,385,2,100,28,13,2,15,,exposed,hol_pas,holacanthus_passer,34,18
cabo_corrientes,parguera2,11,2015,luis_chasqui,385,2,100,28,13,2,15,,exposed,joh_nig,johnrandallia_nigrirostris,26,8
cabo_corrientes,parguera2,11,2015,luis_chasqui,385,2,100,28,13,2,15,,exposed,lut_arg,lutjanus_argentiventris,5,35
cabo_corrientes,parguera2,11,2015,luis_chasqui,385,2,100,28,13,2,15,,exposed,par_col,paranthias_colonus,200,25
cabo_corrientes,parguera2,11,2015,luis_chasqui,385,2,100,28,13,2,15,,exposed,sec_ocy,kyphosus_ocyurus,20,25
cabo_corrientes,parguera2,11,2015,luis_chasqui,385,2,100,28,13,2,15,,exposed,ste_fla,stegastes_flavilatus,5,8
cabo_corrientes,parguera2,11,2015,luis_chasqui,385,2,100,28,13,2,15,,exposed,tra_rho,trachinotus_rhodopus,10,35
cabo_corrientes,parguera2,11,2015,luis_chasqui,385,2,100,28,13,2,15,,exposed,ani_tae,anisotremus_taeniatus,1,25
cabo_corrientes,parguera2,11,2015,luis_chasqui,385,2,100,28,13,2,15,,exposed,mur_cle,muraena_clepsydra,2,65
cabo_corrientes,parguera2,11,2015,natalia_rincon,386,2,100,28,18,2,15,,exposed,aca_xan,acanthurus_xanthopterus,2,25
cabo_corrientes,parguera2,11,2015,natalia_rincon,386,2,100,28,18,2,15,,exposed,cep_pan,cephalopholis_panamensis,4,25
cabo_corrientes,parguera2,11,2015,natalia_rincon,386,2,100,28,18,2,15,,exposed,cha_hum,chaetodon_humeralis,2,13
cabo_corrientes,parguera2,11,2015,natalia_rincon,386,2,100,28,18,2,15,,exposed,epi_lab,epinephelus_labriformis,1,25
cabo_corrientes,parguera2,11,2015,natalia_rincon,386,2,100,28,18,2,15,,exposed,hol_pas,holacanthus_passer,1,25
cabo_corrientes,parguera2,11,2015,natalia_rincon,386,2,100,28,18,2,15,,exposed,joh_nig,johnrandallia_nigrirostris,1,13
cabo_corrientes,parguera2,11,2015,natalia_rincon,386,2,100,28,18,2,15,,exposed,par_col,paranthias_colonus,77,3
cabo_corrientes,parguera2,11,2015,natalia_rincon,386,2,100,28,18,2,15,,exposed,par_col,paranthias_colonus,2,18
cabo_corrientes,parguera2,11,2015,natalia_rincon,386,2,100,28,18,2,15,,exposed,par_col,paranthias_colonus,10,25
cabo_corrientes,parguera2,11,2015,natalia_rincon,386,2,100,28,18,2,15,,exposed,par_col,paranthias_colonus,2,35
cabo_corrientes,parguera2,11,2015,natalia_rincon,386,2,100,28,18,2,15,,exposed,pla_aza,plagiotremus_azaleus,10,3
cabo_corrientes,parguera2,11,2015,natalia_rincon,386,2,100,28,18,2,15,,exposed,pse_nau,pseudobalistes_naufragium,1,35
cabo_corrientes,parguera2,11,2015,natalia_rincon,386,2,100,28,18,2,15,,exposed,ste_fla,stegastes_flavilatus,2,13
cabo_corrientes,parguera2,11,2015,natalia_rincon,386,2,100,28,18,2,15,,exposed,suf_ver,sufflamen_verres,3,18
cabo_corrientes,parguera2,11,2015,natalia_rincon,386,2,100,28,18,2,15,,exposed,suf_ver,sufflamen_verres,4,25
cabo_corrientes,parguera2,11,2015,natalia_rincon,387,2,100,28,21,2,15,,exposed,aca_xan,acanthurus_xanthopterus,7,25
cabo_corrientes,parguera2,11,2015,natalia_rincon,387,2,100,28,21,2,15,,exposed,aro_mel,arothron_meleagris,2,25
cabo_corrientes,parguera2,11,2015,natalia_rincon,387,2,100,28,21,2,15,,exposed,hae_ste,haemulon_steindachneri,63,18
cabo_corrientes,parguera2,11,2015,natalia_rincon,387,2,100,28,21,2,15,,exposed,hol_pas,holacanthus_passer,35,18
cabo_corrientes,parguera2,11,2015,natalia_rincon,387,2,100,28,21,2,15,,exposed,joh_nig,johnrandallia_nigrirostris,2,18
cabo_corrientes,parguera2,11,2015,natalia_rincon,387,2,100,28,21,2,15,,exposed,par_col,paranthias_colonus,200,18
cabo_corrientes,parguera2,11,2015,natalia_rincon,387,2,100,28,21,2,15,,exposed,suf_ver,sufflamen_verres,1,25
cabo_corrientes,parguera2,11,2015,natalia_rincon,387,2,100,28,21,2,15,,exposed,tra_rho,trachinotus_rhodopus,1,25
cabo_corrientes,parguera2,11,2015,natalia_rincon,387,2,100,28,21,2,15,,exposed,pri_lat,prionurus_laticlavius,2,35
cabo_corrientes,parguera2,11,2015,natalia_rincon,388,2,100,28,19,2,15,,exposed,aca_xan,acanthurus_xanthopterus,2,25
cabo_corrientes,parguera2,11,2015,natalia_rincon,388,2,100,28,19,2,15,,exposed,ani_int,anisotremus_interruptus,30,45
cabo_corrientes,parguera2,11,2015,natalia_rincon,388,2,100,28,19,2,15,,exposed,aro_his,arothron_hispidus,1,18
cabo_corrientes,parguera2,11,2015,natalia_rincon,388,2,100,28,19,2,15,,exposed,aro_mel,arothron_meleagris,1,25
cabo_corrientes,parguera2,11,2015,natalia_rincon,388,2,100,28,19,2,15,,exposed,hae_mac,haemulon_maculicauda,44,18
cabo_corrientes,parguera2,11,2015,natalia_rincon,388,2,100,28,19,2,15,,exposed,hae_mac,haemulon_maculicauda,200,25
cabo_corrientes,parguera2,11,2015,natalia_rincon,388,2,100,28,19,2,15,,exposed,hol_pas,holacanthus_passer,3,18
cabo_corrientes,parguera2,11,2015,natalia_rincon,388,2,100,28,19,2,15,,exposed,lut_arg,lutjanus_argentiventris,2,18
cabo_corrientes,parguera2,11,2015,natalia_rincon,388,2,100,28,19,2,15,,exposed,par_col,paranthias_colonus,45,8
cabo_corrientes,parguera2,11,2015,natalia_rincon,388,2,100,28,19,2,15,,exposed,par_col,paranthias_colonus,31,18
cabo_corrientes,parguera2,11,2015,natalia_rincon,388,2,100,28,19,2,15,,exposed,par_col,paranthias_colonus,13,25
cabo_corrientes,parguera2,11,2015,natalia_rincon,388,2,100,28,19,2,15,,exposed,pla_aza,plagiotremus_azaleus,3,3
cabo_corrientes,parguera2,11,2015,natalia_rincon,388,2,100,28,19,2,15,,exposed,sca_per,scarus_perrico,1,45
cabo_corrientes,parguera2,11,2015,natalia_rincon,388,2,100,28,19,2,15,,exposed,ste_fla,stegastes_flavilatus,4,13
cabo_corrientes,parguera2,11,2015,natalia_rincon,388,2,100,28,19,2,15,,exposed,suf_ver,sufflamen_verres,1,18
cabo_corrientes,parguera2,11,2015,natalia_rincon,388,2,100,28,19,2,15,,exposed,tra_rho,trachinotus_rhodopus,7,25
cabo_corrientes,parguera2,11,2015,natalia_rincon,389,2,100,28,17,2,15,,exposed,aca_xan,acanthurus_xanthopterus,3,35
cabo_corrientes,parguera2,11,2015,natalia_rincon,389,2,100,28,17,2,15,,exposed,bod_dip,bodianus_diplotaenia,1,3
cabo_corrientes,parguera2,11,2015,natalia_rincon,389,2,100,28,17,2,15,,exposed,bod_dip,bodianus_diplotaenia,2,18
cabo_corrientes,parguera2,11,2015,natalia_rincon,389,2,100,28,17,2,15,,exposed,cha_hum,chaetodon_humeralis,2,13
cabo_corrientes,parguera2,11,2015,natalia_rincon,389,2,100,28,17,2,15,,exposed,chr_atr,chromis_atrilobata,200,3
cabo_corrientes,parguera2,11,2015,natalia_rincon,389,2,100,28,17,2,15,,exposed,hae_ste,haemulon_steindachneri,1000,18
cabo_corrientes,parguera2,11,2015,natalia_rincon,389,2,100,28,17,2,15,,exposed,hae_ste,haemulon_steindachneri,500,25
cabo_corrientes,parguera2,11,2015,natalia_rincon,389,2,100,28,17,2,15,,exposed,hol_pas,holacanthus_passer,3,18
cabo_corrientes,parguera2,11,2015,natalia_rincon,389,2,100,28,17,2,15,,exposed,hol_pas,holacanthus_passer,8,25
cabo_corrientes,parguera2,11,2015,natalia_rincon,389,2,100,28,17,2,15,,exposed,joh_nig,johnrandallia_nigrirostris,3,8
cabo_corrientes,parguera2,11,2015,natalia_rincon,389,2,100,28,17,2,15,,exposed,par_col,paranthias_colonus,52,3
cabo_corrientes,parguera2,11,2015,natalia_rincon,389,2,100,28,17,2,15,,exposed,par_col,paranthias_colonus,64,18
cabo_corrientes,parguera2,11,2015,natalia_rincon,389,2,100,28,17,2,15,,exposed,par_col,paranthias_colonus,19,25
cabo_corrientes,parguera2,11,2015,natalia_rincon,389,2,100,28,17,2,15,,exposed,pla_aza,plagiotremus_azaleus,2,3
cabo_corrientes,parguera2,11,2015,natalia_rincon,389,2,100,28,17,2,15,,exposed,suf_ver,sufflamen_verres,2,25
cabo_corrientes,parguera2,11,2015,natalia_rincon,389,2,100,28,17,2,15,,exposed,tha_luc,thalassoma_lucasanum,16,8
cabo_corrientes,piedra_bonita,11,2015,luis_chasqui,390,9,100,28,14,2,15,,exposed,abu_tro,abudefduf_troschelii,1,13
cabo_corrientes,piedra_bonita,11,2015,luis_chasqui,390,9,100,28,14,2,15,,exposed,aca_xan,acanthurus_xanthopterus,4,18
cabo_corrientes,piedra_bonita,11,2015,luis_chasqui,390,9,100,28,14,2,15,,exposed,aca_xan,acanthurus_xanthopterus,5,25
cabo_corrientes,piedra_bonita,11,2015,luis_chasqui,390,9,100,28,14,2,15,,exposed,alu_scr,aluterus_scriptus,3,45
cabo_corrientes,piedra_bonita,11,2015,luis_chasqui,390,9,100,28,14,2,15,,exposed,ani_int,anisotremus_interruptus,1,35
cabo_corrientes,piedra_bonita,11,2015,luis_chasqui,390,9,100,28,14,2,15,,exposed,bod_dip,bodianus_diplotaenia,8,3
cabo_corrientes,piedra_bonita,11,2015,luis_chasqui,390,9,100,28,14,2,15,,exposed,bod_dip,bodianus_diplotaenia,4,18
cabo_corrientes,piedra_bonita,11,2015,luis_chasqui,390,9,100,28,14,2,15,,exposed,cep_pan,cephalopholis_panamensis,5,18
cabo_corrientes,piedra_bonita,11,2015,luis_chasqui,390,9,100,28,14,2,15,,exposed,cha_hum,chaetodon_humeralis,2,8
cabo_corrientes,piedra_bonita,11,2015,luis_chasqui,390,9,100,28,14,2,15,,exposed,chr_atr,chromis_atrilobata,100,8
cabo_corrientes,piedra_bonita,11,2015,luis_chasqui,390,9,100,28,14,2,15,,exposed,cir_oxy,cirrhitichthys_oxycephalus,1,3
cabo_corrientes,piedra_bonita,11,2015,luis_chasqui,390,9,100,28,14,2,15,,exposed,epi_lab,epinephelus_labriformis,4,18
cabo_corrientes,piedra_bonita,11,2015,luis_chasqui,390,9,100,28,14,2,15,,exposed,fis_com,fistularia_commersonii,1,65
cabo_corrientes,piedra_bonita,11,2015,luis_chasqui,390,9,100,28,14,2,15,,exposed,hae_mac,haemulon_maculicauda,200,13
cabo_corrientes,piedra_bonita,11,2015,luis_chasqui,390,9,100,28,14,2,15,,exposed,hol_pas,holacanthus_passer,10,18
cabo_corrientes,piedra_bonita,11,2015,luis_chasqui,390,9,100,28,14,2,15,,exposed,joh_nig,johnrandallia_nigrirostris,5,8
cabo_corrientes,piedra_bonita,11,2015,luis_chasqui,390,9,100,28,14,2,15,,exposed,lut_arg,lutjanus_argentiventris,25,18
cabo_corrientes,piedra_bonita,11,2015,luis_chasqui,390,9,100,28,14,2,15,,exposed,lut_arg,lutjanus_argentiventris,10,35
cabo_corrientes,piedra_bonita,11,2015,luis_chasqui,390,9,100,28,14,2,15,,exposed,lut_gut,lutjanus_guttatus,5,25
cabo_corrientes,piedra_bonita,11,2015,luis_chasqui,390,9,100,28,14,2,15,,exposed,lut_ine,lutjanus_inermis,50,13
cabo_corrientes,piedra_bonita,11,2015,luis_chasqui,390,9,100,28,14,2,15,,exposed,lut_ine,lutjanus_inermis,4,25
cabo_corrientes,piedra_bonita,11,2015,luis_chasqui,390,9,100,28,14,2,15,,exposed,lut_vir,lutjanus_viridis,1,18
cabo_corrientes,piedra_bonita,11,2015,luis_chasqui,390,9,100,28,14,2,15,,exposed,mul_den,mulloidichthys_dentatus,4,18
cabo_corrientes,piedra_bonita,11,2015,luis_chasqui,390,9,100,28,14,2,15,,exposed,mul_den,mulloidichthys_dentatus,10,25
cabo_corrientes,piedra_bonita,11,2015,luis_chasqui,390,9,100,28,14,2,15,,exposed,par_col,paranthias_colonus,50,18
cabo_corrientes,piedra_bonita,11,2015,luis_chasqui,390,9,100,28,14,2,15,,exposed,pse_nau,pseudobalistes_naufragium,1,25
cabo_corrientes,piedra_bonita,11,2015,luis_chasqui,390,9,100,28,14,2,15,,exposed,ste_fla,stegastes_flavilatus,10,8
cabo_corrientes,piedra_bonita,11,2015,luis_chasqui,391,9,100,28,13,2,15,,exposed,abu_tro,abudefduf_troschelii,30,13
cabo_corrientes,piedra_bonita,11,2015,luis_chasqui,391,9,100,28,13,2,15,,exposed,aca_xan,acanthurus_xanthopterus,1,25
cabo_corrientes,piedra_bonita,11,2015,luis_chasqui,391,9,100,28,13,2,15,,exposed,bod_dip,bodianus_diplotaenia,2,3
cabo_corrientes,piedra_bonita,11,2015,luis_chasqui,391,9,100,28,13,2,15,,exposed,can_pun,canthigaster_punctatissima,1,3
cabo_corrientes,piedra_bonita,11,2015,luis_chasqui,391,9,100,28,13,2,15,,exposed,car_mel,caranx_melampygus,1,45
cabo_corrientes,piedra_bonita,11,2015,luis_chasqui,391,9,100,28,13,2,15,,exposed,cep_pan,cephalopholis_panamensis,5,18
cabo_corrientes,piedra_bonita,11,2015,luis_chasqui,391,9,100,28,13,2,15,,exposed,cha_hum,chaetodon_humeralis,3,8
cabo_corrientes,piedra_bonita,11,2015,luis_chasqui,391,9,100,28,13,2,15,,exposed,chr_atr,chromis_atrilobata,135,3
cabo_corrientes,piedra_bonita,11,2015,luis_chasqui,391,9,100,28,13,2,15,,exposed,cir_oxy,cirrhitichthys_oxycephalus,4,3
cabo_corrientes,piedra_bonita,11,2015,luis_chasqui,391,9,100,28,13,2,15,,exposed,epi_lab,epinephelus_labriformis,3,18
cabo_corrientes,piedra_bonita,11,2015,luis_chasqui,391,9,100,28,13,2,15,,exposed,gym_cas,gymnothorax_castaneus,1,45
cabo_corrientes,piedra_bonita,11,2015,luis_chasqui,391,9,100,28,13,2,15,,exposed,hae_mac,haemulon_maculicauda,2,8
cabo_corrientes,piedra_bonita,11,2015,luis_chasqui,391,9,100,28,13,2,15,,exposed,hal_nic,halichoeres_nicholsi,3,13
cabo_corrientes,piedra_bonita,11,2015,luis_chasqui,391,9,100,28,13,2,15,,exposed,hol_pas,holacanthus_passer,1,3
cabo_corrientes,piedra_bonita,11,2015,luis_chasqui,391,9,100,28,13,2,15,,exposed,hol_pas,holacanthus_passer,1,8
cabo_corrientes,piedra_bonita,11,2015,luis_chasqui,391,9,100,28,13,2,15,,exposed,hol_pas,holacanthus_passer,6,13
cabo_corrientes,piedra_bonita,11,2015,luis_chasqui,391,9,100,28,13,2,15,,exposed,joh_nig,johnrandallia_nigrirostris,1,3
cabo_corrientes,piedra_bonita,11,2015,luis_chasqui,391,9,100,28,13,2,15,,exposed,joh_nig,johnrandallia_nigrirostris,54,8
cabo_corrientes,piedra_bonita,11,2015,luis_chasqui,391,9,100,28,13,2,15,,exposed,myr_lei,myripristis_leiognathus,10,13
cabo_corrientes,piedra_bonita,11,2015,luis_chasqui,391,9,100,28,13,2,15,,exposed,oxy_typ,oxycirrhites_typus,1,8
cabo_corrientes,piedra_bonita,11,2015,luis_chasqui,391,9,100,28,13,2,15,,exposed,par_col,paranthias_colonus,10,3
cabo_corrientes,piedra_bonita,11,2015,luis_chasqui,391,9,100,28,13,2,15,,exposed,par_col,paranthias_colonus,20,8
cabo_corrientes,piedra_bonita,11,2015,luis_chasqui,391,9,100,28,13,2,15,,exposed,par_col,paranthias_colonus,1,18
cabo_corrientes,piedra_bonita,11,2015,luis_chasqui,391,9,100,28,13,2,15,,exposed,sca_per,scarus_perrico,1,45
cabo_corrientes,piedra_bonita,11,2015,luis_chasqui,391,9,100,28,13,2,15,,exposed,ste_fla,stegastes_flavilatus,9,8
cabo_corrientes,piedra_bonita,11,2015,luis_chasqui,391,9,100,28,13,2,15,,exposed,suf_ver,sufflamen_verres,2,18
cabo_corrientes,piedra_bonita,11,2015,luis_chasqui,391,9,100,28,13,2,15,,exposed,tha_luc,thalassoma_lucasanum,4,3
cabo_corrientes,piedra_bonita,11,2015,luis_chasqui,391,9,100,28,13,2,15,,exposed,ela_nes,tigrigobius_nesiotes,1,3
cabo_corrientes,piedra_bonita,11,2015,luis_chasqui,392,9,100,28,17,2,15,,exposed,aca_xan,acanthurus_xanthopterus,1,25
cabo_corrientes,piedra_bonita,11,2015,luis_chasqui,392,9,100,28,17,2,15,,exposed,aro_mel,arothron_meleagris,2,18
cabo_corrientes,piedra_bonita,11,2015,luis_chasqui,392,9,100,28,17,2,15,,exposed,bod_dip,bodianus_diplotaenia,3,18
cabo_corrientes,piedra_bonita,11,2015,luis_chasqui,392,9,100,28,17,2,15,,exposed,can_pun,canthigaster_punctatissima,1,3
cabo_corrientes,piedra_bonita,11,2015,luis_chasqui,392,9,100,28,17,2,15,,exposed,cep_pan,cephalopholis_panamensis,2,18
cabo_corrientes,piedra_bonita,11,2015,luis_chasqui,392,9,100,28,17,2,15,,exposed,cha_hum,chaetodon_humeralis,2,8
cabo_corrientes,piedra_bonita,11,2015,luis_chasqui,392,9,100,28,17,2,15,,exposed,chr_atr,chromis_atrilobata,100,3
cabo_corrientes,piedra_bonita,11,2015,luis_chasqui,392,9,100,28,17,2,15,,exposed,epi_lab,epinephelus_labriformis,1,18
cabo_corrientes,piedra_bonita,11,2015,luis_chasqui,392,9,100,28,17,2,15,,exposed,epi_lab,epinephelus_labriformis,1,25
cabo_corrientes,piedra_bonita,11,2015,luis_chasqui,392,9,100,28,17,2,15,,exposed,hae_fla,haemulon_flaviguttatum,4,18
cabo_corrientes,piedra_bonita,11,2015,luis_chasqui,392,9,100,28,17,2,15,,exposed,hae_mac,haemulon_maculicauda,280,8
cabo_corrientes,piedra_bonita,11,2015,luis_chasqui,392,9,100,28,17,2,15,,exposed,hae_sex,haemulon_sexfasciatum,1,35
cabo_corrientes,piedra_bonita,11,2015,luis_chasqui,392,9,100,28,17,2,15,,exposed,hal_chi,halichoeres_chierchiae,2,18
cabo_corrientes,piedra_bonita,11,2015,luis_chasqui,392,9,100,28,17,2,15,,exposed,joh_nig,johnrandallia_nigrirostris,2,8
cabo_corrientes,piedra_bonita,11,2015,luis_chasqui,392,9,100,28,17,2,15,,exposed,lut_arg,lutjanus_argentiventris,2,25
cabo_corrientes,piedra_bonita,11,2015,luis_chasqui,392,9,100,28,17,2,15,,exposed,mul_den,mulloidichthys_dentatus,5,18
cabo_corrientes,piedra_bonita,11,2015,luis_chasqui,392,9,100,28,17,2,15,,exposed,myr_lei,myripristis_leiognathus,1,13
cabo_corrientes,piedra_bonita,11,2015,luis_chasqui,392,9,100,28,17,2,15,,exposed,par_col,paranthias_colonus,100,13
cabo_corrientes,piedra_bonita,11,2015,luis_chasqui,392,9,100,28,17,2,15,,exposed,par_col,paranthias_colonus,20,18
cabo_corrientes,piedra_bonita,11,2015,luis_chasqui,392,9,100,28,17,2,15,,exposed,pla_aza,plagiotremus_azaleus,2,3
cabo_corrientes,piedra_bonita,11,2015,luis_chasqui,392,9,100,28,17,2,15,,exposed,ser_riv,seriola_rivoliana,1,65
cabo_corrientes,piedra_bonita,11,2015,luis_chasqui,392,9,100,28,17,2,15,,exposed,ste_fla,stegastes_flavilatus,3,8
cabo_corrientes,piedra_bonita,11,2015,luis_chasqui,392,9,100,28,17,2,15,,exposed,suf_ver,sufflamen_verres,2,8
cabo_corrientes,piedra_bonita,11,2015,luis_chasqui,392,9,100,28,17,2,15,,exposed,suf_ver,sufflamen_verres,1,25
cabo_corrientes,piedra_bonita,11,2015,luis_chasqui,392,9,100,28,17,2,15,,exposed,tha_luc,thalassoma_lucasanum,20,3
cabo_corrientes,piedra_bonita,11,2015,luis_chasqui,393,9,100,28,11,2,15,,exposed,abu_tro,abudefduf_troschelii,130,8
cabo_corrientes,piedra_bonita,11,2015,luis_chasqui,393,9,100,28,11,2,15,,exposed,aca_xan,acanthurus_xanthopterus,2,25
cabo_corrientes,piedra_bonita,11,2015,luis_chasqui,393,9,100,28,11,2,15,,exposed,alu_scr,aluterus_scriptus,2,25
cabo_corrientes,piedra_bonita,11,2015,luis_chasqui,393,9,100,28,11,2,15,,exposed,ani_int,anisotremus_interruptus,1,35
cabo_corrientes,piedra_bonita,11,2015,luis_chasqui,393,9,100,28,11,2,15,,exposed,aro_mel,arothron_meleagris,1,18
cabo_corrientes,piedra_bonita,11,2015,luis_chasqui,393,9,100,28,11,2,15,,exposed,bod_dip,bodianus_diplotaenia,7,3
cabo_corrientes,piedra_bonita,11,2015,luis_chasqui,393,9,100,28,11,2,15,,exposed,bod_dip,bodianus_diplotaenia,2,13
cabo_corrientes,piedra_bonita,11,2015,luis_chasqui,393,9,100,28,11,2,15,,exposed,bod_dip,bodianus_diplotaenia,2,35
cabo_corrientes,piedra_bonita,11,2015,luis_chasqui,393,9,100,28,11,2,15,,exposed,can_pun,canthigaster_punctatissima,1,3
cabo_corrientes,piedra_bonita,11,2015,luis_chasqui,393,9,100,28,11,2,15,,exposed,cep_pan,cephalopholis_panamensis,3,18
cabo_corrientes,piedra_bonita,11,2015,luis_chasqui,393,9,100,28,11,2,15,,exposed,cha_hum,chaetodon_humeralis,2,8
cabo_corrientes,piedra_bonita,11,2015,luis_chasqui,393,9,100,28,11,2,15,,exposed,chr_atr,chromis_atrilobata,500,3
cabo_corrientes,piedra_bonita,11,2015,luis_chasqui,393,9,100,28,11,2,15,,exposed,dio_hys,diodon_hystrix,1,25
cabo_corrientes,piedra_bonita,11,2015,luis_chasqui,393,9,100,28,11,2,15,,exposed,epi_lab,epinephelus_labriformis,5,18
cabo_corrientes,piedra_bonita,11,2015,luis_chasqui,393,9,100,28,11,2,15,,exposed,fis_com,fistularia_commersonii,2,45
cabo_corrientes,piedra_bonita,11,2015,luis_chasqui,393,9,100,28,11,2,15,,exposed,hae_mac,haemulon_maculicauda,30,13
cabo_corrientes,piedra_bonita,11,2015,luis_chasqui,393,9,100,28,11,2,15,,exposed,hol_pas,holacanthus_passer,2,3
cabo_corrientes,piedra_bonita,11,2015,luis_chasqui,393,9,100,28,11,2,15,,exposed,hol_pas,holacanthus_passer,5,13
cabo_corrientes,piedra_bonita,11,2015,luis_chasqui,393,9,100,28,11,2,15,,exposed,hol_pas,holacanthus_passer,2,18
cabo_corrientes,piedra_bonita,11,2015,luis_chasqui,393,9,100,28,11,2,15,,exposed,lut_arg,lutjanus_argentiventris,10,18
cabo_corrientes,piedra_bonita,11,2015,luis_chasqui,393,9,100,28,11,2,15,,exposed,lut_ine,lutjanus_inermis,20,25
cabo_corrientes,piedra_bonita,11,2015,luis_chasqui,393,9,100,28,11,2,15,,exposed,mul_den,mulloidichthys_dentatus,1,25
cabo_corrientes,piedra_bonita,11,2015,luis_chasqui,393,9,100,28,11,2,15,,exposed,myr_lei,myripristis_leiognathus,5,13
cabo_corrientes,piedra_bonita,11,2015,luis_chasqui,393,9,100,28,11,2,15,,exposed,par_col,paranthias_colonus,20,18
cabo_corrientes,piedra_bonita,11,2015,luis_chasqui,393,9,100,28,11,2,15,,exposed,pla_aza,plagiotremus_azaleus,1,3
cabo_corrientes,piedra_bonita,11,2015,luis_chasqui,393,9,100,28,11,2,15,,exposed,ste_fla,stegastes_flavilatus,5,8
cabo_corrientes,piedra_bonita,11,2015,luis_chasqui,393,9,100,28,11,2,15,,exposed,tha_luc,thalassoma_lucasanum,60,3
cabo_corrientes,piedra_bonita,11,2015,luis_chasqui,393,9,100,28,11,2,15,,exposed,can_jan,canthigaster_janthinoptera,1,3
cabo_corrientes,piedra_bonita,11,2015,natalia_rincon,394,9,100,28,13,2,15,,exposed,abu_tro,abudefduf_troschelii,22,13
cabo_corrientes,piedra_bonita,11,2015,natalia_rincon,394,9,100,28,13,2,15,,exposed,aro_mel,arothron_meleagris,1,25
cabo_corrientes,piedra_bonita,11,2015,natalia_rincon,394,9,100,28,13,2,15,,exposed,bod_dip,bodianus_diplotaenia,2,25
cabo_corrientes,piedra_bonita,11,2015,natalia_rincon,394,9,100,28,13,2,15,,exposed,cep_pan,cephalopholis_panamensis,1,18
cabo_corrientes,piedra_bonita,11,2015,natalia_rincon,394,9,100,28,13,2,15,,exposed,cep_pan,cephalopholis_panamensis,2,25
cabo_corrientes,piedra_bonita,11,2015,natalia_rincon,394,9,100,28,13,2,15,,exposed,cep_pan,cephalopholis_panamensis,2,35
cabo_corrientes,piedra_bonita,11,2015,natalia_rincon,394,9,100,28,13,2,15,,exposed,chr_atr,chromis_atrilobata,670,8
cabo_corrientes,piedra_bonita,11,2015,natalia_rincon,394,9,100,28,13,2,15,,exposed,cir_oxy,cirrhitichthys_oxycephalus,2,3
cabo_corrientes,piedra_bonita,11,2015,natalia_rincon,394,9,100,28,13,2,15,,exposed,epi_lab,epinephelus_labriformis,1,25
cabo_corrientes,piedra_bonita,11,2015,natalia_rincon,394,9,100,28,13,2,15,,exposed,hae_mac,haemulon_maculicauda,58,18
cabo_corrientes,piedra_bonita,11,2015,natalia_rincon,394,9,100,28,13,2,15,,exposed,hol_pas,holacanthus_passer,4,8
cabo_corrientes,piedra_bonita,11,2015,natalia_rincon,394,9,100,28,13,2,15,,exposed,hol_pas,holacanthus_passer,6,18
cabo_corrientes,piedra_bonita,11,2015,natalia_rincon,394,9,100,28,13,2,15,,exposed,hol_pas,holacanthus_passer,1,25
cabo_corrientes,piedra_bonita,11,2015,natalia_rincon,394,9,100,28,13,2,15,,exposed,hol_pas,holacanthus_passer,1,35
cabo_corrientes,piedra_bonita,11,2015,natalia_rincon,394,9,100,28,13,2,15,,exposed,joh_nig,johnrandallia_nigrirostris,7,13
cabo_corrientes,piedra_bonita,11,2015,natalia_rincon,394,9,100,28,13,2,15,,exposed,lut_arg,lutjanus_argentiventris,1,65
cabo_corrientes,piedra_bonita,11,2015,natalia_rincon,394,9,100,28,13,2,15,,exposed,lut_vir,lutjanus_viridis,1,25
cabo_corrientes,piedra_bonita,11,2015,natalia_rincon,394,9,100,28,13,2,15,,exposed,myr_lei,myripristis_leiognathus,2,18
cabo_corrientes,piedra_bonita,11,2015,natalia_rincon,394,9,100,28,13,2,15,,exposed,par_col,paranthias_colonus,21,18
cabo_corrientes,piedra_bonita,11,2015,natalia_rincon,394,9,100,28,13,2,15,,exposed,ste_fla,stegastes_flavilatus,6,8
cabo_corrientes,piedra_bonita,11,2015,natalia_rincon,394,9,100,28,13,2,15,,exposed,tha_luc,thalassoma_lucasanum,31,3
cabo_corrientes,piedra_bonita,11,2015,natalia_rincon,394,9,100,28,13,2,15,,exposed,tha_luc,thalassoma_lucasanum,1,8
cabo_corrientes,piedra_bonita,11,2015,natalia_rincon,395,9,100,28,9,2,15,,exposed,abu_tro,abudefduf_troschelii,3,18
cabo_corrientes,piedra_bonita,11,2015,natalia_rincon,395,9,100,28,9,2,15,,exposed,bod_dip,bodianus_diplotaenia,1,3
cabo_corrientes,piedra_bonita,11,2015,natalia_rincon,395,9,100,28,9,2,15,,exposed,bod_dip,bodianus_diplotaenia,2,18
cabo_corrientes,piedra_bonita,11,2015,natalia_rincon,395,9,100,28,9,2,15,,exposed,cep_pan,cephalopholis_panamensis,1,25
cabo_corrientes,piedra_bonita,11,2015,natalia_rincon,395,9,100,28,9,2,15,,exposed,cha_hum,chaetodon_humeralis,2,8
cabo_corrientes,piedra_bonita,11,2015,natalia_rincon,395,9,100,28,9,2,15,,exposed,chr_atr,chromis_atrilobata,112,3
cabo_corrientes,piedra_bonita,11,2015,natalia_rincon,395,9,100,28,9,2,15,,exposed,epi_lab,epinephelus_labriformis,1,25
cabo_corrientes,piedra_bonita,11,2015,natalia_rincon,395,9,100,28,9,2,15,,exposed,gym_cas,gymnothorax_castaneus,1,55
cabo_corrientes,piedra_bonita,11,2015,natalia_rincon,395,9,100,28,9,2,15,,exposed,hal_dis,halichoeres_dispilus,8,3
cabo_corrientes,piedra_bonita,11,2015,natalia_rincon,395,9,100,28,9,2,15,,exposed,hol_pas,holacanthus_passer,2,8
cabo_corrientes,piedra_bonita,11,2015,natalia_rincon,395,9,100,28,9,2,15,,exposed,hol_pas,holacanthus_passer,7,18
cabo_corrientes,piedra_bonita,11,2015,natalia_rincon,395,9,100,28,9,2,15,,exposed,hol_pas,holacanthus_passer,4,25
cabo_corrientes,piedra_bonita,11,2015,natalia_rincon,395,9,100,28,9,2,15,,exposed,joh_nig,johnrandallia_nigrirostris,2,8
cabo_corrientes,piedra_bonita,11,2015,natalia_rincon,395,9,100,28,9,2,15,,exposed,lut_arg,lutjanus_argentiventris,1,25
cabo_corrientes,piedra_bonita,11,2015,natalia_rincon,395,9,100,28,9,2,15,,exposed,lut_arg,lutjanus_argentiventris,1,45
cabo_corrientes,piedra_bonita,11,2015,natalia_rincon,395,9,100,28,9,2,15,,exposed,myr_lei,myripristis_leiognathus,10,13
cabo_corrientes,piedra_bonita,11,2015,natalia_rincon,395,9,100,28,9,2,15,,exposed,oxy_typ,oxycirrhites_typus,1,8
cabo_corrientes,piedra_bonita,11,2015,natalia_rincon,395,9,100,28,9,2,15,,exposed,pla_aza,plagiotremus_azaleus,2,3
cabo_corrientes,piedra_bonita,11,2015,natalia_rincon,395,9,100,28,9,2,15,,exposed,sar_sub,sargocentron_suborbitalis,1,18
cabo_corrientes,piedra_bonita,11,2015,natalia_rincon,395,9,100,28,9,2,15,,exposed,ste_fla,stegastes_flavilatus,4,18
cabo_corrientes,piedra_bonita,11,2015,natalia_rincon,395,9,100,28,9,2,15,,exposed,suf_ver,sufflamen_verres,1,18
cabo_corrientes,piedra_bonita,11,2015,natalia_rincon,395,9,100,28,9,2,15,,exposed,tha_luc,thalassoma_lucasanum,50,3
cabo_corrientes,piedra_bonita,11,2015,natalia_rincon,396,9,100,28,12,2,15,,exposed,abu_tro,abudefduf_troschelii,2,18
cabo_corrientes,piedra_bonita,11,2015,natalia_rincon,396,9,100,28,12,2,15,,exposed,bal_pol,balistes_polylepis,4,18
cabo_corrientes,piedra_bonita,11,2015,natalia_rincon,396,9,100,28,12,2,15,,exposed,cep_pan,cephalopholis_panamensis,2,25
cabo_corrientes,piedra_bonita,11,2015,natalia_rincon,396,9,100,28,12,2,15,,exposed,chr_atr,chromis_atrilobata,121,3
cabo_corrientes,piedra_bonita,11,2015,natalia_rincon,396,9,100,28,12,2,15,,exposed,cir_oxy,cirrhitichthys_oxycephalus,2,3
cabo_corrientes,piedra_bonita,11,2015,natalia_rincon,396,9,100,28,12,2,15,,exposed,dio_hys,diodon_hystrix,1,20
cabo_corrientes,piedra_bonita,11,2015,natalia_rincon,396,9,100,28,12,2,15,,exposed,fis_com,fistularia_commersonii,1,55
cabo_corrientes,piedra_bonita,11,2015,natalia_rincon,396,9,100,28,12,2,15,,exposed,hal_nic,halichoeres_nicholsi,2,18
cabo_corrientes,piedra_bonita,11,2015,natalia_rincon,396,9,100,28,12,2,15,,exposed,hol_pas,holacanthus_passer,2,18
cabo_corrientes,piedra_bonita,11,2015,natalia_rincon,396,9,100,28,12,2,15,,exposed,hol_pas,holacanthus_passer,1,25
cabo_corrientes,piedra_bonita,11,2015,natalia_rincon,396,9,100,28,12,2,15,,exposed,joh_nig,johnrandallia_nigrirostris,7,8
cabo_corrientes,piedra_bonita,11,2015,natalia_rincon,396,9,100,28,12,2,15,,exposed,lut_arg,lutjanus_argentiventris,2,45
cabo_corrientes,piedra_bonita,11,2015,natalia_rincon,396,9,100,28,12,2,15,,exposed,lut_arg,lutjanus_argentiventris,1,55
cabo_corrientes,piedra_bonita,11,2015,natalia_rincon,396,9,100,28,12,2,15,,exposed,lut_gut,lutjanus_guttatus,2,18
cabo_corrientes,piedra_bonita,11,2015,natalia_rincon,396,9,100,28,12,2,15,,exposed,myr_lei,myripristis_leiognathus,4,18
cabo_corrientes,piedra_bonita,11,2015,natalia_rincon,396,9,100,28,12,2,15,,exposed,par_col,paranthias_colonus,1,3
cabo_corrientes,piedra_bonita,11,2015,natalia_rincon,396,9,100,28,12,2,15,,exposed,par_col,paranthias_colonus,1,18
cabo_corrientes,piedra_bonita,11,2015,natalia_rincon,396,9,100,28,12,2,15,,exposed,pla_aza,plagiotremus_azaleus,4,3
cabo_corrientes,piedra_bonita,11,2015,natalia_rincon,396,9,100,28,12,2,15,,exposed,ste_fla,stegastes_flavilatus,8,8
cabo_corrientes,piedra_bonita,11,2015,natalia_rincon,396,9,100,28,12,2,15,,exposed,suf_ver,sufflamen_verres,1,18
cabo_corrientes,piedra_bonita,11,2015,natalia_rincon,396,9,100,28,12,2,15,,exposed,suf_ver,sufflamen_verres,1,25
cabo_corrientes,piedra_bonita,11,2015,natalia_rincon,396,9,100,28,12,2,15,,exposed,tha_luc,thalassoma_lucasanum,33,3
cabo_corrientes,piedra_bonita,11,2015,natalia_rincon,397,9,100,28,14,2,15,,exposed,abu_tro,abudefduf_troschelii,1,13
cabo_corrientes,piedra_bonita,11,2015,natalia_rincon,397,9,100,28,14,2,15,,exposed,bod_dip,bodianus_diplotaenia,3,3
cabo_corrientes,piedra_bonita,11,2015,natalia_rincon,397,9,100,28,14,2,15,,exposed,bod_dip,bodianus_diplotaenia,1,25
cabo_corrientes,piedra_bonita,11,2015,natalia_rincon,397,9,100,28,14,2,15,,exposed,cep_pan,cephalopholis_panamensis,4,18
cabo_corrientes,piedra_bonita,11,2015,natalia_rincon,397,9,100,28,14,2,15,,exposed,cep_pan,cephalopholis_panamensis,2,25
cabo_corrientes,piedra_bonita,11,2015,natalia_rincon,397,9,100,28,14,2,15,,exposed,cha_hum,chaetodon_humeralis,1,8
cabo_corrientes,piedra_bonita,11,2015,natalia_rincon,397,9,100,28,14,2,15,,exposed,chr_atr,chromis_atrilobata,6,3
cabo_corrientes,piedra_bonita,11,2015,natalia_rincon,397,9,100,28,14,2,15,,exposed,epi_lab,epinephelus_labriformis,4,18
cabo_corrientes,piedra_bonita,11,2015,natalia_rincon,397,9,100,28,14,2,15,,exposed,hal_nic,halichoeres_nicholsi,1,3
cabo_corrientes,piedra_bonita,11,2015,natalia_rincon,397,9,100,28,14,2,15,,exposed,hol_pas,holacanthus_passer,5,18
cabo_corrientes,piedra_bonita,11,2015,natalia_rincon,397,9,100,28,14,2,15,,exposed,hol_pas,holacanthus_passer,1,25
cabo_corrientes,piedra_bonita,11,2015,natalia_rincon,397,9,100,28,14,2,15,,exposed,lut_arg,lutjanus_argentiventris,1,35
cabo_corrientes,piedra_bonita,11,2015,natalia_rincon,397,9,100,28,14,2,15,,exposed,lut_gut,lutjanus_guttatus,6,18
cabo_corrientes,piedra_bonita,11,2015,natalia_rincon,397,9,100,28,14,2,15,,exposed,par_col,paranthias_colonus,11,3
cabo_corrientes,piedra_bonita,11,2015,natalia_rincon,397,9,100,28,14,2,15,,exposed,sca_per,scarus_perrico,1,55
cabo_corrientes,piedra_bonita,11,2015,natalia_rincon,397,9,100,28,14,2,15,,exposed,ste_fla,stegastes_flavilatus,8,8
cabo_corrientes,piedra_bonita,11,2015,natalia_rincon,397,9,100,28,14,2,15,,exposed,suf_ver,sufflamen_verres,4,18
cabo_corrientes,piedra_colo,11,2015,luis_chasqui,398,8,100,28,19,2,20,,exposed,aca_xan,acanthurus_xanthopterus,1,25
cabo_corrientes,piedra_colo,11,2015,luis_chasqui,398,8,100,28,19,2,20,,exposed,aro_his,arothron_hispidus,1,13
cabo_corrientes,piedra_colo,11,2015,luis_chasqui,398,8,100,28,19,2,20,,exposed,bod_dip,bodianus_diplotaenia,3,18
cabo_corrientes,piedra_colo,11,2015,luis_chasqui,398,8,100,28,19,2,20,,exposed,can_pun,canthigaster_punctatissima,2,3
cabo_corrientes,piedra_colo,11,2015,luis_chasqui,398,8,100,28,19,2,20,,exposed,cep_pan,cephalopholis_panamensis,1,13
cabo_corrientes,piedra_colo,11,2015,luis_chasqui,398,8,100,28,19,2,20,,exposed,chr_atr,chromis_atrilobata,10,3
cabo_corrientes,piedra_colo,11,2015,luis_chasqui,398,8,100,28,19,2,20,,exposed,hae_ste,haemulon_steindachneri,7,18
cabo_corrientes,piedra_colo,11,2015,luis_chasqui,398,8,100,28,19,2,20,,exposed,hal_dis,halichoeres_dispilus,10,3
cabo_corrientes,piedra_colo,11,2015,luis_chasqui,398,8,100,28,19,2,20,,exposed,hal_dis,halichoeres_dispilus,2,8
cabo_corrientes,piedra_colo,11,2015,luis_chasqui,398,8,100,28,19,2,20,,exposed,hol_pas,holacanthus_passer,7,13
cabo_corrientes,piedra_colo,11,2015,luis_chasqui,398,8,100,28,19,2,20,,exposed,joh_nig,johnrandallia_nigrirostris,3,8
cabo_corrientes,piedra_colo,11,2015,luis_chasqui,398,8,100,28,19,2,20,,exposed,lut_arg,lutjanus_argentiventris,13,18
cabo_corrientes,piedra_colo,11,2015,luis_chasqui,398,8,100,28,19,2,20,,exposed,lut_arg,lutjanus_argentiventris,5,25
cabo_corrientes,piedra_colo,11,2015,luis_chasqui,398,8,100,28,19,2,20,,exposed,lut_gut,lutjanus_guttatus,30,25
cabo_corrientes,piedra_colo,11,2015,luis_chasqui,398,8,100,28,19,2,20,,exposed,lut_nov,lutjanus_novemfasciatus,30,45
cabo_corrientes,piedra_colo,11,2015,luis_chasqui,398,8,100,28,19,2,20,,exposed,lut_nov,lutjanus_novemfasciatus,5,55
cabo_corrientes,piedra_colo,11,2015,luis_chasqui,398,8,100,28,19,2,20,,exposed,myr_lei,myripristis_leiognathus,13,13
cabo_corrientes,piedra_colo,11,2015,luis_chasqui,398,8,100,28,19,2,20,,exposed,par_col,paranthias_colonus,120,3
cabo_corrientes,piedra_colo,11,2015,luis_chasqui,398,8,100,28,19,2,20,,exposed,par_col,paranthias_colonus,6,18
cabo_corrientes,piedra_colo,11,2015,luis_chasqui,398,8,100,28,19,2,20,,exposed,pla_aza,plagiotremus_azaleus,1,3
cabo_corrientes,piedra_colo,11,2015,luis_chasqui,398,8,100,28,19,2,20,,exposed,pse_nau,pseudobalistes_naufragium,1,18
cabo_corrientes,piedra_colo,11,2015,luis_chasqui,398,8,100,28,19,2,20,,exposed,sec_ocy,kyphosus_ocyurus,30,25
cabo_corrientes,piedra_colo,11,2015,luis_chasqui,398,8,100,28,19,2,20,,exposed,ste_fla,stegastes_flavilatus,10,8
cabo_corrientes,piedra_colo,11,2015,luis_chasqui,398,8,100,28,19,2,20,,exposed,suf_ver,sufflamen_verres,5,18
cabo_corrientes,piedra_colo,11,2015,luis_chasqui,398,8,100,28,19,2,20,,exposed,mal_bre,malacanthus_brevirostris,1,8
cabo_corrientes,piedra_colo,11,2015,luis_chasqui,399,8,100,28,19,2,20,,exposed,aro_his,arothron_hispidus,5,25
cabo_corrientes,piedra_colo,11,2015,luis_chasqui,399,8,100,28,19,2,20,,exposed,aro_mel,arothron_meleagris,2,18
cabo_corrientes,piedra_colo,11,2015,luis_chasqui,399,8,100,28,19,2,20,,exposed,bod_dip,bodianus_diplotaenia,2,8
cabo_corrientes,piedra_colo,11,2015,luis_chasqui,399,8,100,28,19,2,20,,exposed,can_pun,canthigaster_punctatissima,5,3
cabo_corrientes,piedra_colo,11,2015,luis_chasqui,399,8,100,28,19,2,20,,exposed,cep_pan,cephalopholis_panamensis,2,18
cabo_corrientes,piedra_colo,11,2015,luis_chasqui,399,8,100,28,19,2,20,,exposed,chr_atr,chromis_atrilobata,30,3
cabo_corrientes,piedra_colo,11,2015,luis_chasqui,399,8,100,28,19,2,20,,exposed,hae_ste,haemulon_steindachneri,130,25
cabo_corrientes,piedra_colo,11,2015,luis_chasqui,399,8,100,28,19,2,20,,exposed,hal_dis,halichoeres_dispilus,65,8
cabo_corrientes,piedra_colo,11,2015,luis_chasqui,399,8,100,28,19,2,20,,exposed,hol_pas,holacanthus_passer,4,8
cabo_corrientes,piedra_colo,11,2015,luis_chasqui,399,8,100,28,19,2,20,,exposed,joh_nig,johnrandallia_nigrirostris,5,8
cabo_corrientes,piedra_colo,11,2015,luis_chasqui,399,8,100,28,19,2,20,,exposed,lut_arg,lutjanus_argentiventris,3,13
cabo_corrientes,piedra_colo,11,2015,luis_chasqui,399,8,100,28,19,2,20,,exposed,lut_arg,lutjanus_argentiventris,8,18
cabo_corrientes,piedra_colo,11,2015,luis_chasqui,399,8,100,28,19,2,20,,exposed,lut_arg,lutjanus_argentiventris,5,25
cabo_corrientes,piedra_colo,11,2015,luis_chasqui,399,8,100,28,19,2,20,,exposed,lut_gut,lutjanus_guttatus,1,18
cabo_corrientes,piedra_colo,11,2015,luis_chasqui,399,8,100,28,19,2,20,,exposed,lut_ine,lutjanus_inermis,11,8
cabo_corrientes,piedra_colo,11,2015,luis_chasqui,399,8,100,28,19,2,20,,exposed,lut_nov,lutjanus_novemfasciatus,5,35
cabo_corrientes,piedra_colo,11,2015,luis_chasqui,399,8,100,28,19,2,20,,exposed,myr_lei,myripristis_leiognathus,8,13
cabo_corrientes,piedra_colo,11,2015,luis_chasqui,399,8,100,28,19,2,20,,exposed,par_col,paranthias_colonus,60,3
cabo_corrientes,piedra_colo,11,2015,luis_chasqui,399,8,100,28,19,2,20,,exposed,pla_aza,plagiotremus_azaleus,3,3
cabo_corrientes,piedra_colo,11,2015,luis_chasqui,399,8,100,28,19,2,20,,exposed,pse_nau,pseudobalistes_naufragium,3,25
cabo_corrientes,piedra_colo,11,2015,luis_chasqui,399,8,100,28,19,2,20,,exposed,ser_psi,serranus_psittacinus,2,8
cabo_corrientes,piedra_colo,11,2015,luis_chasqui,399,8,100,28,19,2,20,,exposed,ste_fla,stegastes_flavilatus,8,8
cabo_corrientes,piedra_colo,11,2015,luis_chasqui,399,8,100,28,19,2,20,,exposed,suf_ver,sufflamen_verres,2,3
cabo_corrientes,piedra_colo,11,2015,luis_chasqui,399,8,100,28,19,2,20,,exposed,tra_rho,trachinotus_rhodopus,1,35
cabo_corrientes,piedra_colo,11,2015,luis_chasqui,399,8,100,28,19,2,20,,exposed,mal_bre,malacanthus_brevirostris,1,25
cabo_corrientes,piedra_colo,11,2015,luis_chasqui,400,8,100,28,15,2,20,,exposed,bod_dip,bodianus_diplotaenia,2,3
cabo_corrientes,piedra_colo,11,2015,luis_chasqui,400,8,100,28,15,2,20,,exposed,bod_dip,bodianus_diplotaenia,6,8
cabo_corrientes,piedra_colo,11,2015,luis_chasqui,400,8,100,28,15,2,20,,exposed,can_pun,canthigaster_punctatissima,3,3
cabo_corrientes,piedra_colo,11,2015,luis_chasqui,400,8,100,28,15,2,20,,exposed,cep_pan,cephalopholis_panamensis,4,18
cabo_corrientes,piedra_colo,11,2015,luis_chasqui,400,8,100,28,15,2,20,,exposed,cha_hum,chaetodon_humeralis,2,8
cabo_corrientes,piedra_colo,11,2015,luis_chasqui,400,8,100,28,15,2,20,,exposed,chr_atr,chromis_atrilobata,100,3
cabo_corrientes,piedra_colo,11,2015,luis_chasqui,400,8,100,28,15,2,20,,exposed,cir_oxy,cirrhitichthys_oxycephalus,7,3
cabo_corrientes,piedra_colo,11,2015,luis_chasqui,400,8,100,28,15,2,20,,exposed,epi_lab,epinephelus_labriformis,3,18
cabo_corrientes,piedra_colo,11,2015,luis_chasqui,400,8,100,28,15,2,20,,exposed,hal_dis,halichoeres_dispilus,30,8
cabo_corrientes,piedra_colo,11,2015,luis_chasqui,400,8,100,28,15,2,20,,exposed,hol_pas,holacanthus_passer,5,8
cabo_corrientes,piedra_colo,11,2015,luis_chasqui,400,8,100,28,15,2,20,,exposed,hol_pas,holacanthus_passer,5,13
cabo_corrientes,piedra_colo,11,2015,luis_chasqui,400,8,100,28,15,2,20,,exposed,hol_pas,holacanthus_passer,2,18
cabo_corrientes,piedra_colo,11,2015,luis_chasqui,400,8,100,28,15,2,20,,exposed,joh_nig,johnrandallia_nigrirostris,2,8
cabo_corrientes,piedra_colo,11,2015,luis_chasqui,400,8,100,28,15,2,20,,exposed,lut_arg,lutjanus_argentiventris,33,18
cabo_corrientes,piedra_colo,11,2015,luis_chasqui,400,8,100,28,15,2,20,,exposed,par_col,paranthias_colonus,200,3
cabo_corrientes,piedra_colo,11,2015,luis_chasqui,400,8,100,28,15,2,20,,exposed,pla_aza,plagiotremus_azaleus,2,3
cabo_corrientes,piedra_colo,11,2015,luis_chasqui,400,8,100,28,15,2,20,,exposed,ste_fla,stegastes_flavilatus,14,8
cabo_corrientes,piedra_colo,11,2015,luis_chasqui,400,8,100,28,15,2,20,,exposed,suf_ver,sufflamen_verres,4,13
cabo_corrientes,piedra_colo,11,2015,luis_chasqui,400,8,100,28,15,2,20,,exposed,tha_luc,thalassoma_lucasanum,5,3
cabo_corrientes,piedra_colo,11,2015,natalia_rincon,401,8,100,28,15,2,20,,exposed,bod_dip,bodianus_diplotaenia,2,13
cabo_corrientes,piedra_colo,11,2015,natalia_rincon,401,8,100,28,15,2,20,,exposed,cep_pan,cephalopholis_panamensis,1,25
cabo_corrientes,piedra_colo,11,2015,natalia_rincon,401,8,100,28,15,2,20,,exposed,chr_atr,chromis_atrilobata,50,3
cabo_corrientes,piedra_colo,11,2015,natalia_rincon,401,8,100,28,15,2,20,,exposed,epi_lab,epinephelus_labriformis,1,25
cabo_corrientes,piedra_colo,11,2015,natalia_rincon,401,8,100,28,15,2,20,,exposed,fis_com,fistularia_commersonii,1,65
cabo_corrientes,piedra_colo,11,2015,natalia_rincon,401,8,100,28,15,2,20,,exposed,hae_ste,haemulon_steindachneri,500,25
cabo_corrientes,piedra_colo,11,2015,natalia_rincon,401,8,100,28,15,2,20,,exposed,hol_pas,holacanthus_passer,8,8
cabo_corrientes,piedra_colo,11,2015,natalia_rincon,401,8,100,28,15,2,20,,exposed,hol_pas,holacanthus_passer,5,13
cabo_corrientes,piedra_colo,11,2015,natalia_rincon,401,8,100,28,15,2,20,,exposed,hol_pas,holacanthus_passer,2,18
cabo_corrientes,piedra_colo,11,2015,natalia_rincon,401,8,100,28,15,2,20,,exposed,par_col,paranthias_colonus,400,3
cabo_corrientes,piedra_colo,11,2015,natalia_rincon,401,8,100,28,15,2,20,,exposed,par_col,paranthias_colonus,20,13
cabo_corrientes,piedra_colo,11,2015,natalia_rincon,401,8,100,28,15,2,20,,exposed,ste_fla,stegastes_flavilatus,3,8
cabo_corrientes,piedra_colo,11,2015,natalia_rincon,401,8,100,28,15,2,20,,exposed,suf_ver,sufflamen_verres,1,3
cabo_corrientes,piedra_colo,11,2015,natalia_rincon,401,8,100,28,15,2,20,,exposed,suf_ver,sufflamen_verres,4,13
cabo_corrientes,piedra_colo,11,2015,natalia_rincon,402,8,100,28,17,2,20,,exposed,abu_tro,abudefduf_troschelii,18,13
cabo_corrientes,piedra_colo,11,2015,natalia_rincon,402,8,100,28,17,2,20,,exposed,aro_his,arothron_hispidus,1,18
cabo_corrientes,piedra_colo,11,2015,natalia_rincon,402,8,100,28,17,2,20,,exposed,aro_his,arothron_hispidus,1,25
cabo_corrientes,piedra_colo,11,2015,natalia_rincon,402,8,100,28,17,2,20,,exposed,bod_dip,bodianus_diplotaenia,1,25
cabo_corrientes,piedra_colo,11,2015,natalia_rincon,402,8,100,28,17,2,20,,exposed,can_pun,canthigaster_punctatissima,2,3
cabo_corrientes,piedra_colo,11,2015,natalia_rincon,402,8,100,28,17,2,20,,exposed,car_mel,caranx_melampygus,1,35
cabo_corrientes,piedra_colo,11,2015,natalia_rincon,402,8,100,28,17,2,20,,exposed,cep_pan,cephalopholis_panamensis,1,25
cabo_corrientes,piedra_colo,11,2015,natalia_rincon,402,8,100,28,17,2,20,,exposed,hal_chi,halichoeres_chierchiae,3,8
cabo_corrientes,piedra_colo,11,2015,natalia_rincon,402,8,100,28,17,2,20,,exposed,hal_dis,halichoeres_dispilus,18,3
cabo_corrientes,piedra_colo,11,2015,natalia_rincon,402,8,100,28,17,2,20,,exposed,hol_pas,holacanthus_passer,1,8
cabo_corrientes,piedra_colo,11,2015,natalia_rincon,402,8,100,28,17,2,20,,exposed,joh_nig,johnrandallia_nigrirostris,4,8
cabo_corrientes,piedra_colo,11,2015,natalia_rincon,402,8,100,28,17,2,20,,exposed,lut_arg,lutjanus_argentiventris,63,25
cabo_corrientes,piedra_colo,11,2015,natalia_rincon,402,8,100,28,17,2,20,,exposed,lut_arg,lutjanus_argentiventris,53,45
cabo_corrientes,piedra_colo,11,2015,natalia_rincon,402,8,100,28,17,2,20,,exposed,lut_gut,lutjanus_guttatus,1,18
cabo_corrientes,piedra_colo,11,2015,natalia_rincon,402,8,100,28,17,2,20,,exposed,lut_nov,lutjanus_novemfasciatus,23,55
cabo_corrientes,piedra_colo,11,2015,natalia_rincon,402,8,100,28,17,2,20,,exposed,myr_lei,myripristis_leiognathus,3,13
cabo_corrientes,piedra_colo,11,2015,natalia_rincon,402,8,100,28,17,2,20,,exposed,par_col,paranthias_colonus,181,3
cabo_corrientes,piedra_colo,11,2015,natalia_rincon,402,8,100,28,17,2,20,,exposed,par_col,paranthias_colonus,50,8
cabo_corrientes,piedra_colo,11,2015,natalia_rincon,402,8,100,28,17,2,20,,exposed,ser_psi,serranus_psittacinus,2,8
cabo_corrientes,piedra_colo,11,2015,natalia_rincon,402,8,100,28,17,2,20,,exposed,ste_fla,stegastes_flavilatus,1,3
cabo_corrientes,piedra_colo,11,2015,natalia_rincon,402,8,100,28,17,2,20,,exposed,ste_fla,stegastes_flavilatus,1,13
cabo_corrientes,piedra_colo,11,2015,natalia_rincon,402,8,100,28,17,2,20,,exposed,suf_ver,sufflamen_verres,1,3
cabo_corrientes,piedra_colo,11,2015,natalia_rincon,402,8,100,28,17,2,20,,exposed,suf_ver,sufflamen_verres,3,8
cabo_corrientes,piedra_colo,11,2015,natalia_rincon,402,8,100,28,17,2,20,,exposed,suf_ver,sufflamen_verres,3,18
cabo_corrientes,piedra_colo,11,2015,natalia_rincon,403,8,100,28,18,2,20,,exposed,cep_pan,cephalopholis_panamensis,1,25
cabo_corrientes,piedra_colo,11,2015,natalia_rincon,403,8,100,28,18,2,20,,exposed,chr_atr,chromis_atrilobata,1000,3
cabo_corrientes,piedra_colo,11,2015,natalia_rincon,403,8,100,28,18,2,20,,exposed,gym_cas,gymnothorax_castaneus,1,95
cabo_corrientes,piedra_colo,11,2015,natalia_rincon,403,8,100,28,18,2,20,,exposed,hae_fla,haemulon_flaviguttatum,50,25
cabo_corrientes,piedra_colo,11,2015,natalia_rincon,403,8,100,28,18,2,20,,exposed,hal_chi,halichoeres_chierchiae,1,8
cabo_corrientes,piedra_colo,11,2015,natalia_rincon,403,8,100,28,18,2,20,,exposed,lut_arg,lutjanus_argentiventris,4,25
cabo_corrientes,piedra_colo,11,2015,natalia_rincon,403,8,100,28,18,2,20,,exposed,lut_arg,lutjanus_argentiventris,33,45
cabo_corrientes,piedra_colo,11,2015,natalia_rincon,403,8,100,28,18,2,20,,exposed,lut_ine,lutjanus_inermis,54,8
cabo_corrientes,piedra_colo,11,2015,natalia_rincon,403,8,100,28,18,2,20,,exposed,lut_gut,lutjanus_guttatus,4,25
cabo_corrientes,piedra_colo,11,2015,natalia_rincon,403,8,100,28,18,2,20,,exposed,lut_nov,lutjanus_novemfasciatus,3,55
cabo_corrientes,piedra_colo,11,2015,natalia_rincon,403,8,100,28,18,2,20,,exposed,lut_nov,lutjanus_novemfasciatus,2,95
cabo_corrientes,piedra_colo,11,2015,natalia_rincon,403,8,100,28,18,2,20,,exposed,par_col,paranthias_colonus,10,3
cabo_corrientes,piedra_colo,11,2015,natalia_rincon,403,8,100,28,18,2,20,,exposed,pla_aza,plagiotremus_azaleus,10,3
cabo_corrientes,piedra_colo,11,2015,natalia_rincon,403,8,100,28,18,2,20,,exposed,pse_nau,pseudobalistes_naufragium,1,25
cabo_corrientes,piedra_colo,11,2015,natalia_rincon,403,8,100,28,18,2,20,,exposed,sec_ocy,kyphosus_ocyurus,2,45
cabo_corrientes,piedra_colo,11,2015,natalia_rincon,403,8,100,28,18,2,20,,exposed,suf_ver,sufflamen_verres,2,8
cabo_corrientes,piedra_colo,11,2015,natalia_rincon,403,8,100,28,18,2,20,,exposed,suf_ver,sufflamen_verres,2,13
cabo_corrientes,ronosa,11,2015,luis_chasqui,404,4,100,28,18,3,15,,exposed,aca_xan,acanthurus_xanthopterus,1,18
cabo_corrientes,ronosa,11,2015,luis_chasqui,404,4,100,28,18,3,15,,exposed,aro_mel,arothron_meleagris,2,18
cabo_corrientes,ronosa,11,2015,luis_chasqui,404,4,100,28,18,3,15,,exposed,bod_dip,bodianus_diplotaenia,3,13
cabo_corrientes,ronosa,11,2015,luis_chasqui,404,4,100,28,18,3,15,,exposed,can_pun,canthigaster_punctatissima,1,3
cabo_corrientes,ronosa,11,2015,luis_chasqui,404,4,100,28,18,3,15,,exposed,car_mel,caranx_melampygus,1,25
cabo_corrientes,ronosa,11,2015,luis_chasqui,404,4,100,28,18,3,15,,exposed,cep_pan,cephalopholis_panamensis,3,18
cabo_corrientes,ronosa,11,2015,luis_chasqui,404,4,100,28,18,3,15,,exposed,cha_hum,chaetodon_humeralis,1,8
cabo_corrientes,ronosa,11,2015,luis_chasqui,404,4,100,28,18,3,15,,exposed,cir_oxy,cirrhitichthys_oxycephalus,1,3
cabo_corrientes,ronosa,11,2015,luis_chasqui,404,4,100,28,18,3,15,,exposed,dio_hys,diodon_hystrix,1,25
cabo_corrientes,ronosa,11,2015,luis_chasqui,404,4,100,28,18,3,15,,exposed,fis_com,fistularia_commersonii,1,45
cabo_corrientes,ronosa,11,2015,luis_chasqui,404,4,100,28,18,3,15,,exposed,hae_ste,haemulon_steindachneri,1,13
cabo_corrientes,ronosa,11,2015,luis_chasqui,404,4,100,28,18,3,15,,exposed,hal_chi,halichoeres_chierchiae,2,18
cabo_corrientes,ronosa,11,2015,luis_chasqui,404,4,100,28,18,3,15,,exposed,hal_dis,halichoeres_dispilus,25,3
cabo_corrientes,ronosa,11,2015,luis_chasqui,404,4,100,28,18,3,15,,exposed,hal_dis,halichoeres_dispilus,14,8
cabo_corrientes,ronosa,11,2015,luis_chasqui,404,4,100,28,18,3,15,,exposed,hal_nic,halichoeres_nicholsi,3,18
cabo_corrientes,ronosa,11,2015,luis_chasqui,404,4,100,28,18,3,15,,exposed,joh_nig,johnrandallia_nigrirostris,2,8
cabo_corrientes,ronosa,11,2015,luis_chasqui,404,4,100,28,18,3,15,,exposed,lut_gut,lutjanus_guttatus,2,13
cabo_corrientes,ronosa,11,2015,luis_chasqui,404,4,100,28,18,3,15,,exposed,mul_den,mulloidichthys_dentatus,4,18
cabo_corrientes,ronosa,11,2015,luis_chasqui,404,4,100,28,18,3,15,,exposed,par_col,paranthias_colonus,40,3
cabo_corrientes,ronosa,11,2015,luis_chasqui,404,4,100,28,18,3,15,,exposed,ser_psi,serranus_psittacinus,2,8
cabo_corrientes,ronosa,11,2015,luis_chasqui,404,4,100,28,18,3,15,,exposed,ste_fla,stegastes_flavilatus,11,8
cabo_corrientes,ronosa,11,2015,luis_chasqui,404,4,100,28,18,3,15,,exposed,suf_ver,sufflamen_verres,3,18
cabo_corrientes,ronosa,11,2015,luis_chasqui,405,4,100,28,18,3,15,,exposed,aro_mel,arothron_meleagris,4,18
cabo_corrientes,ronosa,11,2015,luis_chasqui,405,4,100,28,18,3,15,,exposed,bod_dip,bodianus_diplotaenia,2,13
cabo_corrientes,ronosa,11,2015,luis_chasqui,405,4,100,28,18,3,15,,exposed,can_pun,canthigaster_punctatissima,1,3
cabo_corrientes,ronosa,11,2015,luis_chasqui,405,4,100,28,18,3,15,,exposed,cep_pan,cephalopholis_panamensis,3,18
cabo_corrientes,ronosa,11,2015,luis_chasqui,405,4,100,28,18,3,15,,exposed,cir_oxy,cirrhitichthys_oxycephalus,3,3
cabo_corrientes,ronosa,11,2015,luis_chasqui,405,4,100,28,18,3,15,,exposed,epi_lab,epinephelus_labriformis,1,18
cabo_corrientes,ronosa,11,2015,luis_chasqui,405,4,100,28,18,3,15,,exposed,hal_dis,halichoeres_dispilus,35,3
cabo_corrientes,ronosa,11,2015,luis_chasqui,405,4,100,28,18,3,15,,exposed,hal_dis,halichoeres_dispilus,1,8
cabo_corrientes,ronosa,11,2015,luis_chasqui,405,4,100,28,18,3,15,,exposed,hal_nic,halichoeres_nicholsi,6,13
cabo_corrientes,ronosa,11,2015,luis_chasqui,405,4,100,28,18,3,15,,exposed,hol_pas,holacanthus_passer,1,13
cabo_corrientes,ronosa,11,2015,luis_chasqui,405,4,100,28,18,3,15,,exposed,joh_nig,johnrandallia_nigrirostris,4,8
cabo_corrientes,ronosa,11,2015,luis_chasqui,405,4,100,28,18,3,15,,exposed,lut_arg,lutjanus_argentiventris,1,18
cabo_corrientes,ronosa,11,2015,luis_chasqui,405,4,100,28,18,3,15,,exposed,mul_den,mulloidichthys_dentatus,3,18
cabo_corrientes,ronosa,11,2015,luis_chasqui,405,4,100,28,18,3,15,,exposed,myr_lei,myripristis_leiognathus,3,13
cabo_corrientes,ronosa,11,2015,luis_chasqui,405,4,100,28,18,3,15,,exposed,par_col,paranthias_colonus,35,3
cabo_corrientes,ronosa,11,2015,luis_chasqui,405,4,100,28,18,3,15,,exposed,ste_fla,stegastes_flavilatus,30,8
cabo_corrientes,ronosa,11,2015,luis_chasqui,405,4,100,28,18,3,15,,exposed,suf_ver,sufflamen_verres,3,13
cabo_corrientes,ronosa,11,2015,luis_chasqui,405,4,100,28,18,3,15,,exposed,apo_dov,apogon_dovii,4,3
cabo_corrientes,ronosa,11,2015,luis_chasqui,406,4,100,28,10,3,10,,exposed,aro_mel,arothron_meleagris,6,18
cabo_corrientes,ronosa,11,2015,luis_chasqui,406,4,100,28,10,3,10,,exposed,bod_dip,bodianus_diplotaenia,1,3
cabo_corrientes,ronosa,11,2015,luis_chasqui,406,4,100,28,10,3,10,,exposed,car_mel,caranx_melampygus,5,25
cabo_corrientes,ronosa,11,2015,luis_chasqui,406,4,100,28,10,3,10,,exposed,cep_pan,cephalopholis_panamensis,3,13
cabo_corrientes,ronosa,11,2015,luis_chasqui,406,4,100,28,10,3,10,,exposed,cep_pan,cephalopholis_panamensis,5,18
cabo_corrientes,ronosa,11,2015,luis_chasqui,406,4,100,28,10,3,10,,exposed,chr_atr,chromis_atrilobata,130,3
cabo_corrientes,ronosa,11,2015,luis_chasqui,406,4,100,28,10,3,10,,exposed,cir_oxy,cirrhitichthys_oxycephalus,2,3
cabo_corrientes,ronosa,11,2015,luis_chasqui,406,4,100,28,10,3,10,,exposed,epi_lab,epinephelus_labriformis,3,8
cabo_corrientes,ronosa,11,2015,luis_chasqui,406,4,100,28,10,3,10,,exposed,epi_lab,epinephelus_labriformis,2,13
cabo_corrientes,ronosa,11,2015,luis_chasqui,406,4,100,28,10,3,10,,exposed,gym_cas,gymnothorax_castaneus,1,55
cabo_corrientes,ronosa,11,2015,luis_chasqui,406,4,100,28,10,3,10,,exposed,hae_fla,haemulon_flaviguttatum,12,13
cabo_corrientes,ronosa,11,2015,luis_chasqui,406,4,100,28,10,3,10,,exposed,hae_mac,haemulon_maculicauda,1,13
cabo_corrientes,ronosa,11,2015,luis_chasqui,406,4,100,28,10,3,10,,exposed,hal_nic,halichoeres_nicholsi,1,13
cabo_corrientes,ronosa,11,2015,luis_chasqui,406,4,100,28,10,3,10,,exposed,hol_pas,holacanthus_passer,1,8
cabo_corrientes,ronosa,11,2015,luis_chasqui,406,4,100,28,10,3,10,,exposed,hol_pas,holacanthus_passer,1,13
cabo_corrientes,ronosa,11,2015,luis_chasqui,406,4,100,28,10,3,10,,exposed,hol_pas,holacanthus_passer,7,18
cabo_corrientes,ronosa,11,2015,luis_chasqui,406,4,100,28,10,3,10,,exposed,joh_nig,johnrandallia_nigrirostris,3,8
cabo_corrientes,ronosa,11,2015,luis_chasqui,406,4,100,28,10,3,10,,exposed,lut_arg,lutjanus_argentiventris,1,18
cabo_corrientes,ronosa,11,2015,luis_chasqui,406,4,100,28,10,3,10,,exposed,lut_vir,lutjanus_viridis,1,18
cabo_corrientes,ronosa,11,2015,luis_chasqui,406,4,100,28,10,3,10,,exposed,myr_lei,myripristis_leiognathus,31,13
cabo_corrientes,ronosa,11,2015,luis_chasqui,406,4,100,28,10,3,10,,exposed,ost_mel,ostracion_meleagris,1,3
cabo_corrientes,ronosa,11,2015,luis_chasqui,406,4,100,28,10,3,10,,exposed,par_col,paranthias_colonus,10,3
cabo_corrientes,ronosa,11,2015,luis_chasqui,406,4,100,28,10,3,10,,exposed,par_col,paranthias_colonus,30,8
cabo_corrientes,ronosa,11,2015,luis_chasqui,406,4,100,28,10,3,10,,exposed,pla_aza,plagiotremus_azaleus,12,3
cabo_corrientes,ronosa,11,2015,luis_chasqui,406,4,100,28,10,3,10,,exposed,sar_sub,sargocentron_suborbitalis,3,13
cabo_corrientes,ronosa,11,2015,luis_chasqui,406,4,100,28,10,3,10,,exposed,ste_fla,stegastes_flavilatus,30,8
cabo_corrientes,ronosa,11,2015,luis_chasqui,406,4,100,28,10,3,10,,exposed,suf_ver,sufflamen_verres,4,8
cabo_corrientes,ronosa,11,2015,luis_chasqui,406,4,100,28,10,3,10,,exposed,tha_luc,thalassoma_lucasanum,40,3
cabo_corrientes,ronosa,11,2015,luis_chasqui,407,4,100,28,10,3,10,,exposed,abu_tro,abudefduf_troschelii,110,13
cabo_corrientes,ronosa,11,2015,luis_chasqui,407,4,100,28,10,3,10,,exposed,aca_xan,acanthurus_xanthopterus,1,25
cabo_corrientes,ronosa,11,2015,luis_chasqui,407,4,100,28,10,3,10,,exposed,bod_dip,bodianus_diplotaenia,1,18
cabo_corrientes,ronosa,11,2015,luis_chasqui,407,4,100,28,10,3,10,,exposed,bod_dip,bodianus_diplotaenia,1,25
cabo_corrientes,ronosa,11,2015,luis_chasqui,407,4,100,28,10,3,10,,exposed,car_cab,caranx_caballus,1,25
cabo_corrientes,ronosa,11,2015,luis_chasqui,407,4,100,28,10,3,10,,exposed,cep_pan,cephalopholis_panamensis,9,13
cabo_corrientes,ronosa,11,2015,luis_chasqui,407,4,100,28,10,3,10,,exposed,cep_pan,cephalopholis_panamensis,2,18
cabo_corrientes,ronosa,11,2015,luis_chasqui,407,4,100,28,10,3,10,,exposed,epi_lab,epinephelus_labriformis,1,18
cabo_corrientes,ronosa,11,2015,luis_chasqui,407,4,100,28,10,3,10,,exposed,hae_fla,haemulon_flaviguttatum,200,18
cabo_corrientes,ronosa,11,2015,luis_chasqui,407,4,100,28,10,3,10,,exposed,hal_chi,halichoeres_chierchiae,1,18
cabo_corrientes,ronosa,11,2015,luis_chasqui,407,4,100,28,10,3,10,,exposed,hol_pas,holacanthus_passer,4,8
cabo_corrientes,ronosa,11,2015,luis_chasqui,407,4,100,28,10,3,10,,exposed,joh_nig,johnrandallia_nigrirostris,1,8
cabo_corrientes,ronosa,11,2015,luis_chasqui,407,4,100,28,10,3,10,,exposed,lut_arg,lutjanus_argentiventris,1,13
cabo_corrientes,ronosa,11,2015,luis_chasqui,407,4,100,28,10,3,10,,exposed,myr_lei,myripristis_leiognathus,6,13
cabo_corrientes,ronosa,11,2015,luis_chasqui,407,4,100,28,10,3,10,,exposed,par_col,paranthias_colonus,1,3
cabo_corrientes,ronosa,11,2015,luis_chasqui,407,4,100,28,10,3,10,,exposed,sar_sub,sargocentron_suborbitalis,3,18
cabo_corrientes,ronosa,11,2015,luis_chasqui,407,4,100,28,10,3,10,,exposed,ste_fla,stegastes_flavilatus,25,8
cabo_corrientes,ronosa,11,2015,natalia_rincon,408,4,100,28,18,3,15,,exposed,aro_mel,arothron_meleagris,3,18
cabo_corrientes,ronosa,11,2015,natalia_rincon,408,4,100,28,18,3,15,,exposed,aro_mel,arothron_meleagris,1,35
cabo_corrientes,ronosa,11,2015,natalia_rincon,408,4,100,28,18,3,15,,exposed,bod_dip,bodianus_diplotaenia,1,13
cabo_corrientes,ronosa,11,2015,natalia_rincon,408,4,100,28,18,3,15,,exposed,bod_dip,bodianus_diplotaenia,1,35
cabo_corrientes,ronosa,11,2015,natalia_rincon,408,4,100,28,18,3,15,,exposed,cep_pan,cephalopholis_panamensis,3,25
cabo_corrientes,ronosa,11,2015,natalia_rincon,408,4,100,28,18,3,15,,exposed,cha_hum,chaetodon_humeralis,1,8
cabo_corrientes,ronosa,11,2015,natalia_rincon,408,4,100,28,18,3,15,,exposed,cir_oxy,cirrhitichthys_oxycephalus,1,3
cabo_corrientes,ronosa,11,2015,natalia_rincon,408,4,100,28,18,3,15,,exposed,epi_lab,epinephelus_labriformis,1,35
cabo_corrientes,ronosa,11,2015,natalia_rincon,408,4,100,28,18,3,15,,exposed,hal_nic,halichoeres_nicholsi,2,13
cabo_corrientes,ronosa,11,2015,natalia_rincon,408,4,100,28,18,3,15,,exposed,joh_nig,johnrandallia_nigrirostris,2,8
cabo_corrientes,ronosa,11,2015,natalia_rincon,408,4,100,28,18,3,15,,exposed,lut_arg,lutjanus_argentiventris,7,25
cabo_corrientes,ronosa,11,2015,natalia_rincon,408,4,100,28,18,3,15,,exposed,par_col,paranthias_colonus,1,3
cabo_corrientes,ronosa,11,2015,natalia_rincon,408,4,100,28,18,3,15,,exposed,par_col,paranthias_colonus,15,18
cabo_corrientes,ronosa,11,2015,natalia_rincon,408,4,100,28,18,3,15,,exposed,ste_fla,stegastes_flavilatus,10,13
cabo_corrientes,ronosa,11,2015,natalia_rincon,409,4,100,28,12,3,15,,exposed,aro_mel,arothron_meleagris,1,25
cabo_corrientes,ronosa,11,2015,natalia_rincon,409,4,100,28,12,3,15,,exposed,bod_dip,bodianus_diplotaenia,2,3
cabo_corrientes,ronosa,11,2015,natalia_rincon,409,4,100,28,12,3,15,,exposed,car_mel,caranx_melampygus,5,25
cabo_corrientes,ronosa,11,2015,natalia_rincon,409,4,100,28,12,3,15,,exposed,cep_pan,cephalopholis_panamensis,1,18
cabo_corrientes,ronosa,11,2015,natalia_rincon,409,4,100,28,12,3,15,,exposed,cep_pan,cephalopholis_panamensis,1,35
cabo_corrientes,ronosa,11,2015,natalia_rincon,409,4,100,28,12,3,15,,exposed,cha_hum,chaetodon_humeralis,3,8
cabo_corrientes,ronosa,11,2015,natalia_rincon,409,4,100,28,12,3,15,,exposed,chr_atr,chromis_atrilobata,22,8
cabo_corrientes,ronosa,11,2015,natalia_rincon,409,4,100,28,12,3,15,,exposed,hae_fla,haemulon_flaviguttatum,18,18
cabo_corrientes,ronosa,11,2015,natalia_rincon,409,4,100,28,12,3,15,,exposed,hae_mac,haemulon_maculicauda,3,13
cabo_corrientes,ronosa,11,2015,natalia_rincon,409,4,100,28,12,3,15,,exposed,hae_ste,haemulon_steindachneri,54,13
cabo_corrientes,ronosa,11,2015,natalia_rincon,409,4,100,28,12,3,15,,exposed,hal_dis,halichoeres_dispilus,8,3
cabo_corrientes,ronosa,11,2015,natalia_rincon,409,4,100,28,12,3,15,,exposed,hal_nic,halichoeres_nicholsi,1,13
cabo_corrientes,ronosa,11,2015,natalia_rincon,409,4,100,28,12,3,15,,exposed,hol_pas,holacanthus_passer,1,13
cabo_corrientes,ronosa,11,2015,natalia_rincon,409,4,100,28,12,3,15,,exposed,joh_nig,johnrandallia_nigrirostris,3,8
cabo_corrientes,ronosa,11,2015,natalia_rincon,409,4,100,28,12,3,15,,exposed,kyp_ana,kyphosus_vaigiensis,1,18
cabo_corrientes,ronosa,11,2015,natalia_rincon,409,4,100,28,12,3,15,,exposed,lut_arg,lutjanus_argentiventris,1,35
cabo_corrientes,ronosa,11,2015,natalia_rincon,409,4,100,28,12,3,15,,exposed,mul_den,mulloidichthys_dentatus,1,35
cabo_corrientes,ronosa,11,2015,natalia_rincon,409,4,100,28,12,3,15,,exposed,myr_lei,myripristis_leiognathus,1,13
cabo_corrientes,ronosa,11,2015,natalia_rincon,409,4,100,28,12,3,15,,exposed,par_col,paranthias_colonus,15,3
cabo_corrientes,ronosa,11,2015,natalia_rincon,409,4,100,28,12,3,15,,exposed,pla_aza,plagiotremus_azaleus,3,3
cabo_corrientes,ronosa,11,2015,natalia_rincon,409,4,100,28,12,3,15,,exposed,ste_fla,stegastes_flavilatus,1,3
cabo_corrientes,ronosa,11,2015,natalia_rincon,409,4,100,28,12,3,15,,exposed,ste_fla,stegastes_flavilatus,2,8
cabo_corrientes,ronosa,11,2015,natalia_rincon,409,4,100,28,12,3,15,,exposed,ste_fla,stegastes_flavilatus,5,13
cabo_corrientes,ronosa,11,2015,natalia_rincon,409,4,100,28,12,3,15,,exposed,suf_ver,sufflamen_verres,1,13
cabo_corrientes,ronosa,11,2015,natalia_rincon,409,4,100,28,12,3,15,,exposed,suf_ver,sufflamen_verres,4,18
cabo_corrientes,ronosa,11,2015,natalia_rincon,409,4,100,28,12,3,15,,exposed,tha_luc,thalassoma_lucasanum,8,3
cabo_corrientes,ronosa,11,2015,natalia_rincon,410,4,100,28,10,3,15,,exposed,abu_tro,abudefduf_troschelii,8,13
cabo_corrientes,ronosa,11,2015,natalia_rincon,410,4,100,28,10,3,15,,exposed,aca_xan,acanthurus_xanthopterus,1,45
cabo_corrientes,ronosa,11,2015,natalia_rincon,410,4,100,28,10,3,15,,exposed,aro_mel,arothron_meleagris,1,25
cabo_corrientes,ronosa,11,2015,natalia_rincon,410,4,100,28,10,3,15,,exposed,can_pun,canthigaster_punctatissima,1,3
cabo_corrientes,ronosa,11,2015,natalia_rincon,410,4,100,28,10,3,15,,exposed,cha_hum,chaetodon_humeralis,1,8
cabo_corrientes,ronosa,11,2015,natalia_rincon,410,4,100,28,10,3,15,,exposed,cir_riv,cirrhitus_rivulatus,1,35
cabo_corrientes,ronosa,11,2015,natalia_rincon,410,4,100,28,10,3,15,,exposed,epi_lab,epinephelus_labriformis,1,35
cabo_corrientes,ronosa,11,2015,natalia_rincon,410,4,100,28,10,3,15,,exposed,hal_nic,halichoeres_nicholsi,1,3
cabo_corrientes,ronosa,11,2015,natalia_rincon,410,4,100,28,10,3,15,,exposed,hal_nic,halichoeres_nicholsi,2,13
cabo_corrientes,ronosa,11,2015,natalia_rincon,410,4,100,28,10,3,15,,exposed,hol_pas,holacanthus_passer,1,35
cabo_corrientes,ronosa,11,2015,natalia_rincon,410,4,100,28,10,3,15,,exposed,myr_lei,myripristis_leiognathus,1,13
cabo_corrientes,ronosa,11,2015,natalia_rincon,410,4,100,28,10,3,15,,exposed,ste_fla,stegastes_flavilatus,5,8
cabo_corrientes,ronosa,11,2015,natalia_rincon,410,4,100,28,10,3,15,,exposed,ste_fla,stegastes_flavilatus,5,13
cabo_corrientes,ronosa,11,2015,natalia_rincon,410,4,100,28,10,3,15,,exposed,suf_ver,sufflamen_verres,2,8
cabo_corrientes,ronosa,11,2015,natalia_rincon,410,4,100,28,10,3,15,,exposed,suf_ver,sufflamen_verres,1,18
cabo_corrientes,ronosa,11,2015,natalia_rincon,411,4,100,28,6,3,15,,exposed,abu_tro,abudefduf_troschelii,104,13
cabo_corrientes,ronosa,11,2015,natalia_rincon,411,4,100,28,6,3,15,,exposed,aca_nig,acanthurus_nigricans,2,18
cabo_corrientes,ronosa,11,2015,natalia_rincon,411,4,100,28,6,3,15,,exposed,aro_mel,arothron_meleagris,11,25
cabo_corrientes,ronosa,11,2015,natalia_rincon,411,4,100,28,6,3,15,,exposed,cep_pan,cephalopholis_panamensis,1,18
cabo_corrientes,ronosa,11,2015,natalia_rincon,411,4,100,28,6,3,15,,exposed,cha_hum,chaetodon_humeralis,1,8
cabo_corrientes,ronosa,11,2015,natalia_rincon,411,4,100,28,6,3,15,,exposed,cha_hum,chaetodon_humeralis,2,13
cabo_corrientes,ronosa,11,2015,natalia_rincon,411,4,100,28,6,3,15,,exposed,chr_atr,chromis_atrilobata,1060,3
cabo_corrientes,ronosa,11,2015,natalia_rincon,411,4,100,28,6,3,15,,exposed,epi_lab,epinephelus_labriformis,2,25
cabo_corrientes,ronosa,11,2015,natalia_rincon,411,4,100,28,6,3,15,,exposed,fis_com,fistularia_commersonii,1,55
cabo_corrientes,ronosa,11,2015,natalia_rincon,411,4,100,28,6,3,15,,exposed,hal_nic,halichoeres_nicholsi,1,13
cabo_corrientes,ronosa,11,2015,natalia_rincon,411,4,100,28,6,3,15,,exposed,hol_pas,holacanthus_passer,1,8
cabo_corrientes,ronosa,11,2015,natalia_rincon,411,4,100,28,6,3,15,,exposed,hol_pas,holacanthus_passer,19,13
cabo_corrientes,ronosa,11,2015,natalia_rincon,411,4,100,28,6,3,15,,exposed,joh_nig,johnrandallia_nigrirostris,2,8
cabo_corrientes,ronosa,11,2015,natalia_rincon,411,4,100,28,6,3,15,,exposed,joh_nig,johnrandallia_nigrirostris,1,13
cabo_corrientes,ronosa,11,2015,natalia_rincon,411,4,100,28,6,3,15,,exposed,lut_arg,lutjanus_argentiventris,1,35
cabo_corrientes,ronosa,11,2015,natalia_rincon,411,4,100,28,6,3,15,,exposed,mic_dor,microspathodon_dorsalis,2,8
cabo_corrientes,ronosa,11,2015,natalia_rincon,411,4,100,28,6,3,15,,exposed,mic_dor,microspathodon_dorsalis,2,18
cabo_corrientes,ronosa,11,2015,natalia_rincon,411,4,100,28,6,3,15,,exposed,mic_dor,microspathodon_dorsalis,1,25
cabo_corrientes,ronosa,11,2015,natalia_rincon,411,4,100,28,6,3,15,,exposed,myr_lei,myripristis_leiognathus,1,25
cabo_corrientes,ronosa,11,2015,natalia_rincon,411,4,100,28,6,3,15,,exposed,par_col,paranthias_colonus,7,8
cabo_corrientes,ronosa,11,2015,natalia_rincon,411,4,100,28,6,3,15,,exposed,pse_nau,pseudobalistes_naufragium,1,45
cabo_corrientes,ronosa,11,2015,natalia_rincon,411,4,100,28,6,3,15,,exposed,ste_fla,stegastes_flavilatus,1,8
cabo_corrientes,ronosa,11,2015,natalia_rincon,411,4,100,28,6,3,15,,exposed,suf_ver,sufflamen_verres,1,8
cabo_corrientes,ronosa,11,2015,natalia_rincon,411,4,100,28,6,3,15,,exposed,suf_ver,sufflamen_verres,2,18
cabo_corrientes,ronosa,11,2015,natalia_rincon,411,4,100,28,6,3,15,,exposed,tha_luc,thalassoma_lucasanum,21,3
cabo_corrientes,ronosa,11,2015,natalia_rincon,411,4,100,28,6,3,15,,exposed,zan_cor,zanclus_cornutus,2,13
cabo_corrientes,ronosa,11,2015,natalia_rincon,411,4,100,28,6,3,15,,exposed,pri_lat,prionurus_laticlavius,1,35
cabo_corrientes,ronosa,11,2015,natalia_rincon,411,4,100,28,6,3,15,,exposed,ani_cae,anisotremus_caesius,1,25
cabo_corrientes,punta_arusi,11,2015,luis_chasqui,412,10,100,28,6,2,15,,exposed,apo_pac,apogon_pacificus,3,3
cabo_corrientes,punta_arusi,11,2015,luis_chasqui,412,10,100,28,6,2,15,,exposed,aro_mel,arothron_meleagris,1,18
cabo_corrientes,punta_arusi,11,2015,luis_chasqui,412,10,100,28,6,2,15,,exposed,bod_dip,bodianus_diplotaenia,2,8
cabo_corrientes,punta_arusi,11,2015,luis_chasqui,412,10,100,28,6,2,15,,exposed,car_cab,caranx_caballus,30,25
cabo_corrientes,punta_arusi,11,2015,luis_chasqui,412,10,100,28,6,2,15,,exposed,cep_pan,cephalopholis_panamensis,3,18
cabo_corrientes,punta_arusi,11,2015,luis_chasqui,412,10,100,28,6,2,15,,exposed,chr_atr,chromis_atrilobata,100,3
cabo_corrientes,punta_arusi,11,2015,luis_chasqui,412,10,100,28,6,2,15,,exposed,cir_riv,cirrhitus_rivulatus,1,18
cabo_corrientes,punta_arusi,11,2015,luis_chasqui,412,10,100,28,6,2,15,,exposed,cir_riv,cirrhitus_rivulatus,1,25
cabo_corrientes,punta_arusi,11,2015,luis_chasqui,412,10,100,28,6,2,15,,exposed,epi_lab,epinephelus_labriformis,1,25
cabo_corrientes,punta_arusi,11,2015,luis_chasqui,412,10,100,28,6,2,15,,exposed,gym_cas,gymnothorax_castaneus,1,55
cabo_corrientes,punta_arusi,11,2015,luis_chasqui,412,10,100,28,6,2,15,,exposed,hae_ste,haemulon_steindachneri,10,13
cabo_corrientes,punta_arusi,11,2015,luis_chasqui,412,10,100,28,6,2,15,,exposed,hal_chi,halichoeres_chierchiae,1,13
cabo_corrientes,punta_arusi,11,2015,luis_chasqui,412,10,100,28,6,2,15,,exposed,hal_dis,halichoeres_dispilus,10,3
cabo_corrientes,punta_arusi,11,2015,luis_chasqui,412,10,100,28,6,2,15,,exposed,hol_pas,holacanthus_passer,1,8
cabo_corrientes,punta_arusi,11,2015,luis_chasqui,412,10,100,28,6,2,15,,exposed,hol_pas,holacanthus_passer,1,13
cabo_corrientes,punta_arusi,11,2015,luis_chasqui,412,10,100,28,6,2,15,,exposed,joh_nig,johnrandallia_nigrirostris,4,8
cabo_corrientes,punta_arusi,11,2015,luis_chasqui,412,10,100,28,6,2,15,,exposed,lut_arg,lutjanus_argentiventris,1,13
cabo_corrientes,punta_arusi,11,2015,luis_chasqui,412,10,100,28,6,2,15,,exposed,lut_arg,lutjanus_argentiventris,4,18
cabo_corrientes,punta_arusi,11,2015,luis_chasqui,412,10,100,28,6,2,15,,exposed,lut_gut,lutjanus_guttatus,15,13
cabo_corrientes,punta_arusi,11,2015,luis_chasqui,412,10,100,28,6,2,15,,exposed,mul_den,mulloidichthys_dentatus,2,18
cabo_corrientes,punta_arusi,11,2015,luis_chasqui,412,10,100,28,6,2,15,,exposed,par_col,paranthias_colonus,20,3
cabo_corrientes,punta_arusi,11,2015,luis_chasqui,412,10,100,28,6,2,15,,exposed,par_col,paranthias_colonus,14,13
cabo_corrientes,punta_arusi,11,2015,luis_chasqui,412,10,100,28,6,2,15,,exposed,pom_zon,pomacanthus_zonipectus,1,18
cabo_corrientes,punta_arusi,11,2015,luis_chasqui,412,10,100,28,6,2,15,,exposed,pse_nau,pseudobalistes_naufragium,1,18
cabo_corrientes,punta_arusi,11,2015,luis_chasqui,412,10,100,28,6,2,15,,exposed,ste_fla,stegastes_flavilatus,20,8
cabo_corrientes,punta_arusi,11,2015,luis_chasqui,412,10,100,28,6,2,15,,exposed,suf_ver,sufflamen_verres,1,8
cabo_corrientes,punta_arusi,11,2015,luis_chasqui,412,10,100,28,6,2,15,,exposed,suf_ver,sufflamen_verres,4,18
cabo_corrientes,punta_arusi,11,2015,luis_chasqui,412,10,100,28,6,2,15,,exposed,apo_dov,apogon_dovii,10,3
cabo_corrientes,punta_arusi,11,2015,luis_chasqui,413,10,100,28,15,2,10,,exposed,aro_his,arothron_hispidus,1,18
cabo_corrientes,punta_arusi,11,2015,luis_chasqui,413,10,100,28,15,2,10,,exposed,aro_his,arothron_hispidus,1,35
cabo_corrientes,punta_arusi,11,2015,luis_chasqui,413,10,100,28,15,2,10,,exposed,can_pun,canthigaster_punctatissima,1,3
cabo_corrientes,punta_arusi,11,2015,luis_chasqui,413,10,100,28,15,2,10,,exposed,cep_pan,cephalopholis_panamensis,1,8
cabo_corrientes,punta_arusi,11,2015,luis_chasqui,413,10,100,28,15,2,10,,exposed,cep_pan,cephalopholis_panamensis,2,13
cabo_corrientes,punta_arusi,11,2015,luis_chasqui,413,10,100,28,15,2,10,,exposed,chr_atr,chromis_atrilobata,20,3
cabo_corrientes,punta_arusi,11,2015,luis_chasqui,413,10,100,28,15,2,10,,exposed,epi_lab,epinephelus_labriformis,7,18
cabo_corrientes,punta_arusi,11,2015,luis_chasqui,413,10,100,28,15,2,10,,exposed,hol_pas,holacanthus_passer,1,18
cabo_corrientes,punta_arusi,11,2015,luis_chasqui,413,10,100,28,15,2,10,,exposed,joh_nig,johnrandallia_nigrirostris,2,8
cabo_corrientes,punta_arusi,11,2015,luis_chasqui,413,10,100,28,15,2,10,,exposed,lut_arg,lutjanus_argentiventris,3,25
cabo_corrientes,punta_arusi,11,2015,luis_chasqui,413,10,100,28,15,2,10,,exposed,mul_den,mulloidichthys_dentatus,3,25
cabo_corrientes,punta_arusi,11,2015,luis_chasqui,413,10,100,28,15,2,10,,exposed,myr_lei,myripristis_leiognathus,7,13
cabo_corrientes,punta_arusi,11,2015,luis_chasqui,413,10,100,28,15,2,10,,exposed,par_col,paranthias_colonus,2,13
cabo_corrientes,punta_arusi,11,2015,luis_chasqui,413,10,100,28,15,2,10,,exposed,pom_zon,pomacanthus_zonipectus,1,25
cabo_corrientes,punta_arusi,11,2015,luis_chasqui,413,10,100,28,15,2,10,,exposed,ste_fla,stegastes_flavilatus,20,8
cabo_corrientes,punta_arusi,11,2015,luis_chasqui,413,10,100,28,15,2,10,,exposed,suf_ver,sufflamen_verres,7,18
cabo_corrientes,punta_arusi,11,2015,luis_chasqui,414,10,100,28,7,2,10,,exposed,bod_dip,bodianus_diplotaenia,5,3
cabo_corrientes,punta_arusi,11,2015,luis_chasqui,414,10,100,28,7,2,10,,exposed,bod_dip,bodianus_diplotaenia,1,8
cabo_corrientes,punta_arusi,11,2015,luis_chasqui,414,10,100,28,7,2,10,,exposed,can_pun,canthigaster_punctatissima,7,3
cabo_corrientes,punta_arusi,11,2015,luis_chasqui,414,10,100,28,7,2,10,,exposed,car_cab,caranx_caballus,1,25
cabo_corrientes,punta_arusi,11,2015,luis_chasqui,414,10,100,28,7,2,10,,exposed,cep_pan,cephalopholis_panamensis,3,13
cabo_corrientes,punta_arusi,11,2015,luis_chasqui,414,10,100,28,7,2,10,,exposed,cep_pan,cephalopholis_panamensis,1,25
cabo_corrientes,punta_arusi,11,2015,luis_chasqui,414,10,100,28,7,2,10,,exposed,chr_atr,chromis_atrilobata,65,3
cabo_corrientes,punta_arusi,11,2015,luis_chasqui,414,10,100,28,7,2,10,,exposed,epi_lab,epinephelus_labriformis,1,13
cabo_corrientes,punta_arusi,11,2015,luis_chasqui,414,10,100,28,7,2,10,,exposed,gym_zeb,gymnomuraena_zebra,1,25
cabo_corrientes,punta_arusi,11,2015,luis_chasqui,414,10,100,28,7,2,10,,exposed,hal_not,halichoeres_notospilus,20,13
cabo_corrientes,punta_arusi,11,2015,luis_chasqui,414,10,100,28,7,2,10,,exposed,hol_pas,holacanthus_passer,1,8
cabo_corrientes,punta_arusi,11,2015,luis_chasqui,414,10,100,28,7,2,10,,exposed,joh_nig,johnrandallia_nigrirostris,5,3
cabo_corrientes,punta_arusi,11,2015,luis_chasqui,414,10,100,28,7,2,10,,exposed,lut_arg,lutjanus_argentiventris,1,18
cabo_corrientes,punta_arusi,11,2015,luis_chasqui,414,10,100,28,7,2,10,,exposed,mic_dor,microspathodon_dorsalis,1,8
cabo_corrientes,punta_arusi,11,2015,luis_chasqui,414,10,100,28,7,2,10,,exposed,mul_den,mulloidichthys_dentatus,12,13
cabo_corrientes,punta_arusi,11,2015,luis_chasqui,414,10,100,28,7,2,10,,exposed,myr_lei,myripristis_leiognathus,1,13
cabo_corrientes,punta_arusi,11,2015,luis_chasqui,414,10,100,28,7,2,10,,exposed,ste_fla,stegastes_flavilatus,21,8
cabo_corrientes,punta_arusi,11,2015,luis_chasqui,414,10,100,28,7,2,10,,exposed,suf_ver,sufflamen_verres,3,13
cabo_corrientes,punta_arusi,11,2015,luis_chasqui,414,10,100,28,7,2,10,,exposed,odo_xan,odontoscion_xanthops,17,13
cabo_corrientes,punta_arusi,11,2015,luis_chasqui,415,10,100,28,7,2,10,,exposed,abu_tro,abudefduf_troschelii,5,13
cabo_corrientes,punta_arusi,11,2015,luis_chasqui,415,10,100,28,7,2,10,,exposed,aca_xan,acanthurus_xanthopterus,1,25
cabo_corrientes,punta_arusi,11,2015,luis_chasqui,415,10,100,28,7,2,10,,exposed,alu_scr,aluterus_scriptus,1,45
cabo_corrientes,punta_arusi,11,2015,luis_chasqui,415,10,100,28,7,2,10,,exposed,bod_dip,bodianus_diplotaenia,1,8
cabo_corrientes,punta_arusi,11,2015,luis_chasqui,415,10,100,28,7,2,10,,exposed,can_pun,canthigaster_punctatissima,1,3
cabo_corrientes,punta_arusi,11,2015,luis_chasqui,415,10,100,28,7,2,10,,exposed,car_cab,caranx_caballus,10,25
cabo_corrientes,punta_arusi,11,2015,luis_chasqui,415,10,100,28,7,2,10,,exposed,cep_pan,cephalopholis_panamensis,2,13
cabo_corrientes,punta_arusi,11,2015,luis_chasqui,415,10,100,28,7,2,10,,exposed,cep_pan,cephalopholis_panamensis,1,18
cabo_corrientes,punta_arusi,11,2015,luis_chasqui,415,10,100,28,7,2,10,,exposed,chr_atr,chromis_atrilobata,75,3
cabo_corrientes,punta_arusi,11,2015,luis_chasqui,415,10,100,28,7,2,10,,exposed,cir_riv,cirrhitus_rivulatus,1,25
cabo_corrientes,punta_arusi,11,2015,luis_chasqui,415,10,100,28,7,2,10,,exposed,epi_lab,epinephelus_labriformis,2,18
cabo_corrientes,punta_arusi,11,2015,luis_chasqui,415,10,100,28,7,2,10,,exposed,epi_lab,epinephelus_labriformis,1,25
cabo_corrientes,punta_arusi,11,2015,luis_chasqui,415,10,100,28,7,2,10,,exposed,hal_not,halichoeres_notospilus,4,13
cabo_corrientes,punta_arusi,11,2015,luis_chasqui,415,10,100,28,7,2,10,,exposed,hol_pas,holacanthus_passer,1,13
cabo_corrientes,punta_arusi,11,2015,luis_chasqui,415,10,100,28,7,2,10,,exposed,joh_nig,johnrandallia_nigrirostris,52,8
cabo_corrientes,punta_arusi,11,2015,luis_chasqui,415,10,100,28,7,2,10,,exposed,myr_lei,myripristis_leiognathus,3,13
cabo_corrientes,punta_arusi,11,2015,luis_chasqui,415,10,100,28,7,2,10,,exposed,pri_lat,prionurus_laticlavius,1,25
cabo_corrientes,punta_arusi,11,2015,luis_chasqui,415,10,100,28,7,2,10,,exposed,sar_sub,sargocentron_suborbitalis,1,13
cabo_corrientes,punta_arusi,11,2015,luis_chasqui,415,10,100,28,7,2,10,,exposed,sar_sub,sargocentron_suborbitalis,4,18
cabo_corrientes,punta_arusi,11,2015,luis_chasqui,415,10,100,28,7,2,10,,exposed,sca_per,scarus_perrico,31,25
cabo_corrientes,punta_arusi,11,2015,luis_chasqui,415,10,100,28,7,2,10,,exposed,sca_per,scarus_perrico,2,45
cabo_corrientes,punta_arusi,11,2015,luis_chasqui,415,10,100,28,7,2,10,,exposed,ste_fla,stegastes_flavilatus,35,8
cabo_corrientes,punta_arusi,11,2015,luis_chasqui,415,10,100,28,7,2,10,,exposed,suf_ver,sufflamen_verres,3,8
cabo_corrientes,punta_arusi,11,2015,luis_chasqui,415,10,100,28,7,2,10,,exposed,suf_ver,sufflamen_verres,3,13
cabo_corrientes,punta_arusi,11,2015,luis_chasqui,415,10,100,28,7,2,10,,exposed,apo_dov,apogon_dovii,4,3
cabo_corrientes,punta_arusi,11,2015,luis_chasqui,415,10,100,28,7,2,10,,exposed,odo_xan,odontoscion_xanthops,4,13
cabo_corrientes,punta_arusi,11,2015,natalia_rincon,416,10,100,28,14,2,10,,exposed,bod_dip,bodianus_diplotaenia,1,13
cabo_corrientes,punta_arusi,11,2015,natalia_rincon,416,10,100,28,14,2,10,,exposed,can_pun,canthigaster_punctatissima,1,3
cabo_corrientes,punta_arusi,11,2015,natalia_rincon,416,10,100,28,14,2,10,,exposed,cep_pan,cephalopholis_panamensis,1,18
cabo_corrientes,punta_arusi,11,2015,natalia_rincon,416,10,100,28,14,2,10,,exposed,cha_hum,chaetodon_humeralis,2,8
cabo_corrientes,punta_arusi,11,2015,natalia_rincon,416,10,100,28,14,2,10,,exposed,chr_atr,chromis_atrilobata,24,3
cabo_corrientes,punta_arusi,11,2015,natalia_rincon,416,10,100,28,14,2,10,,exposed,epi_lab,epinephelus_labriformis,2,25
cabo_corrientes,punta_arusi,11,2015,natalia_rincon,416,10,100,28,14,2,10,,exposed,epi_lab,epinephelus_labriformis,1,35
cabo_corrientes,punta_arusi,11,2015,natalia_rincon,416,10,100,28,14,2,10,,exposed,joh_nig,johnrandallia_nigrirostris,7,8
cabo_corrientes,punta_arusi,11,2015,natalia_rincon,416,10,100,28,14,2,10,,exposed,lut_arg,lutjanus_argentiventris,1,18
cabo_corrientes,punta_arusi,11,2015,natalia_rincon,416,10,100,28,14,2,10,,exposed,lut_arg,lutjanus_argentiventris,1,25
cabo_corrientes,punta_arusi,11,2015,natalia_rincon,416,10,100,28,14,2,10,,exposed,mul_den,mulloidichthys_dentatus,1,25
cabo_corrientes,punta_arusi,11,2015,natalia_rincon,416,10,100,28,14,2,10,,exposed,par_col,paranthias_colonus,1,8
cabo_corrientes,punta_arusi,11,2015,natalia_rincon,416,10,100,28,14,2,10,,exposed,sca_per,scarus_perrico,1,45
cabo_corrientes,punta_arusi,11,2015,natalia_rincon,416,10,100,28,14,2,10,,exposed,ste_fla,stegastes_flavilatus,3,8
cabo_corrientes,punta_arusi,11,2015,natalia_rincon,416,10,100,28,14,2,10,,exposed,suf_ver,sufflamen_verres,2,13
cabo_corrientes,punta_arusi,11,2015,natalia_rincon,416,10,100,28,14,2,10,,exposed,suf_ver,sufflamen_verres,10,25
cabo_corrientes,punta_arusi,11,2015,natalia_rincon,417,10,100,28,12,2,10,,exposed,abu_tro,abudefduf_troschelii,1,13
cabo_corrientes,punta_arusi,11,2015,natalia_rincon,417,10,100,28,12,2,10,,exposed,bod_dip,bodianus_diplotaenia,1,25
cabo_corrientes,punta_arusi,11,2015,natalia_rincon,417,10,100,28,12,2,10,,exposed,cha_hum,chaetodon_humeralis,1,8
cabo_corrientes,punta_arusi,11,2015,natalia_rincon,417,10,100,28,12,2,10,,exposed,chr_atr,chromis_atrilobata,1,3
cabo_corrientes,punta_arusi,11,2015,natalia_rincon,417,10,100,28,12,2,10,,exposed,epi_lab,epinephelus_labriformis,1,13
cabo_corrientes,punta_arusi,11,2015,natalia_rincon,417,10,100,28,12,2,10,,exposed,epi_lab,epinephelus_labriformis,1,35
cabo_corrientes,punta_arusi,11,2015,natalia_rincon,417,10,100,28,12,2,10,,exposed,hal_dis,halichoeres_dispilus,3,3
cabo_corrientes,punta_arusi,11,2015,natalia_rincon,417,10,100,28,12,2,10,,exposed,lut_arg,lutjanus_argentiventris,6,25
cabo_corrientes,punta_arusi,11,2015,natalia_rincon,417,10,100,28,12,2,10,,exposed,sca_per,scarus_perrico,1,45
cabo_corrientes,punta_arusi,11,2015,natalia_rincon,417,10,100,28,12,2,10,,exposed,ste_fla,stegastes_flavilatus,8,8
cabo_corrientes,punta_arusi,11,2015,natalia_rincon,417,10,100,28,12,2,10,,exposed,ste_fla,stegastes_flavilatus,7,13
cabo_corrientes,punta_arusi,11,2015,natalia_rincon,417,10,100,28,12,2,10,,exposed,suf_ver,sufflamen_verres,4,13
cabo_corrientes,punta_arusi,11,2015,natalia_rincon,417,10,100,28,12,2,10,,exposed,suf_ver,sufflamen_verres,2,18
cabo_corrientes,punta_arusi,11,2015,natalia_rincon,417,10,100,28,12,2,10,,exposed,apo_dov,apogon_dovii,10,3
cabo_corrientes,punta_arusi,11,2015,natalia_rincon,417,10,100,28,12,2,10,,exposed,apo_dov,apogon_dovii,2,3
cabo_corrientes,punta_arusi,11,2015,natalia_rincon,418,10,100,28,5,2,10,,exposed,aro_mel,arothron_meleagris,2,35
cabo_corrientes,punta_arusi,11,2015,natalia_rincon,418,10,100,28,5,2,10,,exposed,bod_dip,bodianus_diplotaenia,1,18
cabo_corrientes,punta_arusi,11,2015,natalia_rincon,418,10,100,28,5,2,10,,exposed,cep_pan,cephalopholis_panamensis,3,25
cabo_corrientes,punta_arusi,11,2015,natalia_rincon,418,10,100,28,5,2,10,,exposed,chr_atr,chromis_atrilobata,22,3
cabo_corrientes,punta_arusi,11,2015,natalia_rincon,418,10,100,28,5,2,10,,exposed,cir_riv,cirrhitus_rivulatus,1,25
cabo_corrientes,punta_arusi,11,2015,natalia_rincon,418,10,100,28,5,2,10,,exposed,epi_lab,epinephelus_labriformis,1,25
cabo_corrientes,punta_arusi,11,2015,natalia_rincon,418,10,100,28,5,2,10,,exposed,hal_dis,halichoeres_dispilus,1,3
cabo_corrientes,punta_arusi,11,2015,natalia_rincon,418,10,100,28,5,2,10,,exposed,hal_not,halichoeres_notospilus,6,13
cabo_corrientes,punta_arusi,11,2015,natalia_rincon,418,10,100,28,5,2,10,,exposed,mic_dor,microspathodon_dorsalis,6,13
cabo_corrientes,punta_arusi,11,2015,natalia_rincon,418,10,100,28,5,2,10,,exposed,myr_lei,myripristis_leiognathus,1,13
cabo_corrientes,punta_arusi,11,2015,natalia_rincon,418,10,100,28,5,2,10,,exposed,sca_per,scarus_perrico,1,45
cabo_corrientes,punta_arusi,11,2015,natalia_rincon,418,10,100,28,5,2,10,,exposed,ste_aca,stegastes_acapulcoensis,4,13
cabo_corrientes,punta_arusi,11,2015,natalia_rincon,418,10,100,28,5,2,10,,exposed,ste_fla,stegastes_flavilatus,6,6
cabo_corrientes,punta_arusi,11,2015,natalia_rincon,418,10,100,28,5,2,10,,exposed,ste_fla,stegastes_flavilatus,15,13
cabo_corrientes,punta_arusi,11,2015,natalia_rincon,418,10,100,28,5,2,10,,exposed,tha_luc,thalassoma_lucasanum,50,3
cabo_corrientes,punta_arusi,11,2015,natalia_rincon,418,10,100,28,5,2,10,,exposed,tra_rho,trachinotus_rhodopus,3,25
cabo_corrientes,punta_arusi,11,2015,natalia_rincon,418,10,100,28,5,2,10,,exposed,apo_pac,apogon_pacificus,20,3
cupica,parguera_cup,11,2015,luis_chasqui,419,15,100,28,15,2,10,,exposed,aro_mel,arothron_meleagris,1,18
cupica,parguera_cup,11,2015,luis_chasqui,419,15,100,28,15,2,10,,exposed,aro_mel,arothron_meleagris,1,25
cupica,parguera_cup,11,2015,luis_chasqui,419,15,100,28,15,2,10,,exposed,bod_dip,bodianus_diplotaenia,20,3
cupica,parguera_cup,11,2015,luis_chasqui,419,15,100,28,15,2,10,,exposed,can_pun,canthigaster_punctatissima,3,3
cupica,parguera_cup,11,2015,luis_chasqui,419,15,100,28,15,2,10,,exposed,cep_pan,cephalopholis_panamensis,3,13
cupica,parguera_cup,11,2015,luis_chasqui,419,15,100,28,15,2,10,,exposed,chr_atr,chromis_atrilobata,50,3
cupica,parguera_cup,11,2015,luis_chasqui,419,15,100,28,15,2,10,,exposed,epi_lab,epinephelus_labriformis,2,18
cupica,parguera_cup,11,2015,luis_chasqui,419,15,100,28,15,2,10,,exposed,hal_dis,halichoeres_dispilus,2,3
cupica,parguera_cup,11,2015,luis_chasqui,419,15,100,28,15,2,10,,exposed,hol_pas,holacanthus_passer,2,8
cupica,parguera_cup,11,2015,luis_chasqui,419,15,100,28,15,2,10,,exposed,hol_pas,holacanthus_passer,1,13
cupica,parguera_cup,11,2015,luis_chasqui,419,15,100,28,15,2,10,,exposed,ste_fla,stegastes_flavilatus,10,8
cupica,parguera_cup,11,2015,luis_chasqui,419,15,100,28,15,2,10,,exposed,suf_ver,sufflamen_verres,1,8
cupica,parguera_cup,11,2015,luis_chasqui,419,15,100,28,15,2,10,,exposed,suf_ver,sufflamen_verres,1,13
cupica,parguera_cup,11,2015,luis_chasqui,419,15,100,28,15,2,10,,exposed,suf_ver,sufflamen_verres,1,25
cupica,parguera_cup,11,2015,luis_chasqui,420,15,100,28,15,2,10,,exposed,aro_mel,arothron_meleagris,1,13
cupica,parguera_cup,11,2015,luis_chasqui,420,15,100,28,15,2,10,,exposed,bod_dip,bodianus_diplotaenia,2,8
cupica,parguera_cup,11,2015,luis_chasqui,420,15,100,28,15,2,10,,exposed,bod_dip,bodianus_diplotaenia,3,13
cupica,parguera_cup,11,2015,luis_chasqui,420,15,100,28,15,2,10,,exposed,cep_pan,cephalopholis_panamensis,10,13
cupica,parguera_cup,11,2015,luis_chasqui,420,15,100,28,15,2,10,,exposed,chr_atr,chromis_atrilobata,10,3
cupica,parguera_cup,11,2015,luis_chasqui,420,15,100,28,15,2,10,,exposed,dio_hys,diodon_hystrix,1,25
cupica,parguera_cup,11,2015,luis_chasqui,420,15,100,28,15,2,10,,exposed,epi_lab,epinephelus_labriformis,1,18
cupica,parguera_cup,11,2015,luis_chasqui,420,15,100,28,15,2,10,,exposed,hal_dis,halichoeres_dispilus,2,13
cupica,parguera_cup,11,2015,luis_chasqui,420,15,100,28,15,2,10,,exposed,hol_pas,holacanthus_passer,1,8
cupica,parguera_cup,11,2015,luis_chasqui,420,15,100,28,15,2,10,,exposed,hol_pas,holacanthus_passer,3,13
cupica,parguera_cup,11,2015,luis_chasqui,420,15,100,28,15,2,10,,exposed,myr_lei,myripristis_leiognathus,1,13
cupica,parguera_cup,11,2015,luis_chasqui,420,15,100,28,15,2,10,,exposed,par_col,paranthias_colonus,1,13
cupica,parguera_cup,11,2015,luis_chasqui,420,15,100,28,15,2,10,,exposed,pla_aza,plagiotremus_azaleus,2,3
cupica,parguera_cup,11,2015,luis_chasqui,420,15,100,28,15,2,10,,exposed,ste_fla,stegastes_flavilatus,15,8
cupica,parguera_cup,11,2015,luis_chasqui,420,15,100,28,15,2,10,,exposed,suf_ver,sufflamen_verres,9,13
cupica,parguera_cup,11,2015,luis_chasqui,420,15,100,28,15,2,10,,exposed,suf_ver,sufflamen_verres,2,18
cupica,parguera_cup,11,2015,luis_chasqui,420,15,100,28,15,2,10,,exposed,tha_luc,thalassoma_lucasanum,10,3
cupica,parguera_cup,11,2015,luis_chasqui,421,15,100,28,10,2,10,,exposed,abu_tro,abudefduf_troschelii,7,8
cupica,parguera_cup,11,2015,luis_chasqui,421,15,100,28,10,2,10,,exposed,aro_mel,arothron_meleagris,2,18
cupica,parguera_cup,11,2015,luis_chasqui,421,15,100,28,10,2,10,,exposed,bod_dip,bodianus_diplotaenia,2,8
cupica,parguera_cup,11,2015,luis_chasqui,421,15,100,28,10,2,10,,exposed,bod_dip,bodianus_diplotaenia,3,18
cupica,parguera_cup,11,2015,luis_chasqui,421,15,100,28,10,2,10,,exposed,can_pun,canthigaster_punctatissima,3,3
cupica,parguera_cup,11,2015,luis_chasqui,421,15,100,28,10,2,10,,exposed,cep_pan,cephalopholis_panamensis,3,13
cupica,parguera_cup,11,2015,luis_chasqui,421,15,100,28,10,2,10,,exposed,cep_pan,cephalopholis_panamensis,4,18
cupica,parguera_cup,11,2015,luis_chasqui,421,15,100,28,10,2,10,,exposed,chr_atr,chromis_atrilobata,30,3
cupica,parguera_cup,11,2015,luis_chasqui,421,15,100,28,10,2,10,,exposed,chr_atr,chromis_atrilobata,50,8
cupica,parguera_cup,11,2015,luis_chasqui,421,15,100,28,10,2,10,,exposed,cir_oxy,cirrhitichthys_oxycephalus,1,3
cupica,parguera_cup,11,2015,luis_chasqui,421,15,100,28,10,2,10,,exposed,cir_riv,cirrhitus_rivulatus,1,18
cupica,parguera_cup,11,2015,luis_chasqui,421,15,100,28,10,2,10,,exposed,epi_lab,epinephelus_labriformis,3,13
cupica,parguera_cup,11,2015,luis_chasqui,421,15,100,28,10,2,10,,exposed,epi_lab,epinephelus_labriformis,2,18
cupica,parguera_cup,11,2015,luis_chasqui,421,15,100,28,10,2,10,,exposed,hal_nic,halichoeres_nicholsi,2,8
cupica,parguera_cup,11,2015,luis_chasqui,421,15,100,28,10,2,10,,exposed,hol_pas,holacanthus_passer,5,8
cupica,parguera_cup,11,2015,luis_chasqui,421,15,100,28,10,2,10,,exposed,hol_pas,holacanthus_passer,3,13
cupica,parguera_cup,11,2015,luis_chasqui,421,15,100,28,10,2,10,,exposed,joh_nig,johnrandallia_nigrirostris,2,3
cupica,parguera_cup,11,2015,luis_chasqui,421,15,100,28,10,2,10,,exposed,kyp_ana,kyphosus_vaigiensis,1,18
cupica,parguera_cup,11,2015,luis_chasqui,421,15,100,28,10,2,10,,exposed,mic_dor,microspathodon_dorsalis,2,13
cupica,parguera_cup,11,2015,luis_chasqui,421,15,100,28,10,2,10,,exposed,myr_lei,myripristis_leiognathus,6,13
cupica,parguera_cup,11,2015,luis_chasqui,421,15,100,28,10,2,10,,exposed,ste_fla,stegastes_flavilatus,15,8
cupica,parguera_cup,11,2015,luis_chasqui,421,15,100,28,10,2,10,,exposed,suf_ver,sufflamen_verres,5,8
cupica,parguera_cup,11,2015,luis_chasqui,421,15,100,28,10,2,10,,exposed,suf_ver,sufflamen_verres,7,18
cupica,parguera_cup,11,2015,luis_chasqui,421,15,100,28,10,2,10,,exposed,tha_luc,thalassoma_lucasanum,70,3
cupica,parguera_cup,11,2015,luis_chasqui,422,15,100,28,10,2,10,,exposed,aro_mel,arothron_meleagris,1,8
cupica,parguera_cup,11,2015,luis_chasqui,422,15,100,28,10,2,10,,exposed,bod_dip,bodianus_diplotaenia,2,3
cupica,parguera_cup,11,2015,luis_chasqui,422,15,100,28,10,2,10,,exposed,bod_dip,bodianus_diplotaenia,1,8
cupica,parguera_cup,11,2015,luis_chasqui,422,15,100,28,10,2,10,,exposed,bod_dip,bodianus_diplotaenia,3,13
cupica,parguera_cup,11,2015,luis_chasqui,422,15,100,28,10,2,10,,exposed,can_pun,canthigaster_punctatissima,4,3
cupica,parguera_cup,11,2015,luis_chasqui,422,15,100,28,10,2,10,,exposed,cep_pan,cephalopholis_panamensis,9,13
cupica,parguera_cup,11,2015,luis_chasqui,422,15,100,28,10,2,10,,exposed,cep_pan,cephalopholis_panamensis,3,18
cupica,parguera_cup,11,2015,luis_chasqui,422,15,100,28,10,2,10,,exposed,chr_atr,chromis_atrilobata,40,3
cupica,parguera_cup,11,2015,luis_chasqui,422,15,100,28,10,2,10,,exposed,cir_oxy,cirrhitichthys_oxycephalus,1,3
cupica,parguera_cup,11,2015,luis_chasqui,422,15,100,28,10,2,10,,exposed,epi_lab,epinephelus_labriformis,8,13
cupica,parguera_cup,11,2015,luis_chasqui,422,15,100,28,10,2,10,,exposed,epi_lab,epinephelus_labriformis,3,18
cupica,parguera_cup,11,2015,luis_chasqui,422,15,100,28,10,2,10,,exposed,hal_dis,halichoeres_dispilus,10,3
cupica,parguera_cup,11,2015,luis_chasqui,422,15,100,28,10,2,10,,exposed,hal_nic,halichoeres_nicholsi,1,13
cupica,parguera_cup,11,2015,luis_chasqui,422,15,100,28,10,2,10,,exposed,hol_pas,holacanthus_passer,1,8
cupica,parguera_cup,11,2015,luis_chasqui,422,15,100,28,10,2,10,,exposed,hol_pas,holacanthus_passer,6,13
cupica,parguera_cup,11,2015,luis_chasqui,422,15,100,28,10,2,10,,exposed,joh_nig,johnrandallia_nigrirostris,2,8
cupica,parguera_cup,11,2015,luis_chasqui,422,15,100,28,10,2,10,,exposed,mic_dor,microspathodon_dorsalis,3,13
cupica,parguera_cup,11,2015,luis_chasqui,422,15,100,28,10,2,10,,exposed,myr_lei,myripristis_leiognathus,1,13
cupica,parguera_cup,11,2015,luis_chasqui,422,15,100,28,10,2,10,,exposed,par_col,paranthias_colonus,2,3
cupica,parguera_cup,11,2015,luis_chasqui,422,15,100,28,10,2,10,,exposed,par_col,paranthias_colonus,2,13
cupica,parguera_cup,11,2015,luis_chasqui,422,15,100,28,10,2,10,,exposed,pla_aza,plagiotremus_azaleus,1,3
cupica,parguera_cup,11,2015,luis_chasqui,422,15,100,28,10,2,10,,exposed,pse_nau,pseudobalistes_naufragium,1,18
cupica,parguera_cup,11,2015,luis_chasqui,422,15,100,28,10,2,10,,exposed,ste_fla,stegastes_flavilatus,30,8
cupica,parguera_cup,11,2015,luis_chasqui,422,15,100,28,10,2,10,,exposed,suf_ver,sufflamen_verres,1,8
cupica,parguera_cup,11,2015,luis_chasqui,422,15,100,28,10,2,10,,exposed,suf_ver,sufflamen_verres,1,13
cupica,parguera_cup,11,2015,luis_chasqui,422,15,100,28,10,2,10,,exposed,tha_luc,thalassoma_lucasanum,130,3
cupica,parguera_cup,11,2015,luis_chasqui,422,15,100,28,10,2,10,,exposed,pri_lat,prionurus_laticlavius,4,18
cupica,parguera_cup,11,2015,natalia_rincon,423,15,100,28,14,2,15,,exposed,abu_tro,abudefduf_troschelii,6,13
cupica,parguera_cup,11,2015,natalia_rincon,423,15,100,28,14,2,15,,exposed,bod_dip,bodianus_diplotaenia,1,3
cupica,parguera_cup,11,2015,natalia_rincon,423,15,100,28,14,2,15,,exposed,bod_dip,bodianus_diplotaenia,2,25
cupica,parguera_cup,11,2015,natalia_rincon,423,15,100,28,14,2,15,,exposed,cep_pan,cephalopholis_panamensis,3,25
cupica,parguera_cup,11,2015,natalia_rincon,423,15,100,28,14,2,15,,exposed,cha_hum,chaetodon_humeralis,2,8
cupica,parguera_cup,11,2015,natalia_rincon,423,15,100,28,14,2,15,,exposed,chr_atr,chromis_atrilobata,60,3
cupica,parguera_cup,11,2015,natalia_rincon,423,15,100,28,14,2,15,,exposed,chr_atr,chromis_atrilobata,30,8
cupica,parguera_cup,11,2015,natalia_rincon,423,15,100,28,14,2,15,,exposed,epi_lab,epinephelus_labriformis,2,18
cupica,parguera_cup,11,2015,natalia_rincon,423,15,100,28,14,2,15,,exposed,epi_lab,epinephelus_labriformis,1,35
cupica,parguera_cup,11,2015,natalia_rincon,423,15,100,28,14,2,15,,exposed,hol_pas,holacanthus_passer,2,13
cupica,parguera_cup,11,2015,natalia_rincon,423,15,100,28,14,2,15,,exposed,hol_pas,holacanthus_passer,1,18
cupica,parguera_cup,11,2015,natalia_rincon,423,15,100,28,14,2,15,,exposed,joh_nig,johnrandallia_nigrirostris,17,8
cupica,parguera_cup,11,2015,natalia_rincon,423,15,100,28,14,2,15,,exposed,myr_lei,myripristis_leiognathus,3,13
cupica,parguera_cup,11,2015,natalia_rincon,423,15,100,28,14,2,15,,exposed,ost_mel,ostracion_meleagris,1,13
cupica,parguera_cup,11,2015,natalia_rincon,423,15,100,28,14,2,15,,exposed,par_col,paranthias_colonus,20,13
cupica,parguera_cup,11,2015,natalia_rincon,423,15,100,28,14,2,15,,exposed,par_col,paranthias_colonus,4,25
cupica,parguera_cup,11,2015,natalia_rincon,423,15,100,28,14,2,15,,exposed,ste_fla,stegastes_flavilatus,3,8
cupica,parguera_cup,11,2015,natalia_rincon,423,15,100,28,14,2,15,,exposed,suf_ver,sufflamen_verres,2,8
cupica,parguera_cup,11,2015,natalia_rincon,423,15,100,28,14,2,15,,exposed,suf_ver,sufflamen_verres,9,18
cupica,parguera_cup,11,2015,natalia_rincon,423,15,100,28,14,2,15,,exposed,pri_lat,prionurus_laticlavius,3,25
cupica,parguera_cup,11,2015,natalia_rincon,424,15,100,28,12,2,15,,exposed,bod_dip,bodianus_diplotaenia,1,18
cupica,parguera_cup,11,2015,natalia_rincon,424,15,100,28,12,2,15,,exposed,can_pun,canthigaster_punctatissima,2,3
cupica,parguera_cup,11,2015,natalia_rincon,424,15,100,28,12,2,15,,exposed,cep_pan,cephalopholis_panamensis,2,25
cupica,parguera_cup,11,2015,natalia_rincon,424,15,100,28,12,2,15,,exposed,cep_pan,cephalopholis_panamensis,1,35
cupica,parguera_cup,11,2015,natalia_rincon,424,15,100,28,12,2,15,,exposed,chr_atr,chromis_atrilobata,130,3
cupica,parguera_cup,11,2015,natalia_rincon,424,15,100,28,12,2,15,,exposed,chr_atr,chromis_atrilobata,55,8
cupica,parguera_cup,11,2015,natalia_rincon,424,15,100,28,12,2,15,,exposed,epi_lab,epinephelus_labriformis,1,25
cupica,parguera_cup,11,2015,natalia_rincon,424,15,100,28,12,2,15,,exposed,epi_lab,epinephelus_labriformis,1,35
cupica,parguera_cup,11,2015,natalia_rincon,424,15,100,28,12,2,15,,exposed,gym_cas,gymnothorax_castaneus,1,95
cupica,parguera_cup,11,2015,natalia_rincon,424,15,100,28,12,2,15,,exposed,hol_pas,holacanthus_passer,1,8
cupica,parguera_cup,11,2015,natalia_rincon,424,15,100,28,12,2,15,,exposed,hol_pas,holacanthus_passer,19,13
cupica,parguera_cup,11,2015,natalia_rincon,424,15,100,28,12,2,15,,exposed,joh_nig,johnrandallia_nigrirostris,1,8
cupica,parguera_cup,11,2015,natalia_rincon,424,15,100,28,12,2,15,,exposed,myr_lei,myripristis_leiognathus,2,13
cupica,parguera_cup,11,2015,natalia_rincon,424,15,100,28,12,2,15,,exposed,par_col,paranthias_colonus,31,25
cupica,parguera_cup,11,2015,natalia_rincon,424,15,100,28,12,2,15,,exposed,pse_nau,pseudobalistes_naufragium,1,45
cupica,parguera_cup,11,2015,natalia_rincon,424,15,100,28,12,2,15,,exposed,suf_ver,sufflamen_verres,1,13
cupica,parguera_cup,11,2015,natalia_rincon,424,15,100,28,12,2,15,,exposed,ani_tae,anisotremus_taeniatus,1,25
cupica,parguera_cup,11,2015,natalia_rincon,425,15,100,28,11,2,15,,exposed,aro_mel,arothron_meleagris,1,35
cupica,parguera_cup,11,2015,natalia_rincon,425,15,100,28,11,2,15,,exposed,bod_dip,bodianus_diplotaenia,1,13
cupica,parguera_cup,11,2015,natalia_rincon,425,15,100,28,11,2,15,,exposed,bod_dip,bodianus_diplotaenia,2,45
cupica,parguera_cup,11,2015,natalia_rincon,425,15,100,28,11,2,15,,exposed,car_can,caranx_caninus,1,55
cupica,parguera_cup,11,2015,natalia_rincon,425,15,100,28,11,2,15,,exposed,cep_pan,cephalopholis_panamensis,2,25
cupica,parguera_cup,11,2015,natalia_rincon,425,15,100,28,11,2,15,,exposed,chr_atr,chromis_atrilobata,50,3
cupica,parguera_cup,11,2015,natalia_rincon,425,15,100,28,11,2,15,,exposed,cir_riv,cirrhitus_rivulatus,1,25
cupica,parguera_cup,11,2015,natalia_rincon,425,15,100,28,11,2,15,,exposed,epi_lab,epinephelus_labriformis,1,25
cupica,parguera_cup,11,2015,natalia_rincon,425,15,100,28,11,2,15,,exposed,hol_pas,holacanthus_passer,3,13
cupica,parguera_cup,11,2015,natalia_rincon,425,15,100,28,11,2,15,,exposed,joh_nig,johnrandallia_nigrirostris,42,13
cupica,parguera_cup,11,2015,natalia_rincon,425,15,100,28,11,2,15,,exposed,mal_ebi,malacoctenus_ebisui,1,3
cupica,parguera_cup,11,2015,natalia_rincon,425,15,100,28,11,2,15,,exposed,mic_dor,microspathodon_dorsalis,1,13
cupica,parguera_cup,11,2015,natalia_rincon,425,15,100,28,11,2,15,,exposed,mul_den,mulloidichthys_dentatus,2,35
cupica,parguera_cup,11,2015,natalia_rincon,425,15,100,28,11,2,15,,exposed,par_col,paranthias_colonus,100,8
cupica,parguera_cup,11,2015,natalia_rincon,425,15,100,28,11,2,15,,exposed,par_col,paranthias_colonus,8,13
cupica,parguera_cup,11,2015,natalia_rincon,425,15,100,28,11,2,15,,exposed,par_col,paranthias_colonus,62,25
cupica,parguera_cup,11,2015,natalia_rincon,425,15,100,28,11,2,15,,exposed,sec_ocy,kyphosus_ocyurus,15,35
cupica,parguera_cup,11,2015,natalia_rincon,425,15,100,28,11,2,15,,exposed,ste_fla,stegastes_flavilatus,2,8
cupica,parguera_cup,11,2015,natalia_rincon,425,15,100,28,11,2,15,,exposed,ste_fla,stegastes_flavilatus,6,13
cupica,parguera_cup,11,2015,natalia_rincon,425,15,100,28,11,2,15,,exposed,suf_ver,sufflamen_verres,6,8
cupica,parguera_cup,11,2015,natalia_rincon,425,15,100,28,11,2,15,,exposed,suf_ver,sufflamen_verres,1,18
cupica,parguera_cup,11,2015,natalia_rincon,425,15,100,28,11,2,15,,exposed,suf_ver,sufflamen_verres,1,35
cupica,parguera_cup,11,2015,natalia_rincon,425,15,100,28,11,2,15,,exposed,tha_luc,thalassoma_lucasanum,13,3
cupica,piedra_lalo,11,2015,luis_chasqui,426,21,100,28,17,2,15,,exposed,bod_dip,bodianus_diplotaenia,1,13
cupica,piedra_lalo,11,2015,luis_chasqui,426,21,100,28,17,2,15,,exposed,bod_dip,bodianus_diplotaenia,1,18
cupica,piedra_lalo,11,2015,luis_chasqui,426,21,100,28,17,2,15,,exposed,car_cab,caranx_caballus,100,25
cupica,piedra_lalo,11,2015,luis_chasqui,426,21,100,28,17,2,15,,exposed,cep_pan,cephalopholis_panamensis,4,18
cupica,piedra_lalo,11,2015,luis_chasqui,426,21,100,28,17,2,15,,exposed,cha_hum,chaetodon_humeralis,1,8
cupica,piedra_lalo,11,2015,luis_chasqui,426,21,100,28,17,2,15,,exposed,epi_lab,epinephelus_labriformis,5,18
cupica,piedra_lalo,11,2015,luis_chasqui,426,21,100,28,17,2,15,,exposed,hol_pas,holacanthus_passer,9,13
cupica,piedra_lalo,11,2015,luis_chasqui,426,21,100,28,17,2,15,,exposed,joh_nig,johnrandallia_nigrirostris,7,8
cupica,piedra_lalo,11,2015,luis_chasqui,426,21,100,28,17,2,15,,exposed,lut_arg,lutjanus_argentiventris,1,35
cupica,piedra_lalo,11,2015,luis_chasqui,426,21,100,28,17,2,15,,exposed,lut_nov,lutjanus_novemfasciatus,1,55
cupica,piedra_lalo,11,2015,luis_chasqui,426,21,100,28,17,2,15,,exposed,par_col,paranthias_colonus,40,13
cupica,piedra_lalo,11,2015,luis_chasqui,426,21,100,28,17,2,15,,exposed,par_col,paranthias_colonus,50,18
cupica,piedra_lalo,11,2015,luis_chasqui,426,21,100,28,17,2,15,,exposed,pse_nau,pseudobalistes_naufragium,3,25
cupica,piedra_lalo,11,2015,luis_chasqui,426,21,100,28,17,2,15,,exposed,sca_rub,scarus_rubroviolaceus,1,25
cupica,piedra_lalo,11,2015,luis_chasqui,426,21,100,28,17,2,15,,exposed,ste_fla,stegastes_flavilatus,3,3
cupica,piedra_lalo,11,2015,luis_chasqui,426,21,100,28,17,2,15,,exposed,suf_ver,sufflamen_verres,1,8
cupica,piedra_lalo,11,2015,luis_chasqui,426,21,100,28,17,2,15,,exposed,suf_ver,sufflamen_verres,7,18
cupica,piedra_lalo,11,2015,luis_chasqui,426,21,100,28,17,2,15,,exposed,tha_luc,thalassoma_lucasanum,7,18
cupica,piedra_lalo,11,2015,luis_chasqui,427,21,100,28,16,2,15,,exposed,aro_his,arothron_hispidus,1,8
cupica,piedra_lalo,11,2015,luis_chasqui,427,21,100,28,16,2,15,,exposed,aro_his,arothron_hispidus,1,18
cupica,piedra_lalo,11,2015,luis_chasqui,427,21,100,28,16,2,15,,exposed,bod_dip,bodianus_diplotaenia,4,8
cupica,piedra_lalo,11,2015,luis_chasqui,427,21,100,28,16,2,15,,exposed,bod_dip,bodianus_diplotaenia,2,18
cupica,piedra_lalo,11,2015,luis_chasqui,427,21,100,28,16,2,15,,exposed,can_pun,canthigaster_punctatissima,3,3
cupica,piedra_lalo,11,2015,luis_chasqui,427,21,100,28,16,2,15,,exposed,car_mel,caranx_melampygus,2,25
cupica,piedra_lalo,11,2015,luis_chasqui,427,21,100,28,16,2,15,,exposed,cep_pan,cephalopholis_panamensis,2,8
cupica,piedra_lalo,11,2015,luis_chasqui,427,21,100,28,16,2,15,,exposed,epi_lab,epinephelus_labriformis,1,13
cupica,piedra_lalo,11,2015,luis_chasqui,427,21,100,28,16,2,15,,exposed,epi_lab,epinephelus_labriformis,2,18
cupica,piedra_lalo,11,2015,luis_chasqui,427,21,100,28,16,2,15,,exposed,hal_chi,halichoeres_chierchiae,1,13
cupica,piedra_lalo,11,2015,luis_chasqui,427,21,100,28,16,2,15,,exposed,hal_dis,halichoeres_dispilus,20,3
cupica,piedra_lalo,11,2015,luis_chasqui,427,21,100,28,16,2,15,,exposed,hal_nic,halichoeres_nicholsi,3,13
cupica,piedra_lalo,11,2015,luis_chasqui,427,21,100,28,16,2,15,,exposed,hol_pas,holacanthus_passer,1,8
cupica,piedra_lalo,11,2015,luis_chasqui,427,21,100,28,16,2,15,,exposed,hol_pas,holacanthus_passer,4,18
cupica,piedra_lalo,11,2015,luis_chasqui,427,21,100,28,16,2,15,,exposed,joh_nig,johnrandallia_nigrirostris,4,8
cupica,piedra_lalo,11,2015,luis_chasqui,427,21,100,28,16,2,15,,exposed,lut_arg,lutjanus_argentiventris,1,25
cupica,piedra_lalo,11,2015,luis_chasqui,427,21,100,28,16,2,15,,exposed,mic_dor,microspathodon_dorsalis,4,13
cupica,piedra_lalo,11,2015,luis_chasqui,427,21,100,28,16,2,15,,exposed,par_col,paranthias_colonus,39,18
cupica,piedra_lalo,11,2015,luis_chasqui,427,21,100,28,16,2,15,,exposed,pse_nau,pseudobalistes_naufragium,1,25
cupica,piedra_lalo,11,2015,luis_chasqui,427,21,100,28,16,2,15,,exposed,sca_per,scarus_perrico,1,25
cupica,piedra_lalo,11,2015,luis_chasqui,427,21,100,28,16,2,15,,exposed,sca_rub,scarus_rubroviolaceus,1,13
cupica,piedra_lalo,11,2015,luis_chasqui,427,21,100,28,16,2,15,,exposed,sca_rub,scarus_rubroviolaceus,2,25
cupica,piedra_lalo,11,2015,luis_chasqui,427,21,100,28,16,2,15,,exposed,sca_rub,scarus_rubroviolaceus,2,35
cupica,piedra_lalo,11,2015,luis_chasqui,427,21,100,28,16,2,15,,exposed,ser_psi,serranus_psittacinus,3,3
cupica,piedra_lalo,11,2015,luis_chasqui,427,21,100,28,16,2,15,,exposed,ste_fla,stegastes_flavilatus,15,8
cupica,piedra_lalo,11,2015,luis_chasqui,427,21,100,28,16,2,15,,exposed,suf_ver,sufflamen_verres,2,8
cupica,piedra_lalo,11,2015,luis_chasqui,427,21,100,28,16,2,15,,exposed,suf_ver,sufflamen_verres,2,13
cupica,piedra_lalo,11,2015,luis_chasqui,427,21,100,28,16,2,15,,exposed,pri_lat,prionurus_laticlavius,1,25
cupica,piedra_lalo,11,2015,luis_chasqui,428,21,100,28,10,2,15,,exposed,aro_mel,arothron_meleagris,5,18
cupica,piedra_lalo,11,2015,luis_chasqui,428,21,100,28,10,2,15,,exposed,bod_dip,bodianus_diplotaenia,1,13
cupica,piedra_lalo,11,2015,luis_chasqui,428,21,100,28,10,2,15,,exposed,bod_dip,bodianus_diplotaenia,1,25
cupica,piedra_lalo,11,2015,luis_chasqui,428,21,100,28,10,2,15,,exposed,car_cab,caranx_caballus,8,25
cupica,piedra_lalo,11,2015,luis_chasqui,428,21,100,28,10,2,15,,exposed,cep_pan,cephalopholis_panamensis,3,13
cupica,piedra_lalo,11,2015,luis_chasqui,428,21,100,28,10,2,15,,exposed,cep_pan,cephalopholis_panamensis,1,18
cupica,piedra_lalo,11,2015,luis_chasqui,428,21,100,28,10,2,15,,exposed,cir_riv,cirrhitus_rivulatus,1,18
cupica,piedra_lalo,11,2015,luis_chasqui,428,21,100,28,10,2,15,,exposed,hol_pas,holacanthus_passer,2,8
cupica,piedra_lalo,11,2015,luis_chasqui,428,21,100,28,10,2,15,,exposed,hol_pas,holacanthus_passer,1,18
cupica,piedra_lalo,11,2015,luis_chasqui,428,21,100,28,10,2,15,,exposed,joh_nig,johnrandallia_nigrirostris,3,8
cupica,piedra_lalo,11,2015,luis_chasqui,428,21,100,28,10,2,15,,exposed,mic_dor,microspathodon_dorsalis,1,18
cupica,piedra_lalo,11,2015,luis_chasqui,428,21,100,28,10,2,15,,exposed,par_col,paranthias_colonus,20,13
cupica,piedra_lalo,11,2015,luis_chasqui,428,21,100,28,10,2,15,,exposed,par_col,paranthias_colonus,40,18
cupica,piedra_lalo,11,2015,luis_chasqui,428,21,100,28,10,2,15,,exposed,pse_nau,pseudobalistes_naufragium,1,25
cupica,piedra_lalo,11,2015,luis_chasqui,428,21,100,28,10,2,15,,exposed,pse_nau,pseudobalistes_naufragium,2,35
cupica,piedra_lalo,11,2015,luis_chasqui,428,21,100,28,10,2,15,,exposed,ste_fla,stegastes_flavilatus,35,8
cupica,piedra_lalo,11,2015,luis_chasqui,428,21,100,28,10,2,15,,exposed,suf_ver,sufflamen_verres,2,8
cupica,piedra_lalo,11,2015,luis_chasqui,428,21,100,28,10,2,15,,exposed,suf_ver,sufflamen_verres,4,13
cupica,piedra_lalo,11,2015,luis_chasqui,428,21,100,28,10,2,15,,exposed,suf_ver,sufflamen_verres,3,18
cupica,piedra_lalo,11,2015,luis_chasqui,429,21,100,28,10,2,15,,exposed,abu_tro,abudefduf_troschelii,100,13
cupica,piedra_lalo,11,2015,luis_chasqui,429,21,100,28,10,2,15,,exposed,aro_mel,arothron_meleagris,1,13
cupica,piedra_lalo,11,2015,luis_chasqui,429,21,100,28,10,2,15,,exposed,bod_dip,bodianus_diplotaenia,1,13
cupica,piedra_lalo,11,2015,luis_chasqui,429,21,100,28,10,2,15,,exposed,cep_pan,cephalopholis_panamensis,3,13
cupica,piedra_lalo,11,2015,luis_chasqui,429,21,100,28,10,2,15,,exposed,cep_pan,cephalopholis_panamensis,4,25
cupica,piedra_lalo,11,2015,luis_chasqui,429,21,100,28,10,2,15,,exposed,cha_hum,chaetodon_humeralis,2,8
cupica,piedra_lalo,11,2015,luis_chasqui,429,21,100,28,10,2,15,,exposed,chr_atr,chromis_atrilobata,50,8
cupica,piedra_lalo,11,2015,luis_chasqui,429,21,100,28,10,2,15,,exposed,cir_riv,cirrhitus_rivulatus,3,13
cupica,piedra_lalo,11,2015,luis_chasqui,429,21,100,28,10,2,15,,exposed,cir_riv,cirrhitus_rivulatus,4,18
cupica,piedra_lalo,11,2015,luis_chasqui,429,21,100,28,10,2,15,,exposed,cir_riv,cirrhitus_rivulatus,2,25
cupica,piedra_lalo,11,2015,luis_chasqui,429,21,100,28,10,2,15,,exposed,fis_com,fistularia_commersonii,1,55
cupica,piedra_lalo,11,2015,luis_chasqui,429,21,100,28,10,2,15,,exposed,hol_pas,holacanthus_passer,1,3
cupica,piedra_lalo,11,2015,luis_chasqui,429,21,100,28,10,2,15,,exposed,hol_pas,holacanthus_passer,1,8
cupica,piedra_lalo,11,2015,luis_chasqui,429,21,100,28,10,2,15,,exposed,hol_pas,holacanthus_passer,1,18
cupica,piedra_lalo,11,2015,luis_chasqui,429,21,100,28,10,2,15,,exposed,joh_nig,johnrandallia_nigrirostris,2,8
cupica,piedra_lalo,11,2015,luis_chasqui,429,21,100,28,10,2,15,,exposed,lut_arg,lutjanus_argentiventris,2,35
cupica,piedra_lalo,11,2015,luis_chasqui,429,21,100,28,10,2,15,,exposed,lut_nov,lutjanus_novemfasciatus,1,45
cupica,piedra_lalo,11,2015,luis_chasqui,429,21,100,28,10,2,15,,exposed,mal_ebi,malacoctenus_ebisui,1,3
cupica,piedra_lalo,11,2015,luis_chasqui,429,21,100,28,10,2,15,,exposed,mic_dor,microspathodon_dorsalis,4,18
cupica,piedra_lalo,11,2015,luis_chasqui,429,21,100,28,10,2,15,,exposed,myr_lei,myripristis_leiognathus,5,13
cupica,piedra_lalo,11,2015,luis_chasqui,429,21,100,28,10,2,15,,exposed,oph_ste,ophioblennius_steindachneri,1,3
cupica,piedra_lalo,11,2015,luis_chasqui,429,21,100,28,10,2,15,,exposed,par_col,paranthias_colonus,80,18
cupica,piedra_lalo,11,2015,luis_chasqui,429,21,100,28,10,2,15,,exposed,pla_aza,plagiotremus_azaleus,2,3
cupica,piedra_lalo,11,2015,luis_chasqui,429,21,100,28,10,2,15,,exposed,pse_nau,pseudobalistes_naufragium,3,25
cupica,piedra_lalo,11,2015,luis_chasqui,429,21,100,28,10,2,15,,exposed,sar_sub,sargocentron_suborbitalis,10,18
cupica,piedra_lalo,11,2015,luis_chasqui,429,21,100,28,10,2,15,,exposed,sca_per,scarus_perrico,4,18
cupica,piedra_lalo,11,2015,luis_chasqui,429,21,100,28,10,2,15,,exposed,ste_fla,stegastes_flavilatus,35,8
cupica,piedra_lalo,11,2015,luis_chasqui,429,21,100,28,10,2,15,,exposed,suf_ver,sufflamen_verres,2,13
cupica,piedra_lalo,11,2015,luis_chasqui,429,21,100,28,10,2,15,,exposed,suf_ver,sufflamen_verres,3,18
cupica,piedra_lalo,11,2015,luis_chasqui,429,21,100,28,10,2,15,,exposed,tha_luc,thalassoma_lucasanum,20,3
cupica,piedra_lalo,11,2015,natalia_rincon,430,21,100,28,5,2,15,,exposed,abu_tro,abudefduf_troschelii,12,13
cupica,piedra_lalo,11,2015,natalia_rincon,430,21,100,28,5,2,15,,exposed,bod_dip,bodianus_diplotaenia,1,35
cupica,piedra_lalo,11,2015,natalia_rincon,430,21,100,28,5,2,15,,exposed,cep_pan,cephalopholis_panamensis,3,25
cupica,piedra_lalo,11,2015,natalia_rincon,430,21,100,28,5,2,15,,exposed,cha_hum,chaetodon_humeralis,1,8
cupica,piedra_lalo,11,2015,natalia_rincon,430,21,100,28,5,2,15,,exposed,epi_lab,epinephelus_labriformis,4,35
cupica,piedra_lalo,11,2015,natalia_rincon,430,21,100,28,5,2,15,,exposed,hal_nic,halichoeres_nicholsi,1,13
cupica,piedra_lalo,11,2015,natalia_rincon,430,21,100,28,5,2,15,,exposed,hol_pas,holacanthus_passer,4,18
cupica,piedra_lalo,11,2015,natalia_rincon,430,21,100,28,5,2,15,,exposed,lut_arg,lutjanus_argentiventris,4,45
cupica,piedra_lalo,11,2015,natalia_rincon,430,21,100,28,5,2,15,,exposed,mul_den,mulloidichthys_dentatus,2,45
cupica,piedra_lalo,11,2015,natalia_rincon,430,21,100,28,5,2,15,,exposed,par_col,paranthias_colonus,9,13
cupica,piedra_lalo,11,2015,natalia_rincon,430,21,100,28,5,2,15,,exposed,par_col,paranthias_colonus,11,25
cupica,piedra_lalo,11,2015,natalia_rincon,430,21,100,28,5,2,15,,exposed,sca_per,scarus_perrico,1,45
cupica,piedra_lalo,11,2015,natalia_rincon,430,21,100,28,5,2,15,,exposed,sca_per,scarus_perrico,1,55
cupica,piedra_lalo,11,2015,natalia_rincon,430,21,100,28,5,2,15,,exposed,sca_rub,scarus_rubroviolaceus,1,55
cupica,piedra_lalo,11,2015,natalia_rincon,430,21,100,28,5,2,15,,exposed,ste_fla,stegastes_flavilatus,5,8
cupica,piedra_lalo,11,2015,natalia_rincon,430,21,100,28,5,2,15,,exposed,abu_tro,abudefduf_troschelii,12,13
cupica,piedra_lalo,11,2015,natalia_rincon,430,21,100,28,5,2,15,,exposed,bod_dip,bodianus_diplotaenia,1,35
cupica,piedra_lalo,11,2015,natalia_rincon,430,21,100,28,5,2,15,,exposed,cep_pan,cephalopholis_panamensis,3,25
cupica,piedra_lalo,11,2015,natalia_rincon,430,21,100,28,5,2,15,,exposed,cha_hum,chaetodon_humeralis,1,3
cupica,piedra_lalo,11,2015,natalia_rincon,430,21,100,28,5,2,15,,exposed,epi_lab,epinephelus_labriformis,4,35
cupica,piedra_lalo,11,2015,natalia_rincon,430,21,100,28,5,2,15,,exposed,hal_nic,halichoeres_nicholsi,1,13
cupica,piedra_lalo,11,2015,natalia_rincon,430,21,100,28,5,2,15,,exposed,hol_pas,holacanthus_passer,4,18
cupica,piedra_lalo,11,2015,natalia_rincon,430,21,100,28,5,2,15,,exposed,lut_arg,lutjanus_argentiventris,4,45
cupica,piedra_lalo,11,2015,natalia_rincon,430,21,100,28,5,2,15,,exposed,mul_den,mulloidichthys_dentatus,2,45
cupica,piedra_lalo,11,2015,natalia_rincon,430,21,100,28,5,2,15,,exposed,par_col,paranthias_colonus,9,13
cupica,piedra_lalo,11,2015,natalia_rincon,430,21,100,28,5,2,15,,exposed,par_col,paranthias_colonus,11,25
cupica,piedra_lalo,11,2015,natalia_rincon,430,21,100,28,5,2,15,,exposed,sca_per,scarus_perrico,1,45
cupica,piedra_lalo,11,2015,natalia_rincon,430,21,100,28,5,2,15,,exposed,sca_per,scarus_perrico,1,55
cupica,piedra_lalo,11,2015,natalia_rincon,430,21,100,28,5,2,15,,exposed,sca_rub,scarus_rubroviolaceus,1,55
cupica,piedra_lalo,11,2015,natalia_rincon,430,21,100,28,5,2,15,,exposed,ste_fla,stegastes_flavilatus,5,8
cupica,piedra_lalo,11,2015,natalia_rincon,431,21,100,28,16,2,15,,exposed,aro_his,arothron_hispidus,1,35
cupica,piedra_lalo,11,2015,natalia_rincon,431,21,100,28,16,2,15,,exposed,aro_mel,arothron_meleagris,1,18
cupica,piedra_lalo,11,2015,natalia_rincon,431,21,100,28,16,2,15,,exposed,bod_dip,bodianus_diplotaenia,1,25
cupica,piedra_lalo,11,2015,natalia_rincon,431,21,100,28,16,2,15,,exposed,bod_dip,bodianus_diplotaenia,1,35
cupica,piedra_lalo,11,2015,natalia_rincon,431,21,100,28,16,2,15,,exposed,cep_pan,cephalopholis_panamensis,1,35
cupica,piedra_lalo,11,2015,natalia_rincon,431,21,100,28,16,2,15,,exposed,cha_hum,chaetodon_humeralis,1,8
cupica,piedra_lalo,11,2015,natalia_rincon,431,21,100,28,16,2,15,,exposed,hol_pas,holacanthus_passer,4,8
cupica,piedra_lalo,11,2015,natalia_rincon,431,21,100,28,16,2,15,,exposed,hol_pas,holacanthus_passer,2,25
cupica,piedra_lalo,11,2015,natalia_rincon,431,21,100,28,16,2,15,,exposed,joh_nig,johnrandallia_nigrirostris,5,8
cupica,piedra_lalo,11,2015,natalia_rincon,431,21,100,28,16,2,15,,exposed,par_col,paranthias_colonus,18,18
cupica,piedra_lalo,11,2015,natalia_rincon,431,21,100,28,16,2,15,,exposed,pse_nau,pseudobalistes_naufragium,1,35
cupica,piedra_lalo,11,2015,natalia_rincon,431,21,100,28,16,2,15,,exposed,pse_nau,pseudobalistes_naufragium,4,45
cupica,piedra_lalo,11,2015,natalia_rincon,431,21,100,28,16,2,15,,exposed,sca_rub,scarus_rubroviolaceus,1,25
cupica,piedra_lalo,11,2015,natalia_rincon,431,21,100,28,16,2,15,,exposed,ste_fla,stegastes_flavilatus,2,8
cupica,piedra_lalo,11,2015,natalia_rincon,431,21,100,28,16,2,15,,exposed,suf_ver,sufflamen_verres,1,8
cupica,piedra_lalo,11,2015,natalia_rincon,431,21,100,28,16,2,15,,exposed,suf_ver,sufflamen_verres,2,13
cupica,piedra_lalo,11,2015,natalia_rincon,431,21,100,28,16,2,15,,exposed,suf_ver,sufflamen_verres,3,18
cupica,piedra_lalo,11,2015,natalia_rincon,431,21,100,28,16,2,15,,exposed,suf_ver,sufflamen_verres,1,35
cupica,piedra_lalo,11,2015,natalia_rincon,431,21,100,28,16,2,15,,exposed,pri_lat,prionurus_laticlavius,1,45
cupica,piedra_lalo,11,2015,natalia_rincon,432,21,100,28,11,2,15,,exposed,aro_mel,arothron_meleagris,1,25
cupica,piedra_lalo,11,2015,natalia_rincon,432,21,100,28,11,2,15,,exposed,car_cab,caranx_caballus,3,25
cupica,piedra_lalo,11,2015,natalia_rincon,432,21,100,28,11,2,15,,exposed,chr_atr,chromis_atrilobata,29,8
cupica,piedra_lalo,11,2015,natalia_rincon,432,21,100,28,11,2,15,,exposed,epi_lab,epinephelus_labriformis,1,25
cupica,piedra_lalo,11,2015,natalia_rincon,432,21,100,28,11,2,15,,exposed,hae_sex,haemulon_sexfasciatum,3,45
cupica,piedra_lalo,11,2015,natalia_rincon,432,21,100,28,11,2,15,,exposed,hol_pas,holacanthus_passer,1,13
cupica,piedra_lalo,11,2015,natalia_rincon,432,21,100,28,11,2,15,,exposed,hol_pas,holacanthus_passer,1,25
cupica,piedra_lalo,11,2015,natalia_rincon,432,21,100,28,11,2,15,,exposed,lut_arg,lutjanus_argentiventris,4,35
cupica,piedra_lalo,11,2015,natalia_rincon,432,21,100,28,11,2,15,,exposed,lut_ine,lutjanus_inermis,3,25
cupica,piedra_lalo,11,2015,natalia_rincon,432,21,100,28,11,2,15,,exposed,pse_nau,pseudobalistes_naufragium,2,35
cupica,piedra_lalo,11,2015,natalia_rincon,432,21,100,28,11,2,15,,exposed,sca_rub,scarus_rubroviolaceus,2,35
cupica,piedra_lalo,11,2015,natalia_rincon,432,21,100,28,11,2,15,,exposed,sec_ocy,kyphosus_ocyurus,20,35
cupica,piedra_lalo,11,2015,natalia_rincon,432,21,100,28,11,2,15,,exposed,ste_fla,stegastes_flavilatus,3,8
cupica,piedra_lalo,11,2015,natalia_rincon,432,21,100,28,11,2,15,,exposed,suf_ver,sufflamen_verres,2,13
cupica,piedra_lalo,11,2015,natalia_rincon,432,21,100,28,11,2,15,,exposed,suf_ver,sufflamen_verres,2,25
cupica,piedra_lalo,11,2015,natalia_rincon,432,21,100,28,11,2,15,,exposed,pri_lat,prionurus_laticlavius,2,45
cupica,piedra_lalo,11,2015,natalia_rincon,433,21,100,28,5,2,20,,exposed,aro_mel,arothron_meleagris,7,25
cupica,piedra_lalo,11,2015,natalia_rincon,433,21,100,28,5,2,20,,exposed,cep_pan,cephalopholis_panamensis,2,25
cupica,piedra_lalo,11,2015,natalia_rincon,433,21,100,28,5,2,20,,exposed,hol_pas,holacanthus_passer,2,25
cupica,piedra_lalo,11,2015,natalia_rincon,433,21,100,28,5,2,20,,exposed,joh_nig,johnrandallia_nigrirostris,34,8
cupica,piedra_lalo,11,2015,natalia_rincon,433,21,100,28,5,2,20,,exposed,mic_dor,microspathodon_dorsalis,1,3
cupica,piedra_lalo,11,2015,natalia_rincon,433,21,100,28,5,2,20,,exposed,mic_dor,microspathodon_dorsalis,7,13
cupica,piedra_lalo,11,2015,natalia_rincon,433,21,100,28,5,2,20,,exposed,sca_rub,scarus_rubroviolaceus,1,35
cupica,piedra_lalo,11,2015,natalia_rincon,433,21,100,28,5,2,20,,exposed,sec_ocy,kyphosus_ocyurus,92,35
cupica,piedra_lalo,11,2015,natalia_rincon,433,21,100,28,5,2,20,,exposed,ste_fla,stegastes_flavilatus,3,13
cupica,piedra_lalo,11,2015,natalia_rincon,433,21,100,28,5,2,20,,exposed,tha_luc,thalassoma_lucasanum,50,3
cupica,piedra_lalo,11,2015,natalia_rincon,433,21,100,28,5,2,20,,exposed,zan_cor,zanclus_cornutus,1,25
cabo_marzo,piedra_eroito,11,2015,luis_chasqui,434,12,100,28,27,2,20,,exposed,aca_xan,acanthurus_xanthopterus,10,35
cabo_marzo,piedra_eroito,11,2015,luis_chasqui,434,12,100,28,27,2,20,,exposed,aro_his,arothron_hispidus,6,25
cabo_marzo,piedra_eroito,11,2015,luis_chasqui,434,12,100,28,27,2,20,,exposed,can_pun,canthigaster_punctatissima,1,3
cabo_marzo,piedra_eroito,11,2015,luis_chasqui,434,12,100,28,27,2,20,,exposed,car_can,caranx_caninus,1,55
cabo_marzo,piedra_eroito,11,2015,luis_chasqui,434,12,100,28,27,2,20,,exposed,cep_pan,cephalopholis_panamensis,2,25
cabo_marzo,piedra_eroito,11,2015,luis_chasqui,434,12,100,28,27,2,20,,exposed,dec_mac,decapterus_macarellus,100,18
cabo_marzo,piedra_eroito,11,2015,luis_chasqui,434,12,100,28,27,2,20,,exposed,gym_cas,gymnothorax_castaneus,1,75
cabo_marzo,piedra_eroito,11,2015,luis_chasqui,434,12,100,28,27,2,20,,exposed,hae_fla,haemulon_flaviguttatum,100,13
cabo_marzo,piedra_eroito,11,2015,luis_chasqui,434,12,100,28,27,2,20,,exposed,hae_ste,haemulon_steindachneri,100,13
cabo_marzo,piedra_eroito,11,2015,luis_chasqui,434,12,100,28,27,2,20,,exposed,hol_pas,holacanthus_passer,20,18
cabo_marzo,piedra_eroito,11,2015,luis_chasqui,434,12,100,28,27,2,20,,exposed,hop_gun,hoplopagrus_guentherii,1,35
cabo_marzo,piedra_eroito,11,2015,luis_chasqui,434,12,100,28,27,2,20,,exposed,lut_arg,lutjanus_argentiventris,10,25
cabo_marzo,piedra_eroito,11,2015,luis_chasqui,434,12,100,28,27,2,20,,exposed,lut_nov,lutjanus_novemfasciatus,50,35
cabo_marzo,piedra_eroito,11,2015,luis_chasqui,434,12,100,28,27,2,20,,exposed,lut_nov,lutjanus_novemfasciatus,2,55
cabo_marzo,piedra_eroito,11,2015,luis_chasqui,434,12,100,28,27,2,20,,exposed,lut_vir,lutjanus_viridis,24,25
cabo_marzo,piedra_eroito,11,2015,luis_chasqui,434,12,100,28,27,2,20,,exposed,par_col,paranthias_colonus,200,25
cabo_marzo,piedra_eroito,11,2015,luis_chasqui,434,12,100,28,27,2,20,,exposed,pse_nau,pseudobalistes_naufragium,1,25
cabo_marzo,piedra_eroito,11,2015,luis_chasqui,434,12,100,28,27,2,20,,exposed,sec_ocy,kyphosus_ocyurus,1000,35
cabo_marzo,piedra_eroito,11,2015,luis_chasqui,434,12,100,28,27,2,20,,exposed,ste_fla,stegastes_flavilatus,10,8
cabo_marzo,piedra_eroito,11,2015,luis_chasqui,434,12,100,28,27,2,20,,exposed,suf_ver,sufflamen_verres,1,18
cabo_marzo,piedra_eroito,11,2015,luis_chasqui,434,12,100,28,27,2,20,,exposed,ani_tae,anisotremus_taeniatus,3,25
cabo_marzo,piedra_eroito,11,2015,luis_chasqui,434,12,100,28,27,2,20,,exposed,pri_lat,prionurus_laticlavius,4,25
cabo_marzo,piedra_eroito,11,2015,luis_chasqui,434,12,100,28,27,2,20,,exposed,ani_cae,anisotremus_caesius,2,25
cabo_marzo,piedra_eroito,11,2015,luis_chasqui,435,12,100,28,23,2,30,,exposed,aro_his,arothron_hispidus,2,25
cabo_marzo,piedra_eroito,11,2015,luis_chasqui,435,12,100,28,23,2,30,,exposed,bod_dip,bodianus_diplotaenia,3,18
cabo_marzo,piedra_eroito,11,2015,luis_chasqui,435,12,100,28,23,2,30,,exposed,can_pun,canthigaster_punctatissima,4,3
cabo_marzo,piedra_eroito,11,2015,luis_chasqui,435,12,100,28,23,2,30,,exposed,cep_pan,cephalopholis_panamensis,4,18
cabo_marzo,piedra_eroito,11,2015,luis_chasqui,435,12,100,28,23,2,30,,exposed,cep_pan,cephalopholis_panamensis,2,25
cabo_marzo,piedra_eroito,11,2015,luis_chasqui,435,12,100,28,23,2,30,,exposed,chr_atr,chromis_atrilobata,300,8
cabo_marzo,piedra_eroito,11,2015,luis_chasqui,435,12,100,28,23,2,30,,exposed,dio_hys,diodon_hystrix,1,35
cabo_marzo,piedra_eroito,11,2015,luis_chasqui,435,12,100,28,23,2,30,,exposed,ela_bip,elagatis_bipinnulata,20,35
cabo_marzo,piedra_eroito,11,2015,luis_chasqui,435,12,100,28,23,2,30,,exposed,epi_lab,epinephelus_labriformis,4,18
cabo_marzo,piedra_eroito,11,2015,luis_chasqui,435,12,100,28,23,2,30,,exposed,gym_cas,gymnothorax_castaneus,4,75
cabo_marzo,piedra_eroito,11,2015,luis_chasqui,435,12,100,28,23,2,30,,exposed,hae_fla,haemulon_flaviguttatum,500,25
cabo_marzo,piedra_eroito,11,2015,luis_chasqui,435,12,100,28,23,2,30,,exposed,hae_mac,haemulon_maculicauda,100,13
cabo_marzo,piedra_eroito,11,2015,luis_chasqui,435,12,100,28,23,2,30,,exposed,joh_nig,johnrandallia_nigrirostris,7,8
cabo_marzo,piedra_eroito,11,2015,luis_chasqui,435,12,100,28,23,2,30,,exposed,lut_arg,lutjanus_argentiventris,4,35
cabo_marzo,piedra_eroito,11,2015,luis_chasqui,435,12,100,28,23,2,30,,exposed,lut_nov,lutjanus_novemfasciatus,1,75
cabo_marzo,piedra_eroito,11,2015,luis_chasqui,435,12,100,28,23,2,30,,exposed,lut_vir,lutjanus_viridis,10,18
cabo_marzo,piedra_eroito,11,2015,luis_chasqui,435,12,100,28,23,2,30,,exposed,par_col,paranthias_colonus,50,3
cabo_marzo,piedra_eroito,11,2015,luis_chasqui,435,12,100,28,23,2,30,,exposed,par_col,paranthias_colonus,200,18
cabo_marzo,piedra_eroito,11,2015,luis_chasqui,435,12,100,28,23,2,30,,exposed,sec_ocy,kyphosus_ocyurus,400,35
cabo_marzo,piedra_eroito,11,2015,luis_chasqui,435,12,100,28,23,2,30,,exposed,sph_ens,sphyraena_ensis,80,55
cabo_marzo,piedra_eroito,11,2015,luis_chasqui,435,12,100,28,23,2,30,,exposed,ste_fla,stegastes_flavilatus,15,8
cabo_marzo,piedra_eroito,11,2015,luis_chasqui,435,12,100,28,23,2,30,,exposed,ani_tae,anisotremus_taeniatus,2,25
cabo_marzo,piedra_eroito,11,2015,luis_chasqui,435,12,100,28,23,2,30,,exposed,myc_xen,mycteroperca_xenarcha,1,35
cabo_marzo,piedra_eroito,11,2015,luis_chasqui,436,12,100,28,12,2,15,,exposed,aca_xan,acanthurus_xanthopterus,1,35
cabo_marzo,piedra_eroito,11,2015,luis_chasqui,436,12,100,28,12,2,15,,exposed,aro_mel,arothron_meleagris,2,8
cabo_marzo,piedra_eroito,11,2015,luis_chasqui,436,12,100,28,12,2,15,,exposed,bod_dip,bodianus_diplotaenia,2,8
cabo_marzo,piedra_eroito,11,2015,luis_chasqui,436,12,100,28,12,2,15,,exposed,bod_dip,bodianus_diplotaenia,1,13
cabo_marzo,piedra_eroito,11,2015,luis_chasqui,436,12,100,28,12,2,15,,exposed,cep_pan,cephalopholis_panamensis,4,25
cabo_marzo,piedra_eroito,11,2015,luis_chasqui,436,12,100,28,12,2,15,,exposed,cep_pan,cephalopholis_panamensis,2,35
cabo_marzo,piedra_eroito,11,2015,luis_chasqui,436,12,100,28,12,2,15,,exposed,chr_atr,chromis_atrilobata,100,8
cabo_marzo,piedra_eroito,11,2015,luis_chasqui,436,12,100,28,12,2,15,,exposed,epi_lab,epinephelus_labriformis,4,13
cabo_marzo,piedra_eroito,11,2015,luis_chasqui,436,12,100,28,12,2,15,,exposed,epi_lab,epinephelus_labriformis,4,18
cabo_marzo,piedra_eroito,11,2015,luis_chasqui,436,12,100,28,12,2,15,,exposed,epi_lab,epinephelus_labriformis,4,25
cabo_marzo,piedra_eroito,11,2015,luis_chasqui,436,12,100,28,12,2,15,,exposed,hae_ste,haemulon_steindachneri,1000,25
cabo_marzo,piedra_eroito,11,2015,luis_chasqui,436,12,100,28,12,2,15,,exposed,hol_pas,holacanthus_passer,3,13
cabo_marzo,piedra_eroito,11,2015,luis_chasqui,436,12,100,28,12,2,15,,exposed,hol_pas,holacanthus_passer,11,18
cabo_marzo,piedra_eroito,11,2015,luis_chasqui,436,12,100,28,12,2,15,,exposed,joh_nig,johnrandallia_nigrirostris,7,8
cabo_marzo,piedra_eroito,11,2015,luis_chasqui,436,12,100,28,12,2,15,,exposed,lut_vir,lutjanus_viridis,4,25
cabo_marzo,piedra_eroito,11,2015,luis_chasqui,436,12,100,28,12,2,15,,exposed,par_col,paranthias_colonus,200,18
cabo_marzo,piedra_eroito,11,2015,luis_chasqui,436,12,100,28,12,2,15,,exposed,par_col,paranthias_colonus,1010,25
cabo_marzo,piedra_eroito,11,2015,luis_chasqui,436,12,100,28,12,2,15,,exposed,pla_aza,plagiotremus_azaleus,5,3
cabo_marzo,piedra_eroito,11,2015,luis_chasqui,436,12,100,28,12,2,15,,exposed,pse_nau,pseudobalistes_naufragium,1,35
cabo_marzo,piedra_eroito,11,2015,luis_chasqui,436,12,100,28,12,2,15,,exposed,sca_per,scarus_perrico,4,25
cabo_marzo,piedra_eroito,11,2015,luis_chasqui,436,12,100,28,12,2,15,,exposed,sca_per,scarus_perrico,2,45
cabo_marzo,piedra_eroito,11,2015,luis_chasqui,436,12,100,28,12,2,15,,exposed,sca_rub,scarus_rubroviolaceus,1,25
cabo_marzo,piedra_eroito,11,2015,luis_chasqui,436,12,100,28,12,2,15,,exposed,ste_fla,stegastes_flavilatus,15,8
cabo_marzo,piedra_eroito,11,2015,luis_chasqui,436,12,100,28,12,2,15,,exposed,suf_ver,sufflamen_verres,1,18
cabo_marzo,piedra_eroito,11,2015,luis_chasqui,436,12,100,28,12,2,15,,exposed,tha_luc,thalassoma_lucasanum,50,3
cabo_marzo,piedra_eroito,11,2015,luis_chasqui,436,12,100,28,12,2,15,,exposed,zan_cor,zanclus_cornutus,2,18
cabo_marzo,piedra_eroito,11,2015,luis_chasqui,436,12,100,28,12,2,15,,exposed,zan_cor,zanclus_cornutus,3,25
cabo_marzo,piedra_eroito,11,2015,luis_chasqui,436,12,100,28,12,2,15,,exposed,pri_lat,prionurus_laticlavius,7,25
cabo_marzo,piedra_eroito,11,2015,natalia_rincon,437,12,100,28,20,2,25,,exposed,aca_xan,acanthurus_xanthopterus,18,25
cabo_marzo,piedra_eroito,11,2015,natalia_rincon,437,12,100,28,20,2,25,,exposed,aro_his,arothron_hispidus,2,25
cabo_marzo,piedra_eroito,11,2015,natalia_rincon,437,12,100,28,20,2,25,,exposed,bod_dip,bodianus_diplotaenia,1,18
cabo_marzo,piedra_eroito,11,2015,natalia_rincon,437,12,100,28,20,2,25,,exposed,bod_dip,bodianus_diplotaenia,3,25
cabo_marzo,piedra_eroito,11,2015,natalia_rincon,437,12,100,28,20,2,25,,exposed,cep_pan,cephalopholis_panamensis,1,25
cabo_marzo,piedra_eroito,11,2015,natalia_rincon,437,12,100,28,20,2,25,,exposed,cha_hum,chaetodon_humeralis,1,13
cabo_marzo,piedra_eroito,11,2015,natalia_rincon,437,12,100,28,20,2,25,,exposed,chr_atr,chromis_atrilobata,1000,3
cabo_marzo,piedra_eroito,11,2015,natalia_rincon,437,12,100,28,20,2,25,,exposed,epi_lab,epinephelus_labriformis,3,25
cabo_marzo,piedra_eroito,11,2015,natalia_rincon,437,12,100,28,20,2,25,,exposed,hae_ste,haemulon_steindachneri,150,25
cabo_marzo,piedra_eroito,11,2015,natalia_rincon,437,12,100,28,20,2,25,,exposed,hol_pas,holacanthus_passer,1,8
cabo_marzo,piedra_eroito,11,2015,natalia_rincon,437,12,100,28,20,2,25,,exposed,hol_pas,holacanthus_passer,8,13
cabo_marzo,piedra_eroito,11,2015,natalia_rincon,437,12,100,28,20,2,25,,exposed,lut_arg,lutjanus_argentiventris,1,25
cabo_marzo,piedra_eroito,11,2015,natalia_rincon,437,12,100,28,20,2,25,,exposed,mic_dor,microspathodon_dorsalis,3,13
cabo_marzo,piedra_eroito,11,2015,natalia_rincon,437,12,100,28,20,2,25,,exposed,par_col,paranthias_colonus,30,3
cabo_marzo,piedra_eroito,11,2015,natalia_rincon,437,12,100,28,20,2,25,,exposed,par_col,paranthias_colonus,2,8
cabo_marzo,piedra_eroito,11,2015,natalia_rincon,437,12,100,28,20,2,25,,exposed,par_col,paranthias_colonus,3,18
cabo_marzo,piedra_eroito,11,2015,natalia_rincon,437,12,100,28,20,2,25,,exposed,sar_sub,sargocentron_suborbitalis,1,13
cabo_marzo,piedra_eroito,11,2015,natalia_rincon,437,12,100,28,20,2,25,,exposed,sca_per,scarus_perrico,1,45
cabo_marzo,piedra_eroito,11,2015,natalia_rincon,437,12,100,28,20,2,25,,exposed,sco_sie,scomberomorus_sierra,1,45
cabo_marzo,piedra_eroito,11,2015,natalia_rincon,437,12,100,28,20,2,25,,exposed,ste_fla,stegastes_flavilatus,2,8
cabo_marzo,piedra_eroito,11,2015,natalia_rincon,437,12,100,28,20,2,25,,exposed,suf_ver,sufflamen_verres,2,8
cabo_marzo,piedra_eroito,11,2015,natalia_rincon,437,12,100,28,20,2,25,,exposed,suf_ver,sufflamen_verres,3,13
cabo_marzo,piedra_eroito,11,2015,natalia_rincon,437,12,100,28,20,2,25,,exposed,suf_ver,sufflamen_verres,2,18
cabo_marzo,piedra_eroito,11,2015,natalia_rincon,437,12,100,28,20,2,25,,exposed,tha_luc,thalassoma_lucasanum,5,3
cabo_marzo,piedra_eroito,11,2015,natalia_rincon,438,12,100,28,14,2,20,,exposed,aca_xan,acanthurus_xanthopterus,8,35
cabo_marzo,piedra_eroito,11,2015,natalia_rincon,438,12,100,28,14,2,20,,exposed,bod_dip,bodianus_diplotaenia,5,13
cabo_marzo,piedra_eroito,11,2015,natalia_rincon,438,12,100,28,14,2,20,,exposed,cep_pan,cephalopholis_panamensis,2,25
cabo_marzo,piedra_eroito,11,2015,natalia_rincon,438,12,100,28,14,2,20,,exposed,chr_atr,chromis_atrilobata,138,3
cabo_marzo,piedra_eroito,11,2015,natalia_rincon,438,12,100,28,14,2,20,,exposed,ela_bip,elagatis_bipinnulata,7,35
cabo_marzo,piedra_eroito,11,2015,natalia_rincon,438,12,100,28,14,2,20,,exposed,epi_lab,epinephelus_labriformis,3,25
cabo_marzo,piedra_eroito,11,2015,natalia_rincon,438,12,100,28,14,2,20,,exposed,hol_pas,holacanthus_passer,3,8
cabo_marzo,piedra_eroito,11,2015,natalia_rincon,438,12,100,28,14,2,20,,exposed,hol_pas,holacanthus_passer,3,13
cabo_marzo,piedra_eroito,11,2015,natalia_rincon,438,12,100,28,14,2,20,,exposed,hol_pas,holacanthus_passer,6,18
cabo_marzo,piedra_eroito,11,2015,natalia_rincon,438,12,100,28,14,2,20,,exposed,joh_nig,johnrandallia_nigrirostris,8,8
cabo_marzo,piedra_eroito,11,2015,natalia_rincon,438,12,100,28,14,2,20,,exposed,hop_gun,hoplopagrus_guentherii,8,35
cabo_marzo,piedra_eroito,11,2015,natalia_rincon,438,12,100,28,14,2,20,,exposed,par_col,paranthias_colonus,13,13
cabo_marzo,piedra_eroito,11,2015,natalia_rincon,438,12,100,28,14,2,20,,exposed,par_col,paranthias_colonus,2,25
cabo_marzo,piedra_eroito,11,2015,natalia_rincon,438,12,100,28,14,2,20,,exposed,pse_nau,pseudobalistes_naufragium,1,35
cabo_marzo,piedra_eroito,11,2015,natalia_rincon,438,12,100,28,14,2,20,,exposed,sca_per,scarus_perrico,2,45
cabo_marzo,piedra_eroito,11,2015,natalia_rincon,438,12,100,28,14,2,20,,exposed,sec_ocy,kyphosus_ocyurus,200,35
cabo_marzo,piedra_eroito,11,2015,natalia_rincon,438,12,100,28,14,2,20,,exposed,ste_fla,stegastes_flavilatus,4,8
cabo_marzo,piedra_eroito,11,2015,natalia_rincon,438,12,100,28,14,2,20,,exposed,suf_ver,sufflamen_verres,1,8
cabo_marzo,piedra_eroito,11,2015,natalia_rincon,438,12,100,28,14,2,20,,exposed,suf_ver,sufflamen_verres,2,13
cabo_marzo,piedra_eroito,11,2015,natalia_rincon,438,12,100,28,14,2,20,,exposed,suf_ver,sufflamen_verres,4,25
cabo_marzo,piedra_eroito,11,2015,natalia_rincon,438,12,100,28,14,2,20,,exposed,tha_luc,thalassoma_lucasanum,1,8
cabo_marzo,piedra_eroito,11,2015,natalia_rincon,438,12,100,28,14,2,20,,exposed,pri_lat,prionurus_laticlavius,2,35
cabo_marzo,piedra_eroito,11,2015,natalia_rincon,439,12,100,28,11,2,20,,exposed,aca_xan,acanthurus_xanthopterus,3,35
cabo_marzo,piedra_eroito,11,2015,natalia_rincon,439,12,100,28,11,2,20,,exposed,cha_hum,chaetodon_humeralis,1,8
cabo_marzo,piedra_eroito,11,2015,natalia_rincon,439,12,100,28,11,2,20,,exposed,chr_atr,chromis_atrilobata,50,8
cabo_marzo,piedra_eroito,11,2015,natalia_rincon,439,12,100,28,11,2,20,,exposed,cir_oxy,cirrhitichthys_oxycephalus,1,3
cabo_marzo,piedra_eroito,11,2015,natalia_rincon,439,12,100,28,11,2,20,,exposed,gym_cas,gymnothorax_castaneus,1,95
cabo_marzo,piedra_eroito,11,2015,natalia_rincon,439,12,100,28,11,2,20,,exposed,hae_ste,haemulon_steindachneri,1000,18
cabo_marzo,piedra_eroito,11,2015,natalia_rincon,439,12,100,28,11,2,20,,exposed,hol_pas,holacanthus_passer,1,13
cabo_marzo,piedra_eroito,11,2015,natalia_rincon,439,12,100,28,11,2,20,,exposed,joh_nig,johnrandallia_nigrirostris,3,8
cabo_marzo,piedra_eroito,11,2015,natalia_rincon,439,12,100,28,11,2,20,,exposed,oph_ste,ophioblennius_steindachneri,1,13
cabo_marzo,piedra_eroito,11,2015,natalia_rincon,439,12,100,28,11,2,20,,exposed,par_col,paranthias_colonus,8,13
cabo_marzo,piedra_eroito,11,2015,natalia_rincon,439,12,100,28,11,2,20,,exposed,par_col,paranthias_colonus,4,18
cabo_marzo,piedra_eroito,11,2015,natalia_rincon,439,12,100,28,11,2,20,,exposed,par_col,paranthias_colonus,2,35
cabo_marzo,piedra_eroito,11,2015,natalia_rincon,439,12,100,28,11,2,20,,exposed,ste_fla,stegastes_flavilatus,2,8
cabo_marzo,piedra_eroito,11,2015,natalia_rincon,439,12,100,28,11,2,20,,exposed,suf_ver,sufflamen_verres,1,13
cabo_marzo,piedra_eroito,11,2015,natalia_rincon,439,12,100,28,11,2,20,,exposed,suf_ver,sufflamen_verres,1,13
cabo_marzo,piedra_eroito,11,2015,natalia_rincon,439,12,100,28,11,2,20,,exposed,tha_luc,thalassoma_lucasanum,56,3
cabo_marzo,piedra_eroito,11,2015,natalia_rincon,439,12,100,28,11,2,20,,exposed,pri_lat,prionurus_laticlavius,1,45
cabo_marzo,la_foca,11,2015,luis_chasqui,440,16,100,28,5,3,20,,exposed,aca_xan,acanthurus_xanthopterus,1,25
cabo_marzo,la_foca,11,2015,luis_chasqui,440,16,100,28,5,3,20,,exposed,aro_mel,arothron_meleagris,2,18
cabo_marzo,la_foca,11,2015,luis_chasqui,440,16,100,28,5,3,20,,exposed,bod_dip,bodianus_diplotaenia,10,3
cabo_marzo,la_foca,11,2015,luis_chasqui,440,16,100,28,5,3,20,,exposed,bod_dip,bodianus_diplotaenia,1,8
cabo_marzo,la_foca,11,2015,luis_chasqui,440,16,100,28,5,3,20,,exposed,car_mel,caranx_melampygus,3,35
cabo_marzo,la_foca,11,2015,luis_chasqui,440,16,100,28,5,3,20,,exposed,cep_pan,cephalopholis_panamensis,1,18
cabo_marzo,la_foca,11,2015,luis_chasqui,440,16,100,28,5,3,20,,exposed,fis_com,fistularia_commersonii,2,35
cabo_marzo,la_foca,11,2015,luis_chasqui,440,16,100,28,5,3,20,,exposed,hal_nic,halichoeres_nicholsi,1,13
cabo_marzo,la_foca,11,2015,luis_chasqui,440,16,100,28,5,3,20,,exposed,hol_pas,holacanthus_passer,20,13
cabo_marzo,la_foca,11,2015,luis_chasqui,440,16,100,28,5,3,20,,exposed,hol_pas,holacanthus_passer,15,18
cabo_marzo,la_foca,11,2015,luis_chasqui,440,16,100,28,5,3,20,,exposed,joh_nig,johnrandallia_nigrirostris,5,8
cabo_marzo,la_foca,11,2015,luis_chasqui,440,16,100,28,5,3,20,,exposed,lut_arg,lutjanus_argentiventris,9,35
cabo_marzo,la_foca,11,2015,luis_chasqui,440,16,100,28,5,3,20,,exposed,mic_dor,microspathodon_dorsalis,3,13
cabo_marzo,la_foca,11,2015,luis_chasqui,440,16,100,28,5,3,20,,exposed,par_col,paranthias_colonus,100,18
cabo_marzo,la_foca,11,2015,luis_chasqui,440,16,100,28,5,3,20,,exposed,par_col,paranthias_colonus,100,25
cabo_marzo,la_foca,11,2015,luis_chasqui,440,16,100,28,5,3,20,,exposed,pse_nau,pseudobalistes_naufragium,2,35
cabo_marzo,la_foca,11,2015,luis_chasqui,440,16,100,28,5,3,20,,exposed,sca_rub,scarus_rubroviolaceus,1,35
cabo_marzo,la_foca,11,2015,luis_chasqui,440,16,100,28,5,3,20,,exposed,ste_fla,stegastes_flavilatus,1,8
cabo_marzo,la_foca,11,2015,luis_chasqui,440,16,100,28,5,3,20,,exposed,suf_ver,sufflamen_verres,2,25
cabo_marzo,la_foca,11,2015,luis_chasqui,440,16,100,28,5,3,20,,exposed,zan_cor,zanclus_cornutus,1,18
cabo_marzo,la_foca,11,2015,luis_chasqui,440,16,100,28,5,3,20,,exposed,ani_tae,anisotremus_taeniatus,1,25
cabo_marzo,la_foca,11,2015,luis_chasqui,440,16,100,28,5,3,20,,exposed,pri_lat,prionurus_laticlavius,6,35
cabo_marzo,la_foca,11,2015,luis_chasqui,441,16,100,28,12,3,20,,exposed,aca_xan,acanthurus_xanthopterus,1,35
cabo_marzo,la_foca,11,2015,luis_chasqui,441,16,100,28,12,3,20,,exposed,aro_his,arothron_hispidus,1,25
cabo_marzo,la_foca,11,2015,luis_chasqui,441,16,100,28,12,3,20,,exposed,aro_mel,arothron_meleagris,4,18
cabo_marzo,la_foca,11,2015,luis_chasqui,441,16,100,28,12,3,20,,exposed,bod_dip,bodianus_diplotaenia,2,25
cabo_marzo,la_foca,11,2015,luis_chasqui,441,16,100,28,12,3,20,,exposed,bod_dip,bodianus_diplotaenia,2,35
cabo_marzo,la_foca,11,2015,luis_chasqui,441,16,100,28,12,3,20,,exposed,chr_atr,chromis_atrilobata,50,3
cabo_marzo,la_foca,11,2015,luis_chasqui,441,16,100,28,12,3,20,,exposed,epi_lab,epinephelus_labriformis,1,25
cabo_marzo,la_foca,11,2015,luis_chasqui,441,16,100,28,12,3,20,,exposed,hol_pas,holacanthus_passer,15,25
cabo_marzo,la_foca,11,2015,luis_chasqui,441,16,100,28,12,3,20,,exposed,joh_nig,johnrandallia_nigrirostris,5,8
cabo_marzo,la_foca,11,2015,luis_chasqui,441,16,100,28,12,3,20,,exposed,kyp_ana,kyphosus_vaigiensis,1,13
cabo_marzo,la_foca,11,2015,luis_chasqui,441,16,100,28,12,3,20,,exposed,kyp_ana,kyphosus_vaigiensis,1,25
cabo_marzo,la_foca,11,2015,luis_chasqui,441,16,100,28,12,3,20,,exposed,lut_arg,lutjanus_argentiventris,5,25
cabo_marzo,la_foca,11,2015,luis_chasqui,441,16,100,28,12,3,20,,exposed,lut_vir,lutjanus_viridis,1,25
cabo_marzo,la_foca,11,2015,luis_chasqui,441,16,100,28,12,3,20,,exposed,par_col,paranthias_colonus,100,18
cabo_marzo,la_foca,11,2015,luis_chasqui,441,16,100,28,12,3,20,,exposed,pla_aza,plagiotremus_azaleus,10,3
cabo_marzo,la_foca,11,2015,luis_chasqui,441,16,100,28,12,3,20,,exposed,sca_rub,scarus_rubroviolaceus,1,35
cabo_marzo,la_foca,11,2015,luis_chasqui,441,16,100,28,12,3,20,,exposed,ste_fla,stegastes_flavilatus,5,8
cabo_marzo,la_foca,11,2015,luis_chasqui,441,16,100,28,12,3,20,,exposed,suf_ver,sufflamen_verres,4,18
cabo_marzo,la_foca,11,2015,luis_chasqui,441,16,100,28,12,3,20,,exposed,zan_cor,zanclus_cornutus,2,25
cabo_marzo,la_foca,11,2015,luis_chasqui,441,16,100,28,12,3,20,,exposed,pri_lat,prionurus_laticlavius,12,25
cabo_marzo,la_foca,11,2015,natalia_rincon,442,16,100,28,12,3,25,,exposed,aca_xan,acanthurus_xanthopterus,1,35
cabo_marzo,la_foca,11,2015,natalia_rincon,442,16,100,28,12,3,25,,exposed,aro_mel,arothron_meleagris,1,25
cabo_marzo,la_foca,11,2015,natalia_rincon,442,16,100,28,12,3,25,,exposed,bod_dip,bodianus_diplotaenia,1,3
cabo_marzo,la_foca,11,2015,natalia_rincon,442,16,100,28,12,3,25,,exposed,bod_dip,bodianus_diplotaenia,1,8
cabo_marzo,la_foca,11,2015,natalia_rincon,442,16,100,28,12,3,25,,exposed,bod_dip,bodianus_diplotaenia,1,13
cabo_marzo,la_foca,11,2015,natalia_rincon,442,16,100,28,12,3,25,,exposed,bod_dip,bodianus_diplotaenia,1,35
cabo_marzo,la_foca,11,2015,natalia_rincon,442,16,100,28,12,3,25,,exposed,chr_atr,chromis_atrilobata,20,8
cabo_marzo,la_foca,11,2015,natalia_rincon,442,16,100,28,12,3,25,,exposed,fis_com,fistularia_commersonii,1,45
cabo_marzo,la_foca,11,2015,natalia_rincon,442,16,100,28,12,3,25,,exposed,gym_cas,gymnothorax_castaneus,2,95
cabo_marzo,la_foca,11,2015,natalia_rincon,442,16,100,28,12,3,25,,exposed,hol_pas,holacanthus_passer,1,8
cabo_marzo,la_foca,11,2015,natalia_rincon,442,16,100,28,12,3,25,,exposed,hol_pas,holacanthus_passer,7,13
cabo_marzo,la_foca,11,2015,natalia_rincon,442,16,100,28,12,3,25,,exposed,hol_pas,holacanthus_passer,1,18
cabo_marzo,la_foca,11,2015,natalia_rincon,442,16,100,28,12,3,25,,exposed,joh_nig,johnrandallia_nigrirostris,61,8
cabo_marzo,la_foca,11,2015,natalia_rincon,442,16,100,28,12,3,25,,exposed,kyp_ana,kyphosus_vaigiensis,1,25
cabo_marzo,la_foca,11,2015,natalia_rincon,442,16,100,28,12,3,25,,exposed,lut_arg,lutjanus_argentiventris,1,25
cabo_marzo,la_foca,11,2015,natalia_rincon,442,16,100,28,12,3,25,,exposed,lut_vir,lutjanus_viridis,1,25
cabo_marzo,la_foca,11,2015,natalia_rincon,442,16,100,28,12,3,25,,exposed,mic_dor,microspathodon_dorsalis,2,18
cabo_marzo,la_foca,11,2015,natalia_rincon,442,16,100,28,12,3,25,,exposed,par_col,paranthias_colonus,1100,13
cabo_marzo,la_foca,11,2015,natalia_rincon,442,16,100,28,12,3,25,,exposed,sca_rub,scarus_rubroviolaceus,1,25
cabo_marzo,la_foca,11,2015,natalia_rincon,442,16,100,28,12,3,25,,exposed,sec_ocy,kyphosus_ocyurus,13,25
cabo_marzo,la_foca,11,2015,natalia_rincon,442,16,100,28,12,3,25,,exposed,ste_fla,stegastes_flavilatus,2,8
cabo_marzo,la_foca,11,2015,natalia_rincon,442,16,100,28,12,3,25,,exposed,suf_ver,sufflamen_verres,1,13
cabo_marzo,la_foca,11,2015,natalia_rincon,442,16,100,28,12,3,25,,exposed,suf_ver,sufflamen_verres,1,18
cabo_marzo,la_foca,11,2015,natalia_rincon,442,16,100,28,12,3,25,,exposed,tha_luc,thalassoma_lucasanum,100,3
cabo_marzo,la_foca,11,2015,natalia_rincon,442,16,100,28,12,3,25,,exposed,zan_cor,zanclus_cornutus,2,18
cabo_marzo,piedra_rodrigo,11,2015,luis_chasqui,443,13,100,28,25,3,30,,exposed,aca_xan,acanthurus_xanthopterus,4,35
cabo_marzo,piedra_rodrigo,11,2015,luis_chasqui,443,13,100,28,25,3,30,,exposed,aro_his,arothron_hispidus,10,35
cabo_marzo,piedra_rodrigo,11,2015,luis_chasqui,443,13,100,28,25,3,30,,exposed,aro_mel,arothron_meleagris,1,8
cabo_marzo,piedra_rodrigo,11,2015,luis_chasqui,443,13,100,28,25,3,30,,exposed,bod_dip,bodianus_diplotaenia,2,13
cabo_marzo,piedra_rodrigo,11,2015,luis_chasqui,443,13,100,28,25,3,30,,exposed,can_pun,canthigaster_punctatissima,6,3
cabo_marzo,piedra_rodrigo,11,2015,luis_chasqui,443,13,100,28,25,3,30,,exposed,cep_pan,cephalopholis_panamensis,1,13
cabo_marzo,piedra_rodrigo,11,2015,luis_chasqui,443,13,100,28,25,3,30,,exposed,cir_oxy,cirrhitichthys_oxycephalus,3,3
cabo_marzo,piedra_rodrigo,11,2015,luis_chasqui,443,13,100,28,25,3,30,,exposed,epi_lab,epinephelus_labriformis,1,25
cabo_marzo,piedra_rodrigo,11,2015,luis_chasqui,443,13,100,28,25,3,30,,exposed,epi_lab,epinephelus_labriformis,3,35
cabo_marzo,piedra_rodrigo,11,2015,luis_chasqui,443,13,100,28,25,3,30,,exposed,hal_nic,halichoeres_nicholsi,2,8
cabo_marzo,piedra_rodrigo,11,2015,luis_chasqui,443,13,100,28,25,3,30,,exposed,hal_dis,halichoeres_dispilus,20,8
cabo_marzo,piedra_rodrigo,11,2015,luis_chasqui,443,13,100,28,25,3,30,,exposed,hol_pas,holacanthus_passer,1,18
cabo_marzo,piedra_rodrigo,11,2015,luis_chasqui,443,13,100,28,25,3,30,,exposed,joh_nig,johnrandallia_nigrirostris,60,8
cabo_marzo,piedra_rodrigo,11,2015,luis_chasqui,443,13,100,28,25,3,30,,exposed,par_col,paranthias_colonus,45,3
cabo_marzo,piedra_rodrigo,11,2015,luis_chasqui,443,13,100,28,25,3,30,,exposed,pla_aza,plagiotremus_azaleus,20,3
cabo_marzo,piedra_rodrigo,11,2015,luis_chasqui,443,13,100,28,25,3,30,,exposed,pse_nau,pseudobalistes_naufragium,1,35
cabo_marzo,piedra_rodrigo,11,2015,luis_chasqui,443,13,100,28,25,3,30,,exposed,sec_ocy,kyphosus_ocyurus,1000,35
cabo_marzo,piedra_rodrigo,11,2015,luis_chasqui,443,13,100,28,25,3,30,,exposed,ste_fla,stegastes_flavilatus,1,3
cabo_marzo,piedra_rodrigo,11,2015,luis_chasqui,443,13,100,28,25,3,30,,exposed,ste_fla,stegastes_flavilatus,1,8
cabo_marzo,piedra_rodrigo,11,2015,luis_chasqui,443,13,100,28,25,3,30,,exposed,suf_ver,sufflamen_verres,1,3
cabo_marzo,piedra_rodrigo,11,2015,luis_chasqui,443,13,100,28,25,3,30,,exposed,suf_ver,sufflamen_verres,10,18
cabo_marzo,piedra_rodrigo,11,2015,luis_chasqui,443,13,100,28,25,3,30,,exposed,tha_luc,thalassoma_lucasanum,20,3
cabo_marzo,piedra_rodrigo,11,2015,luis_chasqui,443,13,100,28,25,3,30,,exposed,tha_luc,thalassoma_lucasanum,3,8
cabo_marzo,piedra_rodrigo,11,2015,luis_chasqui,444,13,100,28,15,3,20,,exposed,aca_xan,acanthurus_xanthopterus,2,35
cabo_marzo,piedra_rodrigo,11,2015,luis_chasqui,444,13,100,28,15,3,20,,exposed,ani_int,anisotremus_interruptus,1,35
cabo_marzo,piedra_rodrigo,11,2015,luis_chasqui,444,13,100,28,15,3,20,,exposed,aro_mel,arothron_meleagris,1,8
cabo_marzo,piedra_rodrigo,11,2015,luis_chasqui,444,13,100,28,15,3,20,,exposed,bod_dip,bodianus_diplotaenia,4,18
cabo_marzo,piedra_rodrigo,11,2015,luis_chasqui,444,13,100,28,15,3,20,,exposed,can_pun,canthigaster_punctatissima,2,3
cabo_marzo,piedra_rodrigo,11,2015,luis_chasqui,444,13,100,28,15,3,20,,exposed,cep_pan,cephalopholis_panamensis,2,18
cabo_marzo,piedra_rodrigo,11,2015,luis_chasqui,444,13,100,28,15,3,20,,exposed,cir_oxy,cirrhitichthys_oxycephalus,5,3
cabo_marzo,piedra_rodrigo,11,2015,luis_chasqui,444,13,100,28,15,3,20,,exposed,cir_riv,cirrhitus_rivulatus,1,18
cabo_marzo,piedra_rodrigo,11,2015,luis_chasqui,444,13,100,28,15,3,20,,exposed,epi_lab,epinephelus_labriformis,1,35
cabo_marzo,piedra_rodrigo,11,2015,luis_chasqui,444,13,100,28,15,3,20,,exposed,fis_com,fistularia_commersonii,1,45
cabo_marzo,piedra_rodrigo,11,2015,luis_chasqui,444,13,100,28,15,3,20,,exposed,hae_sex,haemulon_sexfasciatum,2,25
cabo_marzo,piedra_rodrigo,11,2015,luis_chasqui,444,13,100,28,15,3,20,,exposed,hal_chi,halichoeres_chierchiae,1,18
cabo_marzo,piedra_rodrigo,11,2015,luis_chasqui,444,13,100,28,15,3,20,,exposed,hal_dis,halichoeres_dispilus,30,3
cabo_marzo,piedra_rodrigo,11,2015,luis_chasqui,444,13,100,28,15,3,20,,exposed,hal_nic,halichoeres_nicholsi,3,13
cabo_marzo,piedra_rodrigo,11,2015,luis_chasqui,444,13,100,28,15,3,20,,exposed,hal_nic,halichoeres_nicholsi,1,18
cabo_marzo,piedra_rodrigo,11,2015,luis_chasqui,444,13,100,28,15,3,20,,exposed,hol_pas,holacanthus_passer,4,8
cabo_marzo,piedra_rodrigo,11,2015,luis_chasqui,444,13,100,28,15,3,20,,exposed,hol_pas,holacanthus_passer,10,13
cabo_marzo,piedra_rodrigo,11,2015,luis_chasqui,444,13,100,28,15,3,20,,exposed,hol_pas,holacanthus_passer,5,18
cabo_marzo,piedra_rodrigo,11,2015,luis_chasqui,444,13,100,28,15,3,20,,exposed,joh_nig,johnrandallia_nigrirostris,11,8
cabo_marzo,piedra_rodrigo,11,2015,luis_chasqui,444,13,100,28,15,3,20,,exposed,kyp_ana,kyphosus_vaigiensis,2,25
cabo_marzo,piedra_rodrigo,11,2015,luis_chasqui,444,13,100,28,15,3,20,,exposed,lut_arg,lutjanus_argentiventris,50,18
cabo_marzo,piedra_rodrigo,11,2015,luis_chasqui,444,13,100,28,15,3,20,,exposed,lut_arg,lutjanus_argentiventris,20,35
cabo_marzo,piedra_rodrigo,11,2015,luis_chasqui,444,13,100,28,15,3,20,,exposed,mic_dor,microspathodon_dorsalis,1,18
cabo_marzo,piedra_rodrigo,11,2015,luis_chasqui,444,13,100,28,15,3,20,,exposed,par_col,paranthias_colonus,50,3
cabo_marzo,piedra_rodrigo,11,2015,luis_chasqui,444,13,100,28,15,3,20,,exposed,par_col,paranthias_colonus,300,18
cabo_marzo,piedra_rodrigo,11,2015,luis_chasqui,444,13,100,28,15,3,20,,exposed,pla_aza,plagiotremus_azaleus,5,3
cabo_marzo,piedra_rodrigo,11,2015,luis_chasqui,444,13,100,28,15,3,20,,exposed,sca_rub,scarus_rubroviolaceus,3,35
cabo_marzo,piedra_rodrigo,11,2015,luis_chasqui,444,13,100,28,15,3,20,,exposed,ste_fla,stegastes_flavilatus,30,8
cabo_marzo,piedra_rodrigo,11,2015,luis_chasqui,444,13,100,28,15,3,20,,exposed,suf_ver,sufflamen_verres,2,18
cabo_marzo,piedra_rodrigo,11,2015,luis_chasqui,444,13,100,28,15,3,20,,exposed,tha_luc,thalassoma_lucasanum,150,3
cabo_marzo,piedra_rodrigo,11,2015,luis_chasqui,444,13,100,28,15,3,20,,exposed,zan_cor,zanclus_cornutus,1,18
cabo_marzo,piedra_rodrigo,11,2015,luis_chasqui,444,13,100,28,15,3,20,,exposed,pri_lat,prionurus_laticlavius,45,25
cabo_marzo,piedra_rodrigo,11,2015,luis_chasqui,445,13,100,28,15,3,20,,exposed,aro_his,arothron_hispidus,1,25
cabo_marzo,piedra_rodrigo,11,2015,luis_chasqui,445,13,100,28,15,3,20,,exposed,bod_dip,bodianus_diplotaenia,12,3
cabo_marzo,piedra_rodrigo,11,2015,luis_chasqui,445,13,100,28,15,3,20,,exposed,bod_dip,bodianus_diplotaenia,3,18
cabo_marzo,piedra_rodrigo,11,2015,luis_chasqui,445,13,100,28,15,3,20,,exposed,can_pun,canthigaster_punctatissima,5,3
cabo_marzo,piedra_rodrigo,11,2015,luis_chasqui,445,13,100,28,15,3,20,,exposed,car_mel,caranx_melampygus,1,35
cabo_marzo,piedra_rodrigo,11,2015,luis_chasqui,445,13,100,28,15,3,20,,exposed,cep_pan,cephalopholis_panamensis,3,13
cabo_marzo,piedra_rodrigo,11,2015,luis_chasqui,445,13,100,28,15,3,20,,exposed,cep_pan,cephalopholis_panamensis,5,18
cabo_marzo,piedra_rodrigo,11,2015,luis_chasqui,445,13,100,28,15,3,20,,exposed,chr_atr,chromis_atrilobata,120,3
cabo_marzo,piedra_rodrigo,11,2015,luis_chasqui,445,13,100,28,15,3,20,,exposed,epi_lab,epinephelus_labriformis,1,18
cabo_marzo,piedra_rodrigo,11,2015,luis_chasqui,445,13,100,28,15,3,20,,exposed,epi_lab,epinephelus_labriformis,3,25
cabo_marzo,piedra_rodrigo,11,2015,luis_chasqui,445,13,100,28,15,3,20,,exposed,hae_ste,haemulon_steindachneri,300,25
cabo_marzo,piedra_rodrigo,11,2015,luis_chasqui,445,13,100,28,15,3,20,,exposed,hal_nic,halichoeres_nicholsi,1,13
cabo_marzo,piedra_rodrigo,11,2015,luis_chasqui,445,13,100,28,15,3,20,,exposed,hol_pas,holacanthus_passer,2,8
cabo_marzo,piedra_rodrigo,11,2015,luis_chasqui,445,13,100,28,15,3,20,,exposed,joh_nig,johnrandallia_nigrirostris,7,8
cabo_marzo,piedra_rodrigo,11,2015,luis_chasqui,445,13,100,28,15,3,20,,exposed,kyp_ana,kyphosus_vaigiensis,1,18
cabo_marzo,piedra_rodrigo,11,2015,luis_chasqui,445,13,100,28,15,3,20,,exposed,kyp_ana,kyphosus_vaigiensis,30,25
cabo_marzo,piedra_rodrigo,11,2015,luis_chasqui,445,13,100,28,15,3,20,,exposed,lut_arg,lutjanus_argentiventris,5,18
cabo_marzo,piedra_rodrigo,11,2015,luis_chasqui,445,13,100,28,15,3,20,,exposed,mul_den,mulloidichthys_dentatus,3,35
cabo_marzo,piedra_rodrigo,11,2015,luis_chasqui,445,13,100,28,15,3,20,,exposed,myr_lei,myripristis_leiognathus,30,12
cabo_marzo,piedra_rodrigo,11,2015,luis_chasqui,445,13,100,28,15,3,20,,exposed,par_col,paranthias_colonus,300,18
cabo_marzo,piedra_rodrigo,11,2015,luis_chasqui,445,13,100,28,15,3,20,,exposed,sca_rub,scarus_rubroviolaceus,1,35
cabo_marzo,piedra_rodrigo,11,2015,luis_chasqui,445,13,100,28,15,3,20,,exposed,sec_ocy,kyphosus_ocyurus,14,35
cabo_marzo,piedra_rodrigo,11,2015,luis_chasqui,445,13,100,28,15,3,20,,exposed,ste_fla,stegastes_flavilatus,1,8
cabo_marzo,piedra_rodrigo,11,2015,luis_chasqui,445,13,100,28,15,3,20,,exposed,suf_ver,sufflamen_verres,1,13
cabo_marzo,piedra_rodrigo,11,2015,luis_chasqui,445,13,100,28,15,3,20,,exposed,zan_cor,zanclus_cornutus,2,18
cabo_marzo,piedra_rodrigo,11,2015,luis_chasqui,445,13,100,28,15,3,20,,exposed,pri_lat,prionurus_laticlavius,10,25
cabo_marzo,piedra_rodrigo,11,2015,luis_chasqui,445,13,100,28,15,3,20,,exposed,pri_lat,prionurus_laticlavius,15,35
cabo_marzo,piedra_rodrigo,11,2015,luis_chasqui,446,13,100,28,10,3,20,,exposed,aul_chi,aulostomus_chinensis,2,35
cabo_marzo,piedra_rodrigo,11,2015,luis_chasqui,446,13,100,28,10,3,20,,exposed,can_pun,canthigaster_punctatissima,10,3
cabo_marzo,piedra_rodrigo,11,2015,luis_chasqui,446,13,100,28,10,3,20,,exposed,car_mel,caranx_melampygus,1,35
cabo_marzo,piedra_rodrigo,11,2015,luis_chasqui,446,13,100,28,10,3,20,,exposed,chr_atr,chromis_atrilobata,200,8
cabo_marzo,piedra_rodrigo,11,2015,luis_chasqui,446,13,100,28,10,3,20,,exposed,cir_oxy,cirrhitichthys_oxycephalus,5,3
cabo_marzo,piedra_rodrigo,11,2015,luis_chasqui,446,13,100,28,10,3,20,,exposed,epi_lab,epinephelus_labriformis,3,13
cabo_marzo,piedra_rodrigo,11,2015,luis_chasqui,446,13,100,28,10,3,20,,exposed,epi_lab,epinephelus_labriformis,11,25
cabo_marzo,piedra_rodrigo,11,2015,luis_chasqui,446,13,100,28,10,3,20,,exposed,hae_mac,haemulon_maculicauda,3,13
cabo_marzo,piedra_rodrigo,11,2015,luis_chasqui,446,13,100,28,10,3,20,,exposed,hae_sex,haemulon_sexfasciatum,1,35
cabo_marzo,piedra_rodrigo,11,2015,luis_chasqui,446,13,100,28,10,3,20,,exposed,hal_chi,halichoeres_chierchiae,4,18
cabo_marzo,piedra_rodrigo,11,2015,luis_chasqui,446,13,100,28,10,3,20,,exposed,hol_pas,holacanthus_passer,20,13
cabo_marzo,piedra_rodrigo,11,2015,luis_chasqui,446,13,100,28,10,3,20,,exposed,hol_pas,holacanthus_passer,20,18
cabo_marzo,piedra_rodrigo,11,2015,luis_chasqui,446,13,100,28,10,3,20,,exposed,joh_nig,johnrandallia_nigrirostris,15,8
cabo_marzo,piedra_rodrigo,11,2015,luis_chasqui,446,13,100,28,10,3,20,,exposed,kyp_ana,kyphosus_vaigiensis,5,25
cabo_marzo,piedra_rodrigo,11,2015,luis_chasqui,446,13,100,28,10,3,20,,exposed,lut_arg,lutjanus_argentiventris,20,8
cabo_marzo,piedra_rodrigo,11,2015,luis_chasqui,446,13,100,28,10,3,20,,exposed,lut_arg,lutjanus_argentiventris,22,18
cabo_marzo,piedra_rodrigo,11,2015,luis_chasqui,446,13,100,28,10,3,20,,exposed,lut_arg,lutjanus_argentiventris,10,35
cabo_marzo,piedra_rodrigo,11,2015,luis_chasqui,446,13,100,28,10,3,20,,exposed,mic_dor,microspathodon_dorsalis,5,25
cabo_marzo,piedra_rodrigo,11,2015,luis_chasqui,446,13,100,28,10,3,20,,exposed,mul_den,mulloidichthys_dentatus,1,35
cabo_marzo,piedra_rodrigo,11,2015,luis_chasqui,446,13,100,28,10,3,20,,exposed,ste_fla,stegastes_flavilatus,10,8
cabo_marzo,piedra_rodrigo,11,2015,luis_chasqui,446,13,100,28,10,3,20,,exposed,suf_ver,sufflamen_verres,4,25
cabo_marzo,piedra_rodrigo,11,2015,luis_chasqui,446,13,100,28,10,3,20,,exposed,tha_luc,thalassoma_lucasanum,30,3
cabo_marzo,piedra_rodrigo,11,2015,luis_chasqui,446,13,100,28,10,3,20,,exposed,zan_cor,zanclus_cornutus,1,18
cabo_marzo,piedra_rodrigo,11,2015,luis_chasqui,446,13,100,28,10,3,20,,exposed,pri_lat,prionurus_laticlavius,15,35
cabo_marzo,piedra_rodrigo,11,2015,natalia_rincon,447,13,100,28,27,3,30,,exposed,bod_dip,bodianus_diplotaenia,2,8
cabo_marzo,piedra_rodrigo,11,2015,natalia_rincon,447,13,100,28,27,3,30,,exposed,bod_dip,bodianus_diplotaenia,1,13
cabo_marzo,piedra_rodrigo,11,2015,natalia_rincon,447,13,100,28,27,3,30,,exposed,can_pun,canthigaster_punctatissima,4,3
cabo_marzo,piedra_rodrigo,11,2015,natalia_rincon,447,13,100,28,27,3,30,,exposed,cep_pan,cephalopholis_panamensis,4,8
cabo_marzo,piedra_rodrigo,11,2015,natalia_rincon,447,13,100,28,27,3,30,,exposed,epi_lab,epinephelus_labriformis,3,13
cabo_marzo,piedra_rodrigo,11,2015,natalia_rincon,447,13,100,28,27,3,30,,exposed,hal_chi,halichoeres_chierchiae,2,8
cabo_marzo,piedra_rodrigo,11,2015,natalia_rincon,447,13,100,28,27,3,30,,exposed,hal_chi,halichoeres_chierchiae,1,13
cabo_marzo,piedra_rodrigo,11,2015,natalia_rincon,447,13,100,28,27,3,30,,exposed,hal_dis,halichoeres_dispilus,10,3
cabo_marzo,piedra_rodrigo,11,2015,natalia_rincon,447,13,100,28,27,3,30,,exposed,hal_dis,halichoeres_dispilus,2,8
cabo_marzo,piedra_rodrigo,11,2015,natalia_rincon,447,13,100,28,27,3,30,,exposed,hal_not,halichoeres_notospilus,1,8
cabo_marzo,piedra_rodrigo,11,2015,natalia_rincon,447,13,100,28,27,3,30,,exposed,hol_pas,holacanthus_passer,4,8
cabo_marzo,piedra_rodrigo,11,2015,natalia_rincon,447,13,100,28,27,3,30,,exposed,hol_pas,holacanthus_passer,1,13
cabo_marzo,piedra_rodrigo,11,2015,natalia_rincon,447,13,100,28,27,3,30,,exposed,myr_lei,myripristis_leiognathus,6,13
cabo_marzo,piedra_rodrigo,11,2015,natalia_rincon,447,13,100,28,27,3,30,,exposed,par_col,paranthias_colonus,100,3
cabo_marzo,piedra_rodrigo,11,2015,natalia_rincon,447,13,100,28,27,3,30,,exposed,par_col,paranthias_colonus,6,13
cabo_marzo,piedra_rodrigo,11,2015,natalia_rincon,447,13,100,28,27,3,30,,exposed,pla_aza,plagiotremus_azaleus,3,3
cabo_marzo,piedra_rodrigo,11,2015,natalia_rincon,447,13,100,28,27,3,30,,exposed,ryp_bic,rypticus_bicolor,1,25
cabo_marzo,piedra_rodrigo,11,2015,natalia_rincon,447,13,100,28,27,3,30,,exposed,sec_ocy,kyphosus_ocyurus,150,35
cabo_marzo,piedra_rodrigo,11,2015,natalia_rincon,447,13,100,28,27,3,30,,exposed,suf_ver,sufflamen_verres,3,13
cabo_marzo,piedra_rodrigo,11,2015,natalia_rincon,447,13,100,28,27,3,30,,exposed,tha_luc,thalassoma_lucasanum,4,3
cabo_marzo,piedra_rodrigo,11,2015,natalia_rincon,447,13,100,28,27,3,30,,exposed,lio_fas,liopropoma_fasciatum,1,8
cabo_marzo,piedra_rodrigo,11,2015,natalia_rincon,448,13,100,28,12,3,20,,exposed,aca_xan,acanthurus_xanthopterus,2,45
cabo_marzo,piedra_rodrigo,11,2015,natalia_rincon,448,13,100,28,12,3,20,,exposed,aro_his,arothron_hispidus,2,25
cabo_marzo,piedra_rodrigo,11,2015,natalia_rincon,448,13,100,28,12,3,20,,exposed,bod_dip,bodianus_diplotaenia,1,18
cabo_marzo,piedra_rodrigo,11,2015,natalia_rincon,448,13,100,28,12,3,20,,exposed,can_pun,canthigaster_punctatissima,2,3
cabo_marzo,piedra_rodrigo,11,2015,natalia_rincon,448,13,100,28,12,3,20,,exposed,cep_pan,cephalopholis_panamensis,3,25
cabo_marzo,piedra_rodrigo,11,2015,natalia_rincon,448,13,100,28,12,3,20,,exposed,chr_atr,chromis_atrilobata,60,3
cabo_marzo,piedra_rodrigo,11,2015,natalia_rincon,448,13,100,28,12,3,20,,exposed,cir_oxy,cirrhitichthys_oxycephalus,1,3
cabo_marzo,piedra_rodrigo,11,2015,natalia_rincon,448,13,100,28,12,3,20,,exposed,ela_bip,elagatis_bipinnulata,1,55
cabo_marzo,piedra_rodrigo,11,2015,natalia_rincon,448,13,100,28,12,3,20,,exposed,epi_lab,epinephelus_labriformis,1,45
cabo_marzo,piedra_rodrigo,11,2015,natalia_rincon,448,13,100,28,12,3,20,,exposed,hae_ste,haemulon_steindachneri,18,25
cabo_marzo,piedra_rodrigo,11,2015,natalia_rincon,448,13,100,28,12,3,20,,exposed,hal_chi,halichoeres_chierchiae,1,8
cabo_marzo,piedra_rodrigo,11,2015,natalia_rincon,448,13,100,28,12,3,20,,exposed,hal_dis,halichoeres_dispilus,50,8
cabo_marzo,piedra_rodrigo,11,2015,natalia_rincon,448,13,100,28,12,3,20,,exposed,hol_pas,holacanthus_passer,2,8
cabo_marzo,piedra_rodrigo,11,2015,natalia_rincon,448,13,100,28,12,3,20,,exposed,hol_pas,holacanthus_passer,8,13
cabo_marzo,piedra_rodrigo,11,2015,natalia_rincon,448,13,100,28,12,3,20,,exposed,hol_pas,holacanthus_passer,3,18
cabo_marzo,piedra_rodrigo,11,2015,natalia_rincon,448,13,100,28,12,3,20,,exposed,joh_nig,johnrandallia_nigrirostris,35,8
cabo_marzo,piedra_rodrigo,11,2015,natalia_rincon,448,13,100,28,12,3,20,,exposed,kyp_ana,kyphosus_vaigiensis,3,18
cabo_marzo,piedra_rodrigo,11,2015,natalia_rincon,448,13,100,28,12,3,20,,exposed,oph_ste,ophioblennius_steindachneri,1,13
cabo_marzo,piedra_rodrigo,11,2015,natalia_rincon,448,13,100,28,12,3,20,,exposed,par_col,paranthias_colonus,10,3
cabo_marzo,piedra_rodrigo,11,2015,natalia_rincon,448,13,100,28,12,3,20,,exposed,par_col,paranthias_colonus,10,8
cabo_marzo,piedra_rodrigo,11,2015,natalia_rincon,448,13,100,28,12,3,20,,exposed,par_col,paranthias_colonus,20,13
cabo_marzo,piedra_rodrigo,11,2015,natalia_rincon,448,13,100,28,12,3,20,,exposed,sca_rub,scarus_rubroviolaceus,1,18
cabo_marzo,piedra_rodrigo,11,2015,natalia_rincon,448,13,100,28,12,3,20,,exposed,sec_ocy,kyphosus_ocyurus,30,35
cabo_marzo,piedra_rodrigo,11,2015,natalia_rincon,448,13,100,28,12,3,20,,exposed,ste_fla,stegastes_flavilatus,4,8
cabo_marzo,piedra_rodrigo,11,2015,natalia_rincon,448,13,100,28,12,3,20,,exposed,suf_ver,sufflamen_verres,3,13
cabo_marzo,piedra_rodrigo,11,2015,natalia_rincon,448,13,100,28,12,3,20,,exposed,tha_luc,thalassoma_lucasanum,240,3
cabo_marzo,piedra_rodrigo,11,2015,natalia_rincon,449,13,100,28,13,3,25,,exposed,aca_xan,acanthurus_xanthopterus,1,35
cabo_marzo,piedra_rodrigo,11,2015,natalia_rincon,449,13,100,28,13,3,25,,exposed,aro_mel,arothron_meleagris,1,18
cabo_marzo,piedra_rodrigo,11,2015,natalia_rincon,449,13,100,28,13,3,25,,exposed,bod_dip,bodianus_diplotaenia,2,25
cabo_marzo,piedra_rodrigo,11,2015,natalia_rincon,449,13,100,28,13,3,25,,exposed,cep_pan,cephalopholis_panamensis,1,25
cabo_marzo,piedra_rodrigo,11,2015,natalia_rincon,449,13,100,28,13,3,25,,exposed,epi_lab,epinephelus_labriformis,2,25
cabo_marzo,piedra_rodrigo,11,2015,natalia_rincon,449,13,100,28,13,3,25,,exposed,hol_pas,holacanthus_passer,2,13
cabo_marzo,piedra_rodrigo,11,2015,natalia_rincon,449,13,100,28,13,3,25,,exposed,pse_nau,pseudobalistes_naufragium,1,45
cabo_marzo,piedra_rodrigo,11,2015,natalia_rincon,449,13,100,28,13,3,25,,exposed,sca_rub,scarus_rubroviolaceus,3,13
cabo_marzo,piedra_rodrigo,11,2015,natalia_rincon,449,13,100,28,13,3,25,,exposed,suf_ver,sufflamen_verres,15,13
cabo_marzo,piedra_rodrigo,11,2015,natalia_rincon,450,13,100,28,14,3,25,,exposed,aro_his,arothron_hispidus,1,25
cabo_marzo,piedra_rodrigo,11,2015,natalia_rincon,450,13,100,28,14,3,25,,exposed,cep_pan,cephalopholis_panamensis,2,35
cabo_marzo,piedra_rodrigo,11,2015,natalia_rincon,450,13,100,28,14,3,25,,exposed,fis_com,fistularia_commersonii,2,55
cabo_marzo,piedra_rodrigo,11,2015,natalia_rincon,450,13,100,28,14,3,25,,exposed,hae_sex,haemulon_sexfasciatum,1,25
cabo_marzo,piedra_rodrigo,11,2015,natalia_rincon,450,13,100,28,14,3,25,,exposed,hal_dis,halichoeres_dispilus,2,3
cabo_marzo,piedra_rodrigo,11,2015,natalia_rincon,450,13,100,28,14,3,25,,exposed,hal_nic,halichoeres_nicholsi,1,8
cabo_marzo,piedra_rodrigo,11,2015,natalia_rincon,450,13,100,28,14,3,25,,exposed,hal_nic,halichoeres_nicholsi,2,13
cabo_marzo,piedra_rodrigo,11,2015,natalia_rincon,450,13,100,28,14,3,25,,exposed,hol_pas,holacanthus_passer,1,3
cabo_marzo,piedra_rodrigo,11,2015,natalia_rincon,450,13,100,28,14,3,25,,exposed,hol_pas,holacanthus_passer,4,13
cabo_marzo,piedra_rodrigo,11,2015,natalia_rincon,450,13,100,28,14,3,25,,exposed,joh_nig,johnrandallia_nigrirostris,4,8
cabo_marzo,piedra_rodrigo,11,2015,natalia_rincon,450,13,100,28,14,3,25,,exposed,kyp_ana,kyphosus_vaigiensis,5,25
cabo_marzo,piedra_rodrigo,11,2015,natalia_rincon,450,13,100,28,14,3,25,,exposed,lut_arg,lutjanus_argentiventris,15,25
cabo_marzo,piedra_rodrigo,11,2015,natalia_rincon,450,13,100,28,14,3,25,,exposed,lut_arg,lutjanus_argentiventris,2,35
cabo_marzo,piedra_rodrigo,11,2015,natalia_rincon,450,13,100,28,14,3,25,,exposed,lut_arg,lutjanus_argentiventris,1,45
cabo_marzo,piedra_rodrigo,11,2015,natalia_rincon,450,13,100,28,14,3,25,,exposed,mic_dor,microspathodon_dorsalis,4,13
cabo_marzo,piedra_rodrigo,11,2015,natalia_rincon,450,13,100,28,14,3,25,,exposed,ost_mel,ostracion_meleagris,1,13
cabo_marzo,piedra_rodrigo,11,2015,natalia_rincon,450,13,100,28,14,3,25,,exposed,par_col,paranthias_colonus,131,3
cabo_marzo,piedra_rodrigo,11,2015,natalia_rincon,450,13,100,28,14,3,25,,exposed,par_col,paranthias_colonus,500,13
cabo_marzo,piedra_rodrigo,11,2015,natalia_rincon,450,13,100,28,14,3,25,,exposed,sca_rub,scarus_rubroviolaceus,2,25
cabo_marzo,piedra_rodrigo,11,2015,natalia_rincon,450,13,100,28,14,3,25,,exposed,ste_fla,stegastes_flavilatus,1,8
cabo_marzo,piedra_rodrigo,11,2015,natalia_rincon,450,13,100,28,14,3,25,,exposed,tha_luc,thalassoma_lucasanum,6,3
cabo_marzo,piedra_rodrigo,11,2015,natalia_rincon,450,13,100,28,14,3,25,,exposed,pri_lat,prionurus_laticlavius,10,35
cupica,la_mina,11,2015,luis_chasqui,451,15,100,28,26,2,20,,exposed,aro_his,arothron_hispidus,1,35
cupica,la_mina,11,2015,luis_chasqui,451,15,100,28,26,2,20,,exposed,bod_dip,bodianus_diplotaenia,5,3
cupica,la_mina,11,2015,luis_chasqui,451,15,100,28,26,2,20,,exposed,bod_dip,bodianus_diplotaenia,1,8
cupica,la_mina,11,2015,luis_chasqui,451,15,100,28,26,2,20,,exposed,bod_dip,bodianus_diplotaenia,1,35
cupica,la_mina,11,2015,luis_chasqui,451,15,100,28,26,2,20,,exposed,can_pun,canthigaster_punctatissima,1,3
cupica,la_mina,11,2015,luis_chasqui,451,15,100,28,26,2,20,,exposed,car_cab,caranx_caballus,300,25
cupica,la_mina,11,2015,luis_chasqui,451,15,100,28,26,2,20,,exposed,car_mel,caranx_melampygus,1,35
cupica,la_mina,11,2015,luis_chasqui,451,15,100,28,26,2,20,,exposed,cep_pan,cephalopholis_panamensis,1,25
cupica,la_mina,11,2015,luis_chasqui,451,15,100,28,26,2,20,,exposed,chr_atr,chromis_atrilobata,300,3
cupica,la_mina,11,2015,luis_chasqui,451,15,100,28,26,2,20,,exposed,cir_oxy,cirrhitichthys_oxycephalus,1,3
cupica,la_mina,11,2015,luis_chasqui,451,15,100,28,26,2,20,,exposed,hal_dis,halichoeres_dispilus,30,3
cupica,la_mina,11,2015,luis_chasqui,451,15,100,28,26,2,20,,exposed,hal_dis,halichoeres_dispilus,3,8
cupica,la_mina,11,2015,luis_chasqui,451,15,100,28,26,2,20,,exposed,hal_nic,halichoeres_nicholsi,1,13
cupica,la_mina,11,2015,luis_chasqui,451,15,100,28,26,2,20,,exposed,hol_pas,holacanthus_passer,2,8
cupica,la_mina,11,2015,luis_chasqui,451,15,100,28,26,2,20,,exposed,hol_pas,holacanthus_passer,1,13
cupica,la_mina,11,2015,luis_chasqui,451,15,100,28,26,2,20,,exposed,joh_nig,johnrandallia_nigrirostris,35,8
cupica,la_mina,11,2015,luis_chasqui,451,15,100,28,26,2,20,,exposed,lut_arg,lutjanus_argentiventris,3,25
cupica,la_mina,11,2015,luis_chasqui,451,15,100,28,26,2,20,,exposed,par_col,paranthias_colonus,100,3
cupica,la_mina,11,2015,luis_chasqui,451,15,100,28,26,2,20,,exposed,par_col,paranthias_colonus,50,13
cupica,la_mina,11,2015,luis_chasqui,451,15,100,28,26,2,20,,exposed,par_col,paranthias_colonus,100,18
cupica,la_mina,11,2015,luis_chasqui,451,15,100,28,26,2,20,,exposed,pla_aza,plagiotremus_azaleus,5,3
cupica,la_mina,11,2015,luis_chasqui,451,15,100,28,26,2,20,,exposed,pse_nau,pseudobalistes_naufragium,2,35
cupica,la_mina,11,2015,luis_chasqui,451,15,100,28,26,2,20,,exposed,ste_fla,stegastes_flavilatus,3,8
cupica,la_mina,11,2015,luis_chasqui,451,15,100,28,26,2,20,,exposed,suf_ver,sufflamen_verres,1,18
cupica,la_mina,11,2015,luis_chasqui,451,15,100,28,26,2,20,,exposed,tha_luc,thalassoma_lucasanum,20,3
cupica,la_mina,11,2015,luis_chasqui,452,15,100,28,18,2,10,,exposed,aca_xan,acanthurus_xanthopterus,5,35
cupica,la_mina,11,2015,luis_chasqui,452,15,100,28,18,2,10,,exposed,aro_mel,arothron_meleagris,4,18
cupica,la_mina,11,2015,luis_chasqui,452,15,100,28,18,2,10,,exposed,bod_dip,bodianus_diplotaenia,1,13
cupica,la_mina,11,2015,luis_chasqui,452,15,100,28,18,2,10,,exposed,cep_pan,cephalopholis_panamensis,1,13
cupica,la_mina,11,2015,luis_chasqui,452,15,100,28,18,2,10,,exposed,chr_atr,chromis_atrilobata,50,3
cupica,la_mina,11,2015,luis_chasqui,452,15,100,28,18,2,10,,exposed,cir_oxy,cirrhitichthys_oxycephalus,2,3
cupica,la_mina,11,2015,luis_chasqui,452,15,100,28,18,2,10,,exposed,epi_lab,epinephelus_labriformis,2,25
cupica,la_mina,11,2015,luis_chasqui,452,15,100,28,18,2,10,,exposed,hae_mac,haemulon_maculicauda,10,18
cupica,la_mina,11,2015,luis_chasqui,452,15,100,28,18,2,10,,exposed,hal_dis,halichoeres_dispilus,35,3
cupica,la_mina,11,2015,luis_chasqui,452,15,100,28,18,2,10,,exposed,hol_pas,holacanthus_passer,1,13
cupica,la_mina,11,2015,luis_chasqui,452,15,100,28,18,2,10,,exposed,hol_pas,holacanthus_passer,100,18
cupica,la_mina,11,2015,luis_chasqui,452,15,100,28,18,2,10,,exposed,joh_nig,johnrandallia_nigrirostris,120,8
cupica,la_mina,11,2015,luis_chasqui,452,15,100,28,18,2,10,,exposed,lut_arg,lutjanus_argentiventris,1,13
cupica,la_mina,11,2015,luis_chasqui,452,15,100,28,18,2,10,,exposed,par_col,paranthias_colonus,600,18
cupica,la_mina,11,2015,luis_chasqui,452,15,100,28,18,2,10,,exposed,pla_aza,plagiotremus_azaleus,12,3
cupica,la_mina,11,2015,luis_chasqui,452,15,100,28,18,2,10,,exposed,sec_ocy,kyphosus_ocyurus,105,35
cupica,la_mina,11,2015,luis_chasqui,452,15,100,28,18,2,10,,exposed,ste_fla,stegastes_flavilatus,5,8
cupica,la_mina,11,2015,luis_chasqui,452,15,100,28,18,2,10,,exposed,tha_luc,thalassoma_lucasanum,150,3
cupica,la_mina,11,2015,luis_chasqui,452,15,100,28,18,2,10,,exposed,pri_lat,prionurus_laticlavius,2,35
cupica,la_mina,11,2015,natalia_rincon,453,15,100,28,24,2,20,,exposed,aca_xan,acanthurus_xanthopterus,4,35
cupica,la_mina,11,2015,natalia_rincon,453,15,100,28,24,2,20,,exposed,aro_mel,arothron_meleagris,1,35
cupica,la_mina,11,2015,natalia_rincon,453,15,100,28,24,2,20,,exposed,bod_dip,bodianus_diplotaenia,1,3
cupica,la_mina,11,2015,natalia_rincon,453,15,100,28,24,2,20,,exposed,bod_dip,bodianus_diplotaenia,1,8
cupica,la_mina,11,2015,natalia_rincon,453,15,100,28,24,2,20,,exposed,bod_dip,bodianus_diplotaenia,2,13
cupica,la_mina,11,2015,natalia_rincon,453,15,100,28,24,2,20,,exposed,bod_dip,bodianus_diplotaenia,3,18
cupica,la_mina,11,2015,natalia_rincon,453,15,100,28,24,2,20,,exposed,cep_pan,cephalopholis_panamensis,2,25
cupica,la_mina,11,2015,natalia_rincon,453,15,100,28,24,2,20,,exposed,cha_zon,chaetodipterus_zonatus,4,35
cupica,la_mina,11,2015,natalia_rincon,453,15,100,28,24,2,20,,exposed,cir_oxy,cirrhitichthys_oxycephalus,4,3
cupica,la_mina,11,2015,natalia_rincon,453,15,100,28,24,2,20,,exposed,epi_lab,epinephelus_labriformis,1,25
cupica,la_mina,11,2015,natalia_rincon,453,15,100,28,24,2,20,,exposed,gym_cas,gymnothorax_castaneus,1,75
cupica,la_mina,11,2015,natalia_rincon,453,15,100,28,24,2,20,,exposed,hol_pas,holacanthus_passer,1,3
cupica,la_mina,11,2015,natalia_rincon,453,15,100,28,24,2,20,,exposed,hol_pas,holacanthus_passer,2,8
cupica,la_mina,11,2015,natalia_rincon,453,15,100,28,24,2,20,,exposed,hol_pas,holacanthus_passer,4,13
cupica,la_mina,11,2015,natalia_rincon,453,15,100,28,24,2,20,,exposed,hol_pas,holacanthus_passer,4,18
cupica,la_mina,11,2015,natalia_rincon,453,15,100,28,24,2,20,,exposed,joh_nig,johnrandallia_nigrirostris,8,8
cupica,la_mina,11,2015,natalia_rincon,453,15,100,28,24,2,20,,exposed,lut_arg,lutjanus_argentiventris,1,35
cupica,la_mina,11,2015,natalia_rincon,453,15,100,28,24,2,20,,exposed,par_col,paranthias_colonus,15,3
cupica,la_mina,11,2015,natalia_rincon,453,15,100,28,24,2,20,,exposed,par_col,paranthias_colonus,51,13
cupica,la_mina,11,2015,natalia_rincon,453,15,100,28,24,2,20,,exposed,pla_aza,plagiotremus_azaleus,5,3
cupica,la_mina,11,2015,natalia_rincon,453,15,100,28,24,2,20,,exposed,sco_sie,scomberomorus_sierra,1,35
cupica,la_mina,11,2015,natalia_rincon,453,15,100,28,24,2,20,,exposed,ser_riv,seriola_rivoliana,1,35
cupica,la_mina,11,2015,natalia_rincon,453,15,100,28,24,2,20,,exposed,ste_fla,stegastes_flavilatus,2,8
cupica,la_mina,11,2015,natalia_rincon,453,15,100,28,24,2,20,,exposed,suf_ver,sufflamen_verres,5,13
cupica,la_mina,11,2015,luis_chasqui,454,15,100,28,14,2,20,,exposed,car_mel,caranx_melampygus,3,35
cupica,la_mina,11,2015,luis_chasqui,454,15,100,28,14,2,20,,exposed,cep_pan,cephalopholis_panamensis,1,18
cupica,la_mina,11,2015,luis_chasqui,454,15,100,28,14,2,20,,exposed,chr_atr,chromis_atrilobata,35,8
cupica,la_mina,11,2015,luis_chasqui,454,15,100,28,14,2,20,,exposed,cir_oxy,cirrhitichthys_oxycephalus,1,3
cupica,la_mina,11,2015,luis_chasqui,454,15,100,28,14,2,20,,exposed,hae_fla,haemulon_flaviguttatum,45,25
cupica,la_mina,11,2015,luis_chasqui,454,15,100,28,14,2,20,,exposed,hol_pas,holacanthus_passer,14,13
cupica,la_mina,11,2015,luis_chasqui,454,15,100,28,14,2,20,,exposed,hol_pas,holacanthus_passer,1,18
cupica,la_mina,11,2015,luis_chasqui,454,15,100,28,14,2,20,,exposed,joh_nig,johnrandallia_nigrirostris,143,8
cupica,la_mina,11,2015,luis_chasqui,454,15,100,28,14,2,20,,exposed,lut_arg,lutjanus_argentiventris,1,35
cupica,la_mina,11,2015,luis_chasqui,454,15,100,28,14,2,20,,exposed,pla_aza,plagiotremus_azaleus,3,3
cupica,la_mina,11,2015,luis_chasqui,454,15,100,28,14,2,20,,exposed,sec_ocy,kyphosus_ocyurus,105,35
cupica,la_mina,11,2015,luis_chasqui,454,15,100,28,14,2,20,,exposed,ste_fla,stegastes_flavilatus,5,8
cupica,la_mina,11,2015,luis_chasqui,454,15,100,28,14,2,20,,exposed,suf_ver,sufflamen_verres,2,8
cupica,la_mina,11,2015,luis_chasqui,454,15,100,28,14,2,20,,exposed,tha_luc,thalassoma_lucasanum,265,3
bahia_solano,piedra_del_norte,11,2015,luis_chasqui,455,19,100,28,14,2,20,,exposed,aca_xan,acanthurus_xanthopterus,4,35
bahia_solano,piedra_del_norte,11,2015,luis_chasqui,455,19,100,28,14,2,20,,exposed,aro_his,arothron_hispidus,1,35
bahia_solano,piedra_del_norte,11,2015,luis_chasqui,455,19,100,28,14,2,20,,exposed,can_pun,canthigaster_punctatissima,4,3
bahia_solano,piedra_del_norte,11,2015,luis_chasqui,455,19,100,28,14,2,20,,exposed,car_mel,caranx_melampygus,4,35
bahia_solano,piedra_del_norte,11,2015,luis_chasqui,455,19,100,28,14,2,20,,exposed,cep_pan,cephalopholis_panamensis,1,18
bahia_solano,piedra_del_norte,11,2015,luis_chasqui,455,19,100,28,14,2,20,,exposed,chr_atr,chromis_atrilobata,50,8
bahia_solano,piedra_del_norte,11,2015,luis_chasqui,455,19,100,28,14,2,20,,exposed,epi_lab,epinephelus_labriformis,4,25
bahia_solano,piedra_del_norte,11,2015,luis_chasqui,455,19,100,28,14,2,20,,exposed,gym_cas,gymnothorax_castaneus,2,95
bahia_solano,piedra_del_norte,11,2015,luis_chasqui,455,19,100,28,14,2,20,,exposed,hal_dis,halichoeres_dispilus,10,8
bahia_solano,piedra_del_norte,11,2015,luis_chasqui,455,19,100,28,14,2,20,,exposed,hal_nic,halichoeres_nicholsi,2,13
bahia_solano,piedra_del_norte,11,2015,luis_chasqui,455,19,100,28,14,2,20,,exposed,hol_pas,holacanthus_passer,1,3
bahia_solano,piedra_del_norte,11,2015,luis_chasqui,455,19,100,28,14,2,20,,exposed,hol_pas,holacanthus_passer,1,13
bahia_solano,piedra_del_norte,11,2015,luis_chasqui,455,19,100,28,14,2,20,,exposed,hol_pas,holacanthus_passer,2,18
bahia_solano,piedra_del_norte,11,2015,luis_chasqui,455,19,100,28,14,2,20,,exposed,lut_arg,lutjanus_argentiventris,1,35
bahia_solano,piedra_del_norte,11,2015,luis_chasqui,455,19,100,28,14,2,20,,exposed,lut_nov,lutjanus_novemfasciatus,1,55
bahia_solano,piedra_del_norte,11,2015,luis_chasqui,455,19,100,28,14,2,20,,exposed,myr_lei,myripristis_leiognathus,3,13
bahia_solano,piedra_del_norte,11,2015,luis_chasqui,455,19,100,28,14,2,20,,exposed,par_col,paranthias_colonus,5,13
bahia_solano,piedra_del_norte,11,2015,luis_chasqui,455,19,100,28,14,2,20,,exposed,sca_com,scarus_compressus,1,25
bahia_solano,piedra_del_norte,11,2015,luis_chasqui,455,19,100,28,14,2,20,,exposed,ste_fla,stegastes_flavilatus,10,8
bahia_solano,piedra_del_norte,11,2015,luis_chasqui,455,19,100,28,14,2,20,,exposed,suf_ver,sufflamen_verres,1,3
bahia_solano,piedra_del_norte,11,2015,luis_chasqui,455,19,100,28,14,2,20,,exposed,suf_ver,sufflamen_verres,15,13
bahia_solano,piedra_del_norte,11,2015,luis_chasqui,455,19,100,28,14,2,20,,exposed,suf_ver,sufflamen_verres,9,18
bahia_solano,piedra_del_norte,11,2015,luis_chasqui,455,19,100,28,14,2,20,,exposed,tha_luc,thalassoma_lucasanum,100,3
bahia_solano,piedra_del_norte,11,2015,luis_chasqui,456,19,100,28,15,2,10,,exposed,aro_his,arothron_hispidus,3,18
bahia_solano,piedra_del_norte,11,2015,luis_chasqui,456,19,100,28,15,2,10,,exposed,aro_mel,arothron_meleagris,2,18
bahia_solano,piedra_del_norte,11,2015,luis_chasqui,456,19,100,28,15,2,10,,exposed,bod_dip,bodianus_diplotaenia,1,18
bahia_solano,piedra_del_norte,11,2015,luis_chasqui,456,19,100,28,15,2,10,,exposed,can_pun,canthigaster_punctatissima,6,3
bahia_solano,piedra_del_norte,11,2015,luis_chasqui,456,19,100,28,15,2,10,,exposed,epi_lab,epinephelus_labriformis,2,13
bahia_solano,piedra_del_norte,11,2015,luis_chasqui,456,19,100,28,15,2,10,,exposed,epi_lab,epinephelus_labriformis,4,35
bahia_solano,piedra_del_norte,11,2015,luis_chasqui,456,19,100,28,15,2,10,,exposed,fis_com,fistularia_commersonii,1,55
bahia_solano,piedra_del_norte,11,2015,luis_chasqui,456,19,100,28,15,2,10,,exposed,gym_cas,gymnothorax_castaneus,1,85
bahia_solano,piedra_del_norte,11,2015,luis_chasqui,456,19,100,28,15,2,10,,exposed,hal_dis,halichoeres_dispilus,2,8
bahia_solano,piedra_del_norte,11,2015,luis_chasqui,456,19,100,28,15,2,10,,exposed,hal_nic,halichoeres_nicholsi,1,25
bahia_solano,piedra_del_norte,11,2015,luis_chasqui,456,19,100,28,15,2,10,,exposed,hol_pas,holacanthus_passer,2,13
bahia_solano,piedra_del_norte,11,2015,luis_chasqui,456,19,100,28,15,2,10,,exposed,joh_nig,johnrandallia_nigrirostris,1,3
bahia_solano,piedra_del_norte,11,2015,luis_chasqui,456,19,100,28,15,2,10,,exposed,myr_lei,myripristis_leiognathus,4,13
bahia_solano,piedra_del_norte,11,2015,luis_chasqui,456,19,100,28,15,2,10,,exposed,par_col,paranthias_colonus,8,13
bahia_solano,piedra_del_norte,11,2015,luis_chasqui,456,19,100,28,15,2,10,,exposed,pla_aza,plagiotremus_azaleus,2,3
bahia_solano,piedra_del_norte,11,2015,luis_chasqui,456,19,100,28,15,2,10,,exposed,sca_com,scarus_compressus,2,25
bahia_solano,piedra_del_norte,11,2015,luis_chasqui,456,19,100,28,15,2,10,,exposed,sca_rub,scarus_rubroviolaceus,1,35
bahia_solano,piedra_del_norte,11,2015,luis_chasqui,456,19,100,28,15,2,10,,exposed,ste_fla,stegastes_flavilatus,13,8
bahia_solano,piedra_del_norte,11,2015,luis_chasqui,456,19,100,28,15,2,10,,exposed,suf_ver,sufflamen_verres,10,13
bahia_solano,piedra_del_norte,11,2015,luis_chasqui,456,19,100,28,15,2,10,,exposed,suf_ver,sufflamen_verres,20,18
bahia_solano,piedra_del_norte,11,2015,luis_chasqui,456,19,100,28,15,2,10,,exposed,tha_luc,thalassoma_lucasanum,200,3
bahia_solano,piedra_del_norte,11,2015,luis_chasqui,457,19,100,28,15,2,10,,exposed,aca_xan,acanthurus_xanthopterus,3,35
bahia_solano,piedra_del_norte,11,2015,luis_chasqui,457,19,100,28,15,2,10,,exposed,aro_his,arothron_hispidus,1,18
bahia_solano,piedra_del_norte,11,2015,luis_chasqui,457,19,100,28,15,2,10,,exposed,aro_his,arothron_hispidus,1,25
bahia_solano,piedra_del_norte,11,2015,luis_chasqui,457,19,100,28,15,2,10,,exposed,bod_dip,bodianus_diplotaenia,1,13
bahia_solano,piedra_del_norte,11,2015,luis_chasqui,457,19,100,28,15,2,10,,exposed,bod_dip,bodianus_diplotaenia,2,18
bahia_solano,piedra_del_norte,11,2015,luis_chasqui,457,19,100,28,15,2,10,,exposed,can_pun,canthigaster_punctatissima,4,3
bahia_solano,piedra_del_norte,11,2015,luis_chasqui,457,19,100,28,15,2,10,,exposed,car_mel,caranx_melampygus,1,25
bahia_solano,piedra_del_norte,11,2015,luis_chasqui,457,19,100,28,15,2,10,,exposed,car_mel,caranx_melampygus,1,35
bahia_solano,piedra_del_norte,11,2015,luis_chasqui,457,19,100,28,15,2,10,,exposed,cep_pan,cephalopholis_panamensis,2,13
bahia_solano,piedra_del_norte,11,2015,luis_chasqui,457,19,100,28,15,2,10,,exposed,cep_pan,cephalopholis_panamensis,2,18
bahia_solano,piedra_del_norte,11,2015,luis_chasqui,457,19,100,28,15,2,10,,exposed,cha_hum,chaetodon_humeralis,2,8
bahia_solano,piedra_del_norte,11,2015,luis_chasqui,457,19,100,28,15,2,10,,exposed,chr_atr,chromis_atrilobata,100,8
bahia_solano,piedra_del_norte,11,2015,luis_chasqui,457,19,100,28,15,2,10,,exposed,epi_lab,epinephelus_labriformis,1,13
bahia_solano,piedra_del_norte,11,2015,luis_chasqui,457,19,100,28,15,2,10,,exposed,epi_lab,epinephelus_labriformis,4,18
bahia_solano,piedra_del_norte,11,2015,luis_chasqui,457,19,100,28,15,2,10,,exposed,hal_nic,halichoeres_nicholsi,1,25
bahia_solano,piedra_del_norte,11,2015,luis_chasqui,457,19,100,28,15,2,10,,exposed,hol_pas,holacanthus_passer,2,18
bahia_solano,piedra_del_norte,11,2015,luis_chasqui,457,19,100,28,15,2,10,,exposed,lut_arg,lutjanus_argentiventris,1,18
bahia_solano,piedra_del_norte,11,2015,luis_chasqui,457,19,100,28,15,2,10,,exposed,mul_den,mulloidichthys_dentatus,2,25
bahia_solano,piedra_del_norte,11,2015,luis_chasqui,457,19,100,28,15,2,10,,exposed,par_col,paranthias_colonus,30,13
bahia_solano,piedra_del_norte,11,2015,luis_chasqui,457,19,100,28,15,2,10,,exposed,par_col,paranthias_colonus,20,18
bahia_solano,piedra_del_norte,11,2015,luis_chasqui,457,19,100,28,15,2,10,,exposed,sca_rub,scarus_rubroviolaceus,1,35
bahia_solano,piedra_del_norte,11,2015,luis_chasqui,457,19,100,28,15,2,10,,exposed,ste_aca,stegastes_acapulcoensis,1,13
bahia_solano,piedra_del_norte,11,2015,luis_chasqui,457,19,100,28,15,2,10,,exposed,ste_fla,stegastes_flavilatus,2,8
bahia_solano,piedra_del_norte,11,2015,luis_chasqui,457,19,100,28,15,2,10,,exposed,suf_ver,sufflamen_verres,25,18
bahia_solano,piedra_del_norte,11,2015,luis_chasqui,457,19,100,28,15,2,10,,exposed,tha_luc,thalassoma_lucasanum,50,3
bahia_solano,piedra_del_norte,11,2015,luis_chasqui,457,19,100,28,15,2,10,,exposed,zan_cor,zanclus_cornutus,2,25
bahia_solano,piedra_del_norte,11,2015,luis_chasqui,457,19,100,28,15,2,10,,exposed,pri_lat,prionurus_laticlavius,2,35
bahia_solano,piedra_del_norte,11,2015,luis_chasqui,458,19,100,28,15,2,10,,exposed,aca_xan,acanthurus_xanthopterus,1,35
bahia_solano,piedra_del_norte,11,2015,luis_chasqui,458,19,100,28,15,2,10,,exposed,aro_his,arothron_hispidus,1,25
bahia_solano,piedra_del_norte,11,2015,luis_chasqui,458,19,100,28,15,2,10,,exposed,aro_mel,arothron_meleagris,1,18
bahia_solano,piedra_del_norte,11,2015,luis_chasqui,458,19,100,28,15,2,10,,exposed,bod_dip,bodianus_diplotaenia,1,8
bahia_solano,piedra_del_norte,11,2015,luis_chasqui,458,19,100,28,15,2,10,,exposed,bod_dip,bodianus_diplotaenia,1,18
bahia_solano,piedra_del_norte,11,2015,luis_chasqui,458,19,100,28,15,2,10,,exposed,bod_dip,bodianus_diplotaenia,1,35
bahia_solano,piedra_del_norte,11,2015,luis_chasqui,458,19,100,28,15,2,10,,exposed,can_pun,canthigaster_punctatissima,7,3
bahia_solano,piedra_del_norte,11,2015,luis_chasqui,458,19,100,28,15,2,10,,exposed,cir_oxy,cirrhitichthys_oxycephalus,2,3
bahia_solano,piedra_del_norte,11,2015,luis_chasqui,458,19,100,28,15,2,10,,exposed,epi_lab,epinephelus_labriformis,1,13
bahia_solano,piedra_del_norte,11,2015,luis_chasqui,458,19,100,28,15,2,10,,exposed,epi_lab,epinephelus_labriformis,1,25
bahia_solano,piedra_del_norte,11,2015,luis_chasqui,458,19,100,28,15,2,10,,exposed,hal_chi,halichoeres_chierchiae,1,13
bahia_solano,piedra_del_norte,11,2015,luis_chasqui,458,19,100,28,15,2,10,,exposed,hal_dis,halichoeres_dispilus,10,8
bahia_solano,piedra_del_norte,11,2015,luis_chasqui,458,19,100,28,15,2,10,,exposed,hal_nic,halichoeres_nicholsi,2,25
bahia_solano,piedra_del_norte,11,2015,luis_chasqui,458,19,100,28,15,2,10,,exposed,hol_pas,holacanthus_passer,1,18
bahia_solano,piedra_del_norte,11,2015,luis_chasqui,458,19,100,28,15,2,10,,exposed,myr_lei,myripristis_leiognathus,3,13
bahia_solano,piedra_del_norte,11,2015,luis_chasqui,458,19,100,28,15,2,10,,exposed,pse_nau,pseudobalistes_naufragium,1,35
bahia_solano,piedra_del_norte,11,2015,luis_chasqui,458,19,100,28,15,2,10,,exposed,ste_fla,stegastes_flavilatus,3,3
bahia_solano,piedra_del_norte,11,2015,luis_chasqui,458,19,100,28,15,2,10,,exposed,ste_fla,stegastes_flavilatus,5,8
bahia_solano,piedra_del_norte,11,2015,luis_chasqui,458,19,100,28,15,2,10,,exposed,suf_ver,sufflamen_verres,4,18
bahia_solano,piedra_del_norte,11,2015,luis_chasqui,458,19,100,28,15,2,10,,exposed,tha_luc,thalassoma_lucasanum,200,3
bahia_solano,piedra_del_norte,11,2015,luis_chasqui,458,19,100,28,15,2,10,,exposed,pri_lat,prionurus_laticlavius,2,35
bahia_solano,piedra_del_norte,11,2015,natalia_rincon,459,19,100,28,15,2,15,,exposed,aca_xan,acanthurus_xanthopterus,3,35
bahia_solano,piedra_del_norte,11,2015,natalia_rincon,459,19,100,28,15,2,15,,exposed,aro_mel,arothron_meleagris,2,25
bahia_solano,piedra_del_norte,11,2015,natalia_rincon,459,19,100,28,15,2,15,,exposed,bod_dip,bodianus_diplotaenia,1,8
bahia_solano,piedra_del_norte,11,2015,natalia_rincon,459,19,100,28,15,2,15,,exposed,can_pun,canthigaster_punctatissima,1,3
bahia_solano,piedra_del_norte,11,2015,natalia_rincon,459,19,100,28,15,2,15,,exposed,car_mel,caranx_melampygus,2,45
bahia_solano,piedra_del_norte,11,2015,natalia_rincon,459,19,100,28,15,2,15,,exposed,cir_oxy,cirrhitichthys_oxycephalus,1,3
bahia_solano,piedra_del_norte,11,2015,natalia_rincon,459,19,100,28,15,2,15,,exposed,hal_nic,halichoeres_nicholsi,4,8
bahia_solano,piedra_del_norte,11,2015,natalia_rincon,459,19,100,28,15,2,15,,exposed,hol_pas,holacanthus_passer,5,13
bahia_solano,piedra_del_norte,11,2015,natalia_rincon,459,19,100,28,15,2,15,,exposed,hol_pas,holacanthus_passer,1,18
bahia_solano,piedra_del_norte,11,2015,natalia_rincon,459,19,100,28,15,2,15,,exposed,par_col,paranthias_colonus,8,13
bahia_solano,piedra_del_norte,11,2015,natalia_rincon,459,19,100,28,15,2,15,,exposed,par_col,paranthias_colonus,3,8
bahia_solano,piedra_del_norte,11,2015,natalia_rincon,459,19,100,28,15,2,15,,exposed,pom_zon,pomacanthus_zonipectus,1,18
bahia_solano,piedra_del_norte,11,2015,natalia_rincon,459,19,100,28,15,2,15,,exposed,sca_gho,scarus_ghobban,1,45
bahia_solano,piedra_del_norte,11,2015,natalia_rincon,459,19,100,28,15,2,15,,exposed,ste_fla,stegastes_flavilatus,3,8
bahia_solano,piedra_del_norte,11,2015,natalia_rincon,459,19,100,28,15,2,15,,exposed,suf_ver,sufflamen_verres,5,8
bahia_solano,piedra_del_norte,11,2015,natalia_rincon,459,19,100,28,15,2,15,,exposed,tha_luc,thalassoma_lucasanum,18,10
bahia_solano,piedra_del_norte,11,2015,natalia_rincon,459,19,100,28,15,2,15,,exposed,mal_bre,malacanthus_brevirostris,1,25
bahia_solano,piedra_del_norte,11,2015,natalia_rincon,460,19,100,28,13,2,15,,exposed,aca_xan,acanthurus_xanthopterus,1,45
bahia_solano,piedra_del_norte,11,2015,natalia_rincon,460,19,100,28,13,2,15,,exposed,aro_his,arothron_hispidus,1,25
bahia_solano,piedra_del_norte,11,2015,natalia_rincon,460,19,100,28,13,2,15,,exposed,aro_his,arothron_hispidus,1,35
bahia_solano,piedra_del_norte,11,2015,natalia_rincon,460,19,100,28,13,2,15,,exposed,aro_mel,arothron_meleagris,2,25
bahia_solano,piedra_del_norte,11,2015,natalia_rincon,460,19,100,28,13,2,15,,exposed,can_pun,canthigaster_punctatissima,3,3
bahia_solano,piedra_del_norte,11,2015,natalia_rincon,460,19,100,28,13,2,15,,exposed,cep_pan,cephalopholis_panamensis,2,25
bahia_solano,piedra_del_norte,11,2015,natalia_rincon,460,19,100,28,13,2,15,,exposed,chr_atr,chromis_atrilobata,8,8
bahia_solano,piedra_del_norte,11,2015,natalia_rincon,460,19,100,28,13,2,15,,exposed,epi_lab,epinephelus_labriformis,1,35
bahia_solano,piedra_del_norte,11,2015,natalia_rincon,460,19,100,28,13,2,15,,exposed,hal_chi,halichoeres_chierchiae,1,8
bahia_solano,piedra_del_norte,11,2015,natalia_rincon,460,19,100,28,13,2,15,,exposed,hol_pas,holacanthus_passer,2,13
bahia_solano,piedra_del_norte,11,2015,natalia_rincon,460,19,100,28,13,2,15,,exposed,joh_nig,johnrandallia_nigrirostris,2,8
bahia_solano,piedra_del_norte,11,2015,natalia_rincon,460,19,100,28,13,2,15,,exposed,par_col,paranthias_colonus,10,13
bahia_solano,piedra_del_norte,11,2015,natalia_rincon,460,19,100,28,13,2,15,,exposed,sca_rub,scarus_rubroviolaceus,1,45
bahia_solano,piedra_del_norte,11,2015,natalia_rincon,460,19,100,28,13,2,15,,exposed,ste_fla,stegastes_flavilatus,6,8
bahia_solano,piedra_del_norte,11,2015,natalia_rincon,460,19,100,28,13,2,15,,exposed,suf_ver,sufflamen_verres,19,18
bahia_solano,piedra_del_norte,11,2015,natalia_rincon,460,19,100,28,13,2,15,,exposed,tha_luc,thalassoma_lucasanum,50,3
bahia_solano,piedra_del_norte,11,2015,natalia_rincon,461,19,100,28,15,2,10,,exposed,aro_his,arothron_hispidus,4,35
bahia_solano,piedra_del_norte,11,2015,natalia_rincon,461,19,100,28,15,2,10,,exposed,can_pun,canthigaster_punctatissima,3,3
bahia_solano,piedra_del_norte,11,2015,natalia_rincon,461,19,100,28,15,2,10,,exposed,chr_atr,chromis_atrilobata,10,8
bahia_solano,piedra_del_norte,11,2015,natalia_rincon,461,19,100,28,15,2,10,,exposed,epi_lab,epinephelus_labriformis,1,35
bahia_solano,piedra_del_norte,11,2015,natalia_rincon,461,19,100,28,15,2,10,,exposed,hal_chi,halichoeres_chierchiae,3,8
bahia_solano,piedra_del_norte,11,2015,natalia_rincon,461,19,100,28,15,2,10,,exposed,hal_dis,halichoeres_dispilus,5,3
bahia_solano,piedra_del_norte,11,2015,natalia_rincon,461,19,100,28,15,2,10,,exposed,hal_dis,halichoeres_dispilus,4,8
bahia_solano,piedra_del_norte,11,2015,natalia_rincon,461,19,100,28,15,2,10,,exposed,hal_nic,halichoeres_nicholsi,1,8
bahia_solano,piedra_del_norte,11,2015,natalia_rincon,461,19,100,28,15,2,10,,exposed,nov_tae,novaculichthys_taeniourus,3,25
bahia_solano,piedra_del_norte,11,2015,natalia_rincon,461,19,100,28,15,2,10,,exposed,par_col,paranthias_colonus,6,13
bahia_solano,piedra_del_norte,11,2015,natalia_rincon,461,19,100,28,15,2,10,,exposed,ste_fla,stegastes_flavilatus,3,8
bahia_solano,piedra_del_norte,11,2015,natalia_rincon,461,19,100,28,15,2,10,,exposed,suf_ver,sufflamen_verres,26,13
bahia_solano,piedra_del_norte,11,2015,natalia_rincon,461,19,100,28,15,2,10,,exposed,suf_ver,sufflamen_verres,13,18
bahia_solano,piedra_del_norte,11,2015,natalia_rincon,462,19,100,28,14,2,10,,exposed,aca_xan,acanthurus_xanthopterus,6,45
bahia_solano,piedra_del_norte,11,2015,natalia_rincon,462,19,100,28,14,2,10,,exposed,aro_his,arothron_hispidus,2,35
bahia_solano,piedra_del_norte,11,2015,natalia_rincon,462,19,100,28,14,2,10,,exposed,aro_mel,arothron_meleagris,1,25
bahia_solano,piedra_del_norte,11,2015,natalia_rincon,462,19,100,28,14,2,10,,exposed,bod_dip,bodianus_diplotaenia,3,13
bahia_solano,piedra_del_norte,11,2015,natalia_rincon,462,19,100,28,14,2,10,,exposed,can_pun,canthigaster_punctatissima,2,3
bahia_solano,piedra_del_norte,11,2015,natalia_rincon,462,19,100,28,14,2,10,,exposed,cep_pan,cephalopholis_panamensis,2,25
bahia_solano,piedra_del_norte,11,2015,natalia_rincon,462,19,100,28,14,2,10,,exposed,cha_hum,chaetodon_humeralis,2,8
bahia_solano,piedra_del_norte,11,2015,natalia_rincon,462,19,100,28,14,2,10,,exposed,chr_atr,chromis_atrilobata,80,8
bahia_solano,piedra_del_norte,11,2015,natalia_rincon,462,19,100,28,14,2,10,,exposed,epi_lab,epinephelus_labriformis,2,18
bahia_solano,piedra_del_norte,11,2015,natalia_rincon,462,19,100,28,14,2,10,,exposed,epi_lab,epinephelus_labriformis,1,25
bahia_solano,piedra_del_norte,11,2015,natalia_rincon,462,19,100,28,14,2,10,,exposed,fis_com,fistularia_commersonii,1,25
bahia_solano,piedra_del_norte,11,2015,natalia_rincon,462,19,100,28,14,2,10,,exposed,hol_pas,holacanthus_passer,2,8
bahia_solano,piedra_del_norte,11,2015,natalia_rincon,462,19,100,28,14,2,10,,exposed,mul_den,mulloidichthys_dentatus,2,25
bahia_solano,piedra_del_norte,11,2015,natalia_rincon,462,19,100,28,14,2,10,,exposed,par_col,paranthias_colonus,6,8
bahia_solano,piedra_del_norte,11,2015,natalia_rincon,462,19,100,28,14,2,10,,exposed,ste_fla,stegastes_flavilatus,12,8
bahia_solano,piedra_del_norte,11,2015,natalia_rincon,462,19,100,28,14,2,10,,exposed,suf_ver,sufflamen_verres,9,13
bahia_solano,piedra_del_norte,11,2015,natalia_rincon,462,19,100,28,14,2,10,,exposed,tha_luc,thalassoma_lucasanum,50,3
bahia_solano,piedra_de_zapata,11,2015,luis_chasqui,463,20,100,28,10,2,10,,exposed,abu_tro,abudefduf_troschelii,2,13
bahia_solano,piedra_de_zapata,11,2015,luis_chasqui,463,20,100,28,10,2,10,,exposed,aca_xan,acanthurus_xanthopterus,23,35
bahia_solano,piedra_de_zapata,11,2015,luis_chasqui,463,20,100,28,10,2,10,,exposed,can_mac,canthidermis_maculata,500,35
bahia_solano,piedra_de_zapata,11,2015,luis_chasqui,463,20,100,28,10,2,10,,exposed,can_pun,canthigaster_punctatissima,5,3
bahia_solano,piedra_de_zapata,11,2015,luis_chasqui,463,20,100,28,10,2,10,,exposed,cep_pan,cephalopholis_panamensis,1,13
bahia_solano,piedra_de_zapata,11,2015,luis_chasqui,463,20,100,28,10,2,10,,exposed,cir_oxy,cirrhitichthys_oxycephalus,2,3
bahia_solano,piedra_de_zapata,11,2015,luis_chasqui,463,20,100,28,10,2,10,,exposed,hal_dis,halichoeres_dispilus,50,8
bahia_solano,piedra_de_zapata,11,2015,luis_chasqui,463,20,100,28,10,2,10,,exposed,hal_nic,halichoeres_nicholsi,2,18
bahia_solano,piedra_de_zapata,11,2015,luis_chasqui,463,20,100,28,10,2,10,,exposed,hal_nic,halichoeres_nicholsi,1,35
bahia_solano,piedra_de_zapata,11,2015,luis_chasqui,463,20,100,28,10,2,10,,exposed,hol_pas,holacanthus_passer,2,18
bahia_solano,piedra_de_zapata,11,2015,luis_chasqui,463,20,100,28,10,2,10,,exposed,joh_nig,johnrandallia_nigrirostris,4,3
bahia_solano,piedra_de_zapata,11,2015,luis_chasqui,463,20,100,28,10,2,10,,exposed,lut_arg,lutjanus_argentiventris,3,35
bahia_solano,piedra_de_zapata,11,2015,luis_chasqui,463,20,100,28,10,2,10,,exposed,mul_den,mulloidichthys_dentatus,1,25
bahia_solano,piedra_de_zapata,11,2015,luis_chasqui,463,20,100,28,10,2,10,,exposed,par_col,paranthias_colonus,3,3
bahia_solano,piedra_de_zapata,11,2015,luis_chasqui,463,20,100,28,10,2,10,,exposed,par_col,paranthias_colonus,104,18
bahia_solano,piedra_de_zapata,11,2015,luis_chasqui,463,20,100,28,10,2,10,,exposed,pse_nau,pseudobalistes_naufragium,2,35
bahia_solano,piedra_de_zapata,11,2015,luis_chasqui,463,20,100,28,10,2,10,,exposed,sca_rub,scarus_rubroviolaceus,1,25
bahia_solano,piedra_de_zapata,11,2015,luis_chasqui,463,20,100,28,10,2,10,,exposed,ste_fla,stegastes_flavilatus,1,3
bahia_solano,piedra_de_zapata,11,2015,luis_chasqui,463,20,100,28,10,2,10,,exposed,ste_fla,stegastes_flavilatus,5,8
bahia_solano,piedra_de_zapata,11,2015,luis_chasqui,463,20,100,28,10,2,10,,exposed,suf_ver,sufflamen_verres,5,18
bahia_solano,piedra_de_zapata,11,2015,luis_chasqui,463,20,100,28,10,2,10,,exposed,tha_luc,thalassoma_lucasanum,120,3
bahia_solano,piedra_de_zapata,11,2015,luis_chasqui,463,20,100,28,10,2,10,,exposed,mal_bre,malacanthus_brevirostris,1,25
bahia_solano,piedra_de_zapata,11,2015,luis_chasqui,464,20,100,28,10,2,10,,exposed,aca_xan,acanthurus_xanthopterus,11,35
bahia_solano,piedra_de_zapata,11,2015,luis_chasqui,464,20,100,28,10,2,10,,exposed,aro_mel,arothron_meleagris,1,18
bahia_solano,piedra_de_zapata,11,2015,luis_chasqui,464,20,100,28,10,2,10,,exposed,can_mac,canthidermis_maculata,100,35
bahia_solano,piedra_de_zapata,11,2015,luis_chasqui,464,20,100,28,10,2,10,,exposed,can_pun,canthigaster_punctatissima,4,3
bahia_solano,piedra_de_zapata,11,2015,luis_chasqui,464,20,100,28,10,2,10,,exposed,hal_chi,halichoeres_chierchiae,2,13
bahia_solano,piedra_de_zapata,11,2015,luis_chasqui,464,20,100,28,10,2,10,,exposed,hal_dis,halichoeres_dispilus,50,8
bahia_solano,piedra_de_zapata,11,2015,luis_chasqui,464,20,100,28,10,2,10,,exposed,hal_dis,halichoeres_dispilus,5,13
bahia_solano,piedra_de_zapata,11,2015,luis_chasqui,464,20,100,28,10,2,10,,exposed,hal_nic,halichoeres_nicholsi,2,13
bahia_solano,piedra_de_zapata,11,2015,luis_chasqui,464,20,100,28,10,2,10,,exposed,hol_pas,holacanthus_passer,1,13
bahia_solano,piedra_de_zapata,11,2015,luis_chasqui,464,20,100,28,10,2,10,,exposed,hol_pas,holacanthus_passer,1,18
bahia_solano,piedra_de_zapata,11,2015,luis_chasqui,464,20,100,28,10,2,10,,exposed,pse_nau,pseudobalistes_naufragium,1,45
bahia_solano,piedra_de_zapata,11,2015,luis_chasqui,464,20,100,28,10,2,10,,exposed,sca_rub,scarus_rubroviolaceus,1,25
bahia_solano,piedra_de_zapata,11,2015,luis_chasqui,464,20,100,28,10,2,10,,exposed,sca_rub,scarus_rubroviolaceus,1,45
bahia_solano,piedra_de_zapata,11,2015,luis_chasqui,464,20,100,28,10,2,10,,exposed,sca_rub,scarus_rubroviolaceus,1,55
bahia_solano,piedra_de_zapata,11,2015,luis_chasqui,464,20,100,28,10,2,10,,exposed,sca_rub,scarus_rubroviolaceus,1,65
bahia_solano,piedra_de_zapata,11,2015,luis_chasqui,464,20,100,28,10,2,10,,exposed,ser_psi,serranus_psittacinus,1,8
bahia_solano,piedra_de_zapata,11,2015,luis_chasqui,464,20,100,28,10,2,10,,exposed,ste_fla,stegastes_flavilatus,10,8
bahia_solano,piedra_de_zapata,11,2015,luis_chasqui,464,20,100,28,10,2,10,,exposed,suf_ver,sufflamen_verres,1,3
bahia_solano,piedra_de_zapata,11,2015,luis_chasqui,464,20,100,28,10,2,10,,exposed,suf_ver,sufflamen_verres,1,8
bahia_solano,piedra_de_zapata,11,2015,luis_chasqui,464,20,100,28,10,2,10,,exposed,suf_ver,sufflamen_verres,2,18
bahia_solano,piedra_de_zapata,11,2015,luis_chasqui,464,20,100,28,10,2,10,,exposed,suf_ver,sufflamen_verres,1,35
bahia_solano,piedra_de_zapata,11,2015,luis_chasqui,464,20,100,28,10,2,10,,exposed,tha_luc,thalassoma_lucasanum,1000,3
bahia_solano,piedra_de_zapata,11,2015,luis_chasqui,465,20,100,28,11,2,10,,exposed,aca_xan,acanthurus_xanthopterus,4,35
bahia_solano,piedra_de_zapata,11,2015,luis_chasqui,465,20,100,28,11,2,10,,exposed,aro_his,arothron_hispidus,1,18
bahia_solano,piedra_de_zapata,11,2015,luis_chasqui,465,20,100,28,11,2,10,,exposed,bod_dip,bodianus_diplotaenia,2,18
bahia_solano,piedra_de_zapata,11,2015,luis_chasqui,465,20,100,28,11,2,10,,exposed,can_mac,canthidermis_maculata,100,35
bahia_solano,piedra_de_zapata,11,2015,luis_chasqui,465,20,100,28,11,2,10,,exposed,can_pun,canthigaster_punctatissima,4,3
bahia_solano,piedra_de_zapata,11,2015,luis_chasqui,465,20,100,28,11,2,10,,exposed,car_cab,caranx_caballus,2,45
bahia_solano,piedra_de_zapata,11,2015,luis_chasqui,465,20,100,28,11,2,10,,exposed,cep_pan,cephalopholis_panamensis,1,13
bahia_solano,piedra_de_zapata,11,2015,luis_chasqui,465,20,100,28,11,2,10,,exposed,cep_pan,cephalopholis_panamensis,2,18
bahia_solano,piedra_de_zapata,11,2015,luis_chasqui,465,20,100,28,11,2,10,,exposed,cha_hum,chaetodon_humeralis,1,8
bahia_solano,piedra_de_zapata,11,2015,luis_chasqui,465,20,100,28,11,2,10,,exposed,chr_atr,chromis_atrilobata,2,8
bahia_solano,piedra_de_zapata,11,2015,luis_chasqui,465,20,100,28,11,2,10,,exposed,epi_lab,epinephelus_labriformis,1,35
bahia_solano,piedra_de_zapata,11,2015,luis_chasqui,465,20,100,28,11,2,10,,exposed,hae_ste,haemulon_steindachneri,1,35
bahia_solano,piedra_de_zapata,11,2015,luis_chasqui,465,20,100,28,11,2,10,,exposed,hal_dis,halichoeres_dispilus,50,8
bahia_solano,piedra_de_zapata,11,2015,luis_chasqui,465,20,100,28,11,2,10,,exposed,hal_dis,halichoeres_dispilus,1,13
bahia_solano,piedra_de_zapata,11,2015,luis_chasqui,465,20,100,28,11,2,10,,exposed,hal_nic,halichoeres_nicholsi,2,13
bahia_solano,piedra_de_zapata,11,2015,luis_chasqui,465,20,100,28,11,2,10,,exposed,hal_nic,halichoeres_nicholsi,1,18
bahia_solano,piedra_de_zapata,11,2015,luis_chasqui,465,20,100,28,11,2,10,,exposed,hol_pas,holacanthus_passer,1,25
bahia_solano,piedra_de_zapata,11,2015,luis_chasqui,465,20,100,28,11,2,10,,exposed,joh_nig,johnrandallia_nigrirostris,7,8
bahia_solano,piedra_de_zapata,11,2015,luis_chasqui,465,20,100,28,11,2,10,,exposed,par_col,paranthias_colonus,30,18
bahia_solano,piedra_de_zapata,11,2015,luis_chasqui,465,20,100,28,11,2,10,,exposed,sca_gho,scarus_ghobban,1,8
bahia_solano,piedra_de_zapata,11,2015,luis_chasqui,465,20,100,28,11,2,10,,exposed,sca_rub,scarus_rubroviolaceus,1,45
bahia_solano,piedra_de_zapata,11,2015,luis_chasqui,465,20,100,28,11,2,10,,exposed,sco_mys,scorpaena_mystes,1,13
bahia_solano,piedra_de_zapata,11,2015,luis_chasqui,465,20,100,28,11,2,10,,exposed,ser_psi,serranus_psittacinus,1,8
bahia_solano,piedra_de_zapata,11,2015,luis_chasqui,465,20,100,28,11,2,10,,exposed,ste_fla,stegastes_flavilatus,4,8
bahia_solano,piedra_de_zapata,11,2015,luis_chasqui,465,20,100,28,11,2,10,,exposed,suf_ver,sufflamen_verres,8,18
bahia_solano,piedra_de_zapata,11,2015,luis_chasqui,466,20,100,28,11,2,10,,exposed,aca_xan,acanthurus_xanthopterus,100,35
bahia_solano,piedra_de_zapata,11,2015,luis_chasqui,466,20,100,28,11,2,10,,exposed,aro_his,arothron_hispidus,1,25
bahia_solano,piedra_de_zapata,11,2015,luis_chasqui,466,20,100,28,11,2,10,,exposed,can_mac,canthidermis_maculata,100,35
bahia_solano,piedra_de_zapata,11,2015,luis_chasqui,466,20,100,28,11,2,10,,exposed,can_pun,canthigaster_punctatissima,7,3
bahia_solano,piedra_de_zapata,11,2015,luis_chasqui,466,20,100,28,11,2,10,,exposed,cep_pan,cephalopholis_panamensis,1,18
bahia_solano,piedra_de_zapata,11,2015,luis_chasqui,466,20,100,28,11,2,10,,exposed,fis_com,fistularia_commersonii,1,45
bahia_solano,piedra_de_zapata,11,2015,luis_chasqui,466,20,100,28,11,2,10,,exposed,hal_dis,halichoeres_dispilus,100,8
bahia_solano,piedra_de_zapata,11,2015,luis_chasqui,466,20,100,28,11,2,10,,exposed,hal_nic,halichoeres_nicholsi,2,8
bahia_solano,piedra_de_zapata,11,2015,luis_chasqui,466,20,100,28,11,2,10,,exposed,hol_pas,holacanthus_passer,2,25
bahia_solano,piedra_de_zapata,11,2015,luis_chasqui,466,20,100,28,11,2,10,,exposed,pse_nau,pseudobalistes_naufragium,1,45
bahia_solano,piedra_de_zapata,11,2015,luis_chasqui,466,20,100,28,11,2,10,,exposed,sca_com,scarus_compressus,2,35
bahia_solano,piedra_de_zapata,11,2015,luis_chasqui,466,20,100,28,11,2,10,,exposed,sca_rub,scarus_rubroviolaceus,2,25
bahia_solano,piedra_de_zapata,11,2015,luis_chasqui,466,20,100,28,11,2,10,,exposed,ser_psi,serranus_psittacinus,2,8
bahia_solano,piedra_de_zapata,11,2015,luis_chasqui,466,20,100,28,11,2,10,,exposed,ser_psi,serranus_psittacinus,2,8
bahia_solano,piedra_de_zapata,11,2015,luis_chasqui,466,20,100,28,11,2,10,,exposed,suf_ver,sufflamen_verres,3,18
bahia_solano,piedra_de_zapata,11,2015,luis_chasqui,466,20,100,28,11,2,10,,exposed,tha_luc,thalassoma_lucasanum,100,8
bahia_solano,piedra_de_zapata,11,2015,luis_chasqui,466,20,100,28,11,2,10,,exposed,tha_luc,thalassoma_lucasanum,1,13
bahia_solano,piedra_de_zapata,11,2015,luis_chasqui,466,20,100,28,11,2,10,,exposed,mal_bre,malacanthus_brevirostris,1,25
bahia_solano,piedra_de_zapata,11,2015,natalia_rincon,467,20,100,28,10,2,10,,exposed,aca_xan,acanthurus_xanthopterus,8,35
bahia_solano,piedra_de_zapata,11,2015,natalia_rincon,467,20,100,28,10,2,10,,exposed,can_mac,canthidermis_maculata,72,25
bahia_solano,piedra_de_zapata,11,2015,natalia_rincon,467,20,100,28,10,2,10,,exposed,can_pun,canthigaster_punctatissima,3,3
bahia_solano,piedra_de_zapata,11,2015,natalia_rincon,467,20,100,28,10,2,10,,exposed,car_cab,caranx_caballus,2,35
bahia_solano,piedra_de_zapata,11,2015,natalia_rincon,467,20,100,28,10,2,10,,exposed,cep_pan,cephalopholis_panamensis,1,35
bahia_solano,piedra_de_zapata,11,2015,natalia_rincon,467,20,100,28,10,2,10,,exposed,chr_atr,chromis_atrilobata,13,8
bahia_solano,piedra_de_zapata,11,2015,natalia_rincon,467,20,100,28,10,2,10,,exposed,dio_hol,diodon_holocanthus,1,35
bahia_solano,piedra_de_zapata,11,2015,natalia_rincon,467,20,100,28,10,2,10,,exposed,epi_lab,epinephelus_labriformis,2,35
bahia_solano,piedra_de_zapata,11,2015,natalia_rincon,467,20,100,28,10,2,10,,exposed,hal_chi,halichoeres_chierchiae,2,8
bahia_solano,piedra_de_zapata,11,2015,natalia_rincon,467,20,100,28,10,2,10,,exposed,hol_pas,holacanthus_passer,2,13
bahia_solano,piedra_de_zapata,11,2015,natalia_rincon,467,20,100,28,10,2,10,,exposed,joh_nig,johnrandallia_nigrirostris,4,8
bahia_solano,piedra_de_zapata,11,2015,natalia_rincon,467,20,100,28,10,2,10,,exposed,kyp_ana,kyphosus_vaigiensis,1,25
bahia_solano,piedra_de_zapata,11,2015,natalia_rincon,467,20,100,28,10,2,10,,exposed,lut_arg,lutjanus_argentiventris,1,25
bahia_solano,piedra_de_zapata,11,2015,natalia_rincon,467,20,100,28,10,2,10,,exposed,lut_arg,lutjanus_argentiventris,1,35
bahia_solano,piedra_de_zapata,11,2015,natalia_rincon,467,20,100,28,10,2,10,,exposed,lut_vir,lutjanus_viridis,3,25
bahia_solano,piedra_de_zapata,11,2015,natalia_rincon,467,20,100,28,10,2,10,,exposed,sca_rub,scarus_rubroviolaceus,4,25
bahia_solano,piedra_de_zapata,11,2015,natalia_rincon,467,20,100,28,10,2,10,,exposed,sca_rub,scarus_rubroviolaceus,1,35
bahia_solano,piedra_de_zapata,11,2015,natalia_rincon,467,20,100,28,10,2,10,,exposed,ste_fla,stegastes_flavilatus,2,8
bahia_solano,piedra_de_zapata,11,2015,natalia_rincon,467,20,100,28,10,2,10,,exposed,suf_ver,sufflamen_verres,3,13
bahia_solano,piedra_de_zapata,11,2015,natalia_rincon,467,20,100,28,10,2,10,,exposed,tha_luc,thalassoma_lucasanum,160,3
bahia_solano,piedra_de_zapata,11,2015,natalia_rincon,468,20,100,28,10,2,10,,exposed,aro_his,arothron_hispidus,1,25
bahia_solano,piedra_de_zapata,11,2015,natalia_rincon,468,20,100,28,10,2,10,,exposed,aro_mel,arothron_meleagris,1,18
bahia_solano,piedra_de_zapata,11,2015,natalia_rincon,468,20,100,28,10,2,10,,exposed,bod_dip,bodianus_diplotaenia,2,3
bahia_solano,piedra_de_zapata,11,2015,natalia_rincon,468,20,100,28,10,2,10,,exposed,can_pun,canthigaster_punctatissima,3,3
bahia_solano,piedra_de_zapata,11,2015,natalia_rincon,468,20,100,28,10,2,10,,exposed,cep_pan,cephalopholis_panamensis,2,25
bahia_solano,piedra_de_zapata,11,2015,natalia_rincon,468,20,100,28,10,2,10,,exposed,cir_oxy,cirrhitichthys_oxycephalus,1,3
bahia_solano,piedra_de_zapata,11,2015,natalia_rincon,468,20,100,28,10,2,10,,exposed,epi_lab,epinephelus_labriformis,3,35
bahia_solano,piedra_de_zapata,11,2015,natalia_rincon,468,20,100,28,10,2,10,,exposed,hal_chi,halichoeres_chierchiae,4,3
bahia_solano,piedra_de_zapata,11,2015,natalia_rincon,468,20,100,28,10,2,10,,exposed,hal_chi,halichoeres_chierchiae,7,8
bahia_solano,piedra_de_zapata,11,2015,natalia_rincon,468,20,100,28,10,2,10,,exposed,hol_pas,holacanthus_passer,1,13
bahia_solano,piedra_de_zapata,11,2015,natalia_rincon,468,20,100,28,10,2,10,,exposed,hol_pas,holacanthus_passer,1,18
bahia_solano,piedra_de_zapata,11,2015,natalia_rincon,468,20,100,28,10,2,10,,exposed,pse_nau,pseudobalistes_naufragium,1,25
bahia_solano,piedra_de_zapata,11,2015,natalia_rincon,468,20,100,28,10,2,10,,exposed,sca_gho,scarus_ghobban,1,35
bahia_solano,piedra_de_zapata,11,2015,natalia_rincon,468,20,100,28,10,2,10,,exposed,sca_rub,scarus_rubroviolaceus,1,25
bahia_solano,piedra_de_zapata,11,2015,natalia_rincon,468,20,100,28,10,2,10,,exposed,sca_rub,scarus_rubroviolaceus,1,45
bahia_solano,piedra_de_zapata,11,2015,natalia_rincon,468,20,100,28,10,2,10,,exposed,ste_fla,stegastes_flavilatus,2,3
bahia_solano,piedra_de_zapata,11,2015,natalia_rincon,468,20,100,28,10,2,10,,exposed,ste_fla,stegastes_flavilatus,3,13
bahia_solano,piedra_de_zapata,11,2015,natalia_rincon,468,20,100,28,10,2,10,,exposed,suf_ver,sufflamen_verres,6,8
bahia_solano,piedra_de_zapata,11,2015,natalia_rincon,468,20,100,28,10,2,10,,exposed,suf_ver,sufflamen_verres,9,13
bahia_solano,piedra_de_zapata,11,2015,natalia_rincon,468,20,100,28,10,2,10,,exposed,tha_luc,thalassoma_lucasanum,250,3
bahia_solano,piedra_de_zapata,11,2015,natalia_rincon,468,20,100,28,10,2,10,,exposed,tha_luc,thalassoma_lucasanum,10,8
bahia_solano,piedra_de_zapata,11,2015,natalia_rincon,468,20,100,28,10,2,10,,exposed,pri_lat,prionurus_laticlavius,2,35
bahia_solano,piedra_de_zapata,11,2015,natalia_rincon,469,20,100,28,10,2,10,,exposed,aro_mel,arothron_meleagris,1,25
bahia_solano,piedra_de_zapata,11,2015,natalia_rincon,469,20,100,28,10,2,10,,exposed,bod_dip,bodianus_diplotaenia,2,13
bahia_solano,piedra_de_zapata,11,2015,natalia_rincon,469,20,100,28,10,2,10,,exposed,bod_dip,bodianus_diplotaenia,1,18
bahia_solano,piedra_de_zapata,11,2015,natalia_rincon,469,20,100,28,10,2,10,,exposed,can_pun,canthigaster_punctatissima,3,3
bahia_solano,piedra_de_zapata,11,2015,natalia_rincon,469,20,100,28,10,2,10,,exposed,car_cab,caranx_caballus,6,35
bahia_solano,piedra_de_zapata,11,2015,natalia_rincon,469,20,100,28,10,2,10,,exposed,cep_pan,cephalopholis_panamensis,3,13
bahia_solano,piedra_de_zapata,11,2015,natalia_rincon,469,20,100,28,10,2,10,,exposed,cep_pan,cephalopholis_panamensis,1,25
bahia_solano,piedra_de_zapata,11,2015,natalia_rincon,469,20,100,28,10,2,10,,exposed,epi_lab,epinephelus_labriformis,1,25
bahia_solano,piedra_de_zapata,11,2015,natalia_rincon,469,20,100,28,10,2,10,,exposed,hal_chi,halichoeres_chierchiae,4,3
bahia_solano,piedra_de_zapata,11,2015,natalia_rincon,469,20,100,28,10,2,10,,exposed,hal_chi,halichoeres_chierchiae,4,8
bahia_solano,piedra_de_zapata,11,2015,natalia_rincon,469,20,100,28,10,2,10,,exposed,hal_nic,halichoeres_nicholsi,11,8
bahia_solano,piedra_de_zapata,11,2015,natalia_rincon,469,20,100,28,10,2,10,,exposed,joh_nig,johnrandallia_nigrirostris,2,8
bahia_solano,piedra_de_zapata,11,2015,natalia_rincon,469,20,100,28,10,2,10,,exposed,lut_gut,lutjanus_guttatus,1,35
bahia_solano,piedra_de_zapata,11,2015,natalia_rincon,469,20,100,28,10,2,10,,exposed,par_col,paranthias_colonus,3,13
bahia_solano,piedra_de_zapata,11,2015,natalia_rincon,469,20,100,28,10,2,10,,exposed,pse_nau,pseudobalistes_naufragium,1,45
bahia_solano,piedra_de_zapata,11,2015,natalia_rincon,469,20,100,28,10,2,10,,exposed,sca_com,scarus_compressus,1,13
bahia_solano,piedra_de_zapata,11,2015,natalia_rincon,469,20,100,28,10,2,10,,exposed,sca_gho,scarus_ghobban,1,13
bahia_solano,piedra_de_zapata,11,2015,natalia_rincon,469,20,100,28,10,2,10,,exposed,sca_rub,scarus_rubroviolaceus,1,35
bahia_solano,piedra_de_zapata,11,2015,natalia_rincon,469,20,100,28,10,2,10,,exposed,ser_psi,serranus_psittacinus,1,8
bahia_solano,piedra_de_zapata,11,2015,natalia_rincon,469,20,100,28,10,2,10,,exposed,ste_fla,stegastes_flavilatus,3,3
bahia_solano,piedra_de_zapata,11,2015,natalia_rincon,469,20,100,28,10,2,10,,exposed,ste_fla,stegastes_flavilatus,10,8
bahia_solano,piedra_de_zapata,11,2015,natalia_rincon,469,20,100,28,10,2,10,,exposed,suf_ver,sufflamen_verres,9,13
bahia_solano,piedra_de_zapata,11,2015,natalia_rincon,469,20,100,28,10,2,10,,exposed,tha_luc,thalassoma_lucasanum,30,3
bahia_solano,piedra_de_zapata,11,2015,natalia_rincon,470,20,100,28,11,2,10,,exposed,can_mac,canthidermis_maculata,70,25
bahia_solano,piedra_de_zapata,11,2015,natalia_rincon,470,20,100,28,11,2,10,,exposed,can_pun,canthigaster_punctatissima,5,3
bahia_solano,piedra_de_zapata,11,2015,natalia_rincon,470,20,100,28,11,2,10,,exposed,car_cab,caranx_caballus,2,35
bahia_solano,piedra_de_zapata,11,2015,natalia_rincon,470,20,100,28,11,2,10,,exposed,epi_lab,epinephelus_labriformis,1,25
bahia_solano,piedra_de_zapata,11,2015,natalia_rincon,470,20,100,28,11,2,10,,exposed,hal_chi,halichoeres_chierchiae,9,3
bahia_solano,piedra_de_zapata,11,2015,natalia_rincon,470,20,100,28,11,2,10,,exposed,hal_chi,halichoeres_chierchiae,15,8
bahia_solano,piedra_de_zapata,11,2015,natalia_rincon,470,20,100,28,11,2,10,,exposed,hal_dis,halichoeres_dispilus,30,3
bahia_solano,piedra_de_zapata,11,2015,natalia_rincon,470,20,100,28,11,2,10,,exposed,hal_dis,halichoeres_dispilus,3,8
bahia_solano,piedra_de_zapata,11,2015,natalia_rincon,470,20,100,28,11,2,10,,exposed,hal_nic,halichoeres_nicholsi,2,8
bahia_solano,piedra_de_zapata,11,2015,natalia_rincon,470,20,100,28,11,2,10,,exposed,hol_pas,holacanthus_passer,2,13
bahia_solano,piedra_de_zapata,11,2015,natalia_rincon,470,20,100,28,11,2,10,,exposed,hol_pas,holacanthus_passer,2,18
bahia_solano,piedra_de_zapata,11,2015,natalia_rincon,470,20,100,28,11,2,10,,exposed,lut_arg,lutjanus_argentiventris,1,35
bahia_solano,piedra_de_zapata,11,2015,natalia_rincon,470,20,100,28,11,2,10,,exposed,sca_rub,scarus_rubroviolaceus,3,13
bahia_solano,piedra_de_zapata,11,2015,natalia_rincon,470,20,100,28,11,2,10,,exposed,ste_fla,stegastes_flavilatus,4,8